review_id,date,company,segment,product,category_true,sentiment_true,text
1,2025-12-05,Initech,Enterprise,InsightBoard,feature_request,neutral,Would love to see a dark mode added to InsightBoard in a future release.
2,2026-03-02,Soylent Corp,Startup,DataSync Pro,feature_request,neutral,Would love to see a dark mode added to DataSync Pro in a future release.
3,2026-06-01,Umbrella Labs,Startup,QuickReport,billing,neutral,We were double-charged for QuickReport this month and support at Umbrella Labs has been slow to respond.
4,2026-04-19,Soylent Corp,Enterprise,FlowPilot,onboarding,neutral,The onboarding docs for FlowPilot are a bit outdated but our team at Soylent Corp figured it out eventually.
5,2026-01-05,Acme Corp,SMB,FlowPilot,support,negative,Opened a ticket about FlowPilot five days ago and still no response from support.
6,2025-10-12,Globex Inc,SMB,DataSync Pro,performance,negative,"Dashboard loads take over 30 seconds in DataSync Pro, this is unacceptable for Globex Inc's reporting needs."
7,2026-08-15,Cyberdyne Systems,Enterprise,InsightBoard,praise,positive,"The new InsightBoard update is fantastic, our team at Cyberdyne Systems loves the redesigned interface."
8,2026-01-27,Hooli,Startup,DataSync Pro,onboarding,neutral,The onboarding docs for DataSync Pro are a bit outdated but our team at Hooli figured it out eventually.
9,2026-08-03,Wayne Analytics,Enterprise,MetricHub,feature_request,neutral,Any plans to add SSO support to MetricHub? We'd need that to expand usage at Wayne Analytics.
10,2025-12-28,Umbrella Labs,Enterprise,InsightBoard,billing,negative,Getting a refund for the InsightBoard overcharge took three weeks. Very frustrating billing process.
11,2026-02-06,Stark Data Systems,Startup,FlowPilot,billing,negative,The invoice for FlowPilot doesn't match our contract pricing -- billing needs to fix this ASAP.
12,2026-07-21,Umbrella Labs,Startup,InsightBoard,support,negative,The support team at Umbrella Labs keeps closing our InsightBoard tickets without actually resolving the issue.
13,2025-12-06,Acme Corp,Startup,MetricHub,billing,negative,Getting a refund for the MetricHub overcharge took three weeks. Very frustrating billing process.
14,2026-07-11,Stark Data Systems,Enterprise,MetricHub,bug,negative,MetricHub's new filter feature crashes the app when we select more than 5 tags.
15,2026-03-09,Umbrella Labs,SMB,DataSync Pro,praise,positive,"DataSync Pro has completely streamlined reporting for Umbrella Labs, couldn't be happier with the results."
16,2026-07-16,Cyberdyne Systems,Enterprise,InsightBoard,billing,negative,We were double-charged for InsightBoard this month and support at Cyberdyne Systems has been slow to respond.
17,2025-11-08,Massive Dynamic,SMB,QuickReport,bug,negative,Data sync between QuickReport and our CRM has been dropping records intermittently.
18,2026-06-14,Soylent Corp,Startup,InsightBoard,feature_request,neutral,Any plans to add SSO support to InsightBoard? We'd need that to expand usage at Soylent Corp.
19,2026-05-16,Wayne Analytics,Enterprise,QuickReport,onboarding,neutral,"Setup for QuickReport took longer than expected, would be nice to have a clearer setup wizard."
20,2025-11-26,Globex Inc,Startup,QuickReport,billing,negative,We were double-charged for QuickReport this month and support at Globex Inc has been slow to respond.
21,2026-03-20,Cyberdyne Systems,SMB,DataSync Pro,feature_request,neutral,It would help Cyberdyne Systems a lot if DataSync Pro supported bulk export to Excel.
22,2026-07-24,Stark Data Systems,Enterprise,MetricHub,bug,negative,Data sync between MetricHub and our CRM has been dropping records intermittently.
23,2026-02-04,Soylent Corp,Startup,InsightBoard,billing,negative,Getting a refund for the InsightBoard overcharge took three weeks. Very frustrating billing process.
24,2026-08-24,Acme Corp,Enterprise,FlowPilot,support,neutral,The support team at Acme Corp keeps closing our FlowPilot tickets without actually resolving the issue.
25,2026-07-10,Acme Corp,Enterprise,MetricHub,support,negative,Support wait times for MetricHub have gotten noticeably worse this quarter.
26,2026-05-25,Acme Corp,Enterprise,InsightBoard,praise,positive,Support resolved our InsightBoard issue within the hour -- great experience overall.
27,2025-09-04,Cyberdyne Systems,SMB,InsightBoard,onboarding,positive,The onboarding docs for InsightBoard are a bit outdated but our team at Cyberdyne Systems figured it out eventually.
28,2026-06-03,Umbrella Labs,Enterprise,DataSync Pro,support,negative,The support team at Umbrella Labs keeps closing our DataSync Pro tickets without actually resolving the issue.
29,2026-09-05,Massive Dynamic,Startup,DataSync Pro,billing,negative,Getting a refund for the DataSync Pro overcharge took three weeks. Very frustrating billing process.
30,2026-01-17,Massive Dynamic,Enterprise,MetricHub,performance,negative,We're seeing frequent 500 errors in MetricHub during peak hours.
31,2026-08-07,Umbrella Labs,Startup,MetricHub,praise,positive,MetricHub just works. Rock solid uptime and the Umbrella Labs team is very satisfied.
32,2026-05-15,Hooli,SMB,InsightBoard,feature_request,neutral,It would help Hooli a lot if InsightBoard supported bulk export to Excel.
33,2025-09-19,Umbrella Labs,SMB,DataSync Pro,billing,negative,We were double-charged for DataSync Pro this month and support at Umbrella Labs has been slow to respond.
34,2025-10-23,Cyberdyne Systems,Enterprise,QuickReport,onboarding,neutral,The onboarding docs for QuickReport are a bit outdated but our team at Cyberdyne Systems figured it out eventually.
35,2026-02-03,Umbrella Labs,Enterprise,DataSync Pro,feature_request,neutral,Would love to see a dark mode added to DataSync Pro in a future release.
36,2026-05-05,Stark Data Systems,Enterprise,FlowPilot,onboarding,neutral,The onboarding docs for FlowPilot are a bit outdated but our team at Stark Data Systems figured it out eventually.
37,2026-09-16,Cyberdyne Systems,Enterprise,FlowPilot,feature_request,neutral,Any plans to add SSO support to FlowPilot? We'd need that to expand usage at Cyberdyne Systems.
38,2026-07-14,Umbrella Labs,Enterprise,DataSync Pro,praise,positive,DataSync Pro just works. Rock solid uptime and the Umbrella Labs team is very satisfied.
39,2025-09-22,Hooli,Startup,FlowPilot,support,negative,The support team at Hooli keeps closing our FlowPilot tickets without actually resolving the issue.
40,2026-08-11,Globex Inc,SMB,DataSync Pro,feature_request,positive,Any plans to add SSO support to DataSync Pro? We'd need that to expand usage at Globex Inc.
41,2026-05-15,Umbrella Labs,Enterprise,QuickReport,praise,positive,"QuickReport has completely streamlined reporting for Umbrella Labs, couldn't be happier with the results."
42,2025-12-28,Acme Corp,SMB,InsightBoard,performance,negative,"Dashboard loads take over 30 seconds in InsightBoard, this is unacceptable for Acme Corp's reporting needs."
43,2026-07-18,Soylent Corp,Enterprise,DataSync Pro,billing,negative,The invoice for DataSync Pro doesn't match our contract pricing -- billing needs to fix this ASAP.
44,2026-03-16,Globex Inc,Enterprise,QuickReport,praise,positive,"QuickReport has completely streamlined reporting for Globex Inc, couldn't be happier with the results."
45,2026-03-01,Hooli,Enterprise,DataSync Pro,bug,negative,Found a bug in DataSync Pro where exported reports show the wrong currency symbol.
46,2026-08-24,Massive Dynamic,SMB,InsightBoard,bug,negative,InsightBoard's new filter feature crashes the app when we select more than 5 tags.
47,2025-12-02,Acme Corp,SMB,QuickReport,praise,positive,QuickReport just works. Rock solid uptime and the Acme Corp team is very satisfied.
48,2026-02-02,Soylent Corp,Startup,DataSync Pro,onboarding,neutral,New team members at Soylent Corp find the DataSync Pro admin console confusing at first.
49,2025-11-02,Massive Dynamic,Startup,MetricHub,billing,negative,Getting a refund for the MetricHub overcharge took three weeks. Very frustrating billing process.
50,2025-10-22,Acme Corp,Startup,DataSync Pro,onboarding,positive,The onboarding docs for DataSync Pro are a bit outdated but our team at Acme Corp figured it out eventually.
51,2025-12-19,Hooli,Startup,DataSync Pro,praise,positive,Support resolved our DataSync Pro issue within the hour -- great experience overall.
52,2026-07-19,Cyberdyne Systems,SMB,DataSync Pro,onboarding,neutral,The onboarding docs for DataSync Pro are a bit outdated but our team at Cyberdyne Systems figured it out eventually.
53,2026-07-23,Wayne Analytics,Enterprise,InsightBoard,onboarding,neutral,New team members at Wayne Analytics find the InsightBoard admin console confusing at first.
54,2026-07-21,Stark Data Systems,Enterprise,FlowPilot,support,negative,Opened a ticket about FlowPilot five days ago and still no response from support.
55,2026-04-20,Wayne Analytics,Enterprise,DataSync Pro,support,negative,The support team at Wayne Analytics keeps closing our DataSync Pro tickets without actually resolving the issue.
56,2026-05-09,Globex Inc,Enterprise,MetricHub,onboarding,neutral,The onboarding docs for MetricHub are a bit outdated but our team at Globex Inc figured it out eventually.
57,2026-01-06,Globex Inc,SMB,QuickReport,performance,negative,"Dashboard loads take over 30 seconds in QuickReport, this is unacceptable for Globex Inc's reporting needs."
58,2026-05-01,Stark Data Systems,Startup,MetricHub,bug,negative,Data sync between MetricHub and our CRM has been dropping records intermittently.
59,2026-01-04,Stark Data Systems,Enterprise,DataSync Pro,feature_request,positive,Any plans to add SSO support to DataSync Pro? We'd need that to expand usage at Stark Data Systems.
60,2026-01-20,Soylent Corp,SMB,QuickReport,billing,negative,Getting a refund for the QuickReport overcharge took three weeks. Very frustrating billing process.
61,2026-07-28,Wayne Analytics,Startup,QuickReport,performance,negative,We're seeing frequent 500 errors in QuickReport during peak hours.
62,2025-10-21,Massive Dynamic,Enterprise,InsightBoard,support,negative,Support wait times for InsightBoard have gotten noticeably worse this quarter.
63,2026-09-05,Initech,SMB,DataSync Pro,bug,negative,DataSync Pro's new filter feature crashes the app when we select more than 5 tags.
64,2026-08-14,Acme Corp,Startup,FlowPilot,feature_request,neutral,It would help Acme Corp a lot if FlowPilot supported bulk export to Excel.
65,2025-11-18,Globex Inc,Startup,DataSync Pro,onboarding,neutral,The onboarding docs for DataSync Pro are a bit outdated but our team at Globex Inc figured it out eventually.
66,2026-03-05,Cyberdyne Systems,Enterprise,MetricHub,billing,negative,The invoice for MetricHub doesn't match our contract pricing -- billing needs to fix this ASAP.
67,2025-12-22,Wayne Analytics,SMB,DataSync Pro,billing,negative,The invoice for DataSync Pro doesn't match our contract pricing -- billing needs to fix this ASAP.
68,2026-03-20,Globex Inc,Startup,InsightBoard,performance,negative,We're seeing frequent 500 errors in InsightBoard during peak hours.
69,2026-03-01,Umbrella Labs,Enterprise,QuickReport,feature_request,neutral,Would love to see a dark mode added to QuickReport in a future release.
70,2026-08-26,Wayne Analytics,Startup,FlowPilot,performance,negative,We're seeing frequent 500 errors in FlowPilot during peak hours.
71,2025-09-28,Acme Corp,SMB,DataSync Pro,performance,negative,"Dashboard loads take over 30 seconds in DataSync Pro, this is unacceptable for Acme Corp's reporting needs."
72,2026-01-27,Umbrella Labs,SMB,FlowPilot,bug,negative,Found a bug in FlowPilot where exported reports show the wrong currency symbol.
73,2025-12-13,Umbrella Labs,Startup,DataSync Pro,praise,positive,Support resolved our DataSync Pro issue within the hour -- great experience overall.
74,2026-07-17,Globex Inc,SMB,InsightBoard,support,negative,The support team at Globex Inc keeps closing our InsightBoard tickets without actually resolving the issue.
75,2025-10-09,Soylent Corp,Enterprise,InsightBoard,bug,negative,Data sync between InsightBoard and our CRM has been dropping records intermittently.
76,2026-06-14,Stark Data Systems,Enterprise,DataSync Pro,performance,negative,We're seeing frequent 500 errors in DataSync Pro during peak hours.
77,2026-05-04,Wayne Analytics,Startup,FlowPilot,support,negative,Support wait times for FlowPilot have gotten noticeably worse this quarter.
78,2026-08-14,Umbrella Labs,Enterprise,InsightBoard,bug,negative,Data sync between InsightBoard and our CRM has been dropping records intermittently.
79,2026-03-03,Soylent Corp,SMB,QuickReport,billing,negative,Getting a refund for the QuickReport overcharge took three weeks. Very frustrating billing process.
80,2025-10-24,Cyberdyne Systems,Startup,InsightBoard,feature_request,positive,It would help Cyberdyne Systems a lot if InsightBoard supported bulk export to Excel.
81,2026-03-23,Stark Data Systems,SMB,FlowPilot,support,negative,Support wait times for FlowPilot have gotten noticeably worse this quarter.
82,2026-07-13,Acme Corp,SMB,QuickReport,support,negative,Support wait times for QuickReport have gotten noticeably worse this quarter.
83,2026-01-13,Acme Corp,Startup,MetricHub,feature_request,neutral,Any plans to add SSO support to MetricHub? We'd need that to expand usage at Acme Corp.
84,2026-03-26,Stark Data Systems,Enterprise,InsightBoard,onboarding,neutral,The onboarding docs for InsightBoard are a bit outdated but our team at Stark Data Systems figured it out eventually.
85,2026-04-22,Wayne Analytics,SMB,FlowPilot,onboarding,neutral,New team members at Wayne Analytics find the FlowPilot admin console confusing at first.
86,2025-10-10,Massive Dynamic,Startup,QuickReport,performance,negative,We're seeing frequent 500 errors in QuickReport during peak hours.
87,2026-09-08,Cyberdyne Systems,Enterprise,InsightBoard,onboarding,neutral,New team members at Cyberdyne Systems find the InsightBoard admin console confusing at first.
88,2025-09-02,Umbrella Labs,Enterprise,QuickReport,feature_request,neutral,It would help Umbrella Labs a lot if QuickReport supported bulk export to Excel.
89,2026-03-21,Cyberdyne Systems,SMB,DataSync Pro,performance,negative,"Dashboard loads take over 30 seconds in DataSync Pro, this is unacceptable for Cyberdyne Systems's reporting needs."
90,2025-12-05,Hooli,SMB,FlowPilot,onboarding,neutral,The onboarding docs for FlowPilot are a bit outdated but our team at Hooli figured it out eventually.
91,2025-12-06,Initech,SMB,DataSync Pro,feature_request,neutral,Any plans to add SSO support to DataSync Pro? We'd need that to expand usage at Initech.
92,2025-10-15,Initech,Enterprise,MetricHub,praise,positive,MetricHub just works. Rock solid uptime and the Initech team is very satisfied.
93,2026-02-25,Soylent Corp,Startup,MetricHub,performance,negative,"Dashboard loads take over 30 seconds in MetricHub, this is unacceptable for Soylent Corp's reporting needs."
94,2026-04-06,Soylent Corp,Startup,FlowPilot,bug,negative,Data sync between FlowPilot and our CRM has been dropping records intermittently.
95,2026-07-09,Massive Dynamic,Enterprise,InsightBoard,feature_request,neutral,It would help Massive Dynamic a lot if InsightBoard supported bulk export to Excel.
96,2025-10-23,Umbrella Labs,SMB,InsightBoard,praise,positive,InsightBoard just works. Rock solid uptime and the Umbrella Labs team is very satisfied.
97,2026-05-03,Stark Data Systems,SMB,InsightBoard,support,neutral,Opened a ticket about InsightBoard five days ago and still no response from support.
98,2025-11-23,Umbrella Labs,Startup,FlowPilot,performance,negative,"FlowPilot has been timing out constantly since the last update, our team at Umbrella Labs can't get work done."
99,2026-05-15,Hooli,SMB,FlowPilot,performance,negative,"FlowPilot has been timing out constantly since the last update, our team at Hooli can't get work done."
100,2026-09-19,Umbrella Labs,SMB,FlowPilot,bug,negative,Found a bug in FlowPilot where exported reports show the wrong currency symbol.
101,2025-09-12,Cyberdyne Systems,SMB,FlowPilot,feature_request,neutral,Would love to see a dark mode added to FlowPilot in a future release.
102,2026-08-18,Hooli,Startup,MetricHub,support,negative,The support team at Hooli keeps closing our MetricHub tickets without actually resolving the issue.
103,2026-03-16,Massive Dynamic,SMB,QuickReport,praise,positive,Support resolved our QuickReport issue within the hour -- great experience overall.
104,2025-11-27,Wayne Analytics,Startup,FlowPilot,billing,negative,The invoice for FlowPilot doesn't match our contract pricing -- billing needs to fix this ASAP.
105,2026-03-19,Cyberdyne Systems,Enterprise,MetricHub,bug,negative,Found a bug in MetricHub where exported reports show the wrong currency symbol.
106,2026-03-05,Initech,Startup,DataSync Pro,onboarding,neutral,New team members at Initech find the DataSync Pro admin console confusing at first.
107,2026-03-11,Acme Corp,SMB,DataSync Pro,praise,neutral,DataSync Pro just works. Rock solid uptime and the Acme Corp team is very satisfied.
108,2026-01-25,Wayne Analytics,SMB,InsightBoard,performance,negative,"Dashboard loads take over 30 seconds in InsightBoard, this is unacceptable for Wayne Analytics's reporting needs."
109,2025-09-24,Stark Data Systems,SMB,DataSync Pro,praise,positive,DataSync Pro just works. Rock solid uptime and the Stark Data Systems team is very satisfied.
110,2025-10-25,Wayne Analytics,Startup,QuickReport,onboarding,neutral,The onboarding docs for QuickReport are a bit outdated but our team at Wayne Analytics figured it out eventually.
111,2025-09-20,Initech,Enterprise,QuickReport,feature_request,neutral,Would love to see a dark mode added to QuickReport in a future release.
112,2025-10-19,Acme Corp,Startup,FlowPilot,performance,negative,"FlowPilot has been timing out constantly since the last update, our team at Acme Corp can't get work done."
113,2026-06-20,Stark Data Systems,Enterprise,InsightBoard,performance,negative,"Dashboard loads take over 30 seconds in InsightBoard, this is unacceptable for Stark Data Systems's reporting needs."
114,2025-10-19,Globex Inc,SMB,QuickReport,feature_request,neutral,Any plans to add SSO support to QuickReport? We'd need that to expand usage at Globex Inc.
115,2026-08-07,Cyberdyne Systems,SMB,FlowPilot,billing,neutral,The invoice for FlowPilot doesn't match our contract pricing -- billing needs to fix this ASAP.
116,2026-09-10,Umbrella Labs,Startup,DataSync Pro,billing,negative,Getting a refund for the DataSync Pro overcharge took three weeks. Very frustrating billing process.
117,2026-05-14,Cyberdyne Systems,SMB,DataSync Pro,praise,positive,"DataSync Pro has completely streamlined reporting for Cyberdyne Systems, couldn't be happier with the results."
118,2026-02-01,Globex Inc,Startup,MetricHub,feature_request,neutral,It would help Globex Inc a lot if MetricHub supported bulk export to Excel.
119,2026-02-21,Massive Dynamic,SMB,DataSync Pro,praise,positive,DataSync Pro just works. Rock solid uptime and the Massive Dynamic team is very satisfied.
120,2026-08-17,Acme Corp,Enterprise,FlowPilot,praise,positive,FlowPilot just works. Rock solid uptime and the Acme Corp team is very satisfied.
121,2026-04-14,Cyberdyne Systems,SMB,MetricHub,feature_request,neutral,It would help Cyberdyne Systems a lot if MetricHub supported bulk export to Excel.
122,2026-01-15,Wayne Analytics,Enterprise,QuickReport,praise,positive,"The new QuickReport update is fantastic, our team at Wayne Analytics loves the redesigned interface."
123,2026-03-11,Cyberdyne Systems,Startup,MetricHub,performance,negative,"Dashboard loads take over 30 seconds in MetricHub, this is unacceptable for Cyberdyne Systems's reporting needs."
124,2025-12-12,Wayne Analytics,SMB,QuickReport,billing,negative,The invoice for QuickReport doesn't match our contract pricing -- billing needs to fix this ASAP.
125,2026-08-09,Wayne Analytics,Startup,InsightBoard,praise,positive,"The new InsightBoard update is fantastic, our team at Wayne Analytics loves the redesigned interface."
126,2025-12-24,Soylent Corp,Enterprise,QuickReport,onboarding,neutral,The onboarding docs for QuickReport are a bit outdated but our team at Soylent Corp figured it out eventually.
127,2026-04-21,Soylent Corp,Startup,QuickReport,bug,negative,QuickReport's new filter feature crashes the app when we select more than 5 tags.
128,2026-01-08,Massive Dynamic,Enterprise,DataSync Pro,feature_request,neutral,It would help Massive Dynamic a lot if DataSync Pro supported bulk export to Excel.
129,2026-06-12,Umbrella Labs,Startup,InsightBoard,bug,negative,Data sync between InsightBoard and our CRM has been dropping records intermittently.
130,2026-08-18,Soylent Corp,SMB,InsightBoard,bug,negative,Data sync between InsightBoard and our CRM has been dropping records intermittently.
131,2026-01-08,Massive Dynamic,SMB,InsightBoard,support,negative,The support team at Massive Dynamic keeps closing our InsightBoard tickets without actually resolving the issue.
132,2026-08-18,Umbrella Labs,Enterprise,InsightBoard,billing,negative,Getting a refund for the InsightBoard overcharge took three weeks. Very frustrating billing process.
133,2026-04-09,Umbrella Labs,Startup,QuickReport,praise,positive,Support resolved our QuickReport issue within the hour -- great experience overall.
134,2025-10-27,Soylent Corp,SMB,MetricHub,feature_request,neutral,Any plans to add SSO support to MetricHub? We'd need that to expand usage at Soylent Corp.
135,2026-01-01,Umbrella Labs,Enterprise,InsightBoard,performance,neutral,"Dashboard loads take over 30 seconds in InsightBoard, this is unacceptable for Umbrella Labs's reporting needs."
136,2025-09-18,Acme Corp,Enterprise,InsightBoard,feature_request,neutral,Any plans to add SSO support to InsightBoard? We'd need that to expand usage at Acme Corp.
137,2025-09-19,Acme Corp,Enterprise,FlowPilot,support,negative,Support wait times for FlowPilot have gotten noticeably worse this quarter.
138,2025-11-02,Massive Dynamic,SMB,FlowPilot,support,negative,The support team at Massive Dynamic keeps closing our FlowPilot tickets without actually resolving the issue.
139,2026-04-03,Globex Inc,SMB,DataSync Pro,support,negative,The support team at Globex Inc keeps closing our DataSync Pro tickets without actually resolving the issue.
140,2026-09-19,Initech,Enterprise,QuickReport,onboarding,neutral,New team members at Initech find the QuickReport admin console confusing at first.
141,2026-09-14,Umbrella Labs,Startup,DataSync Pro,support,negative,Opened a ticket about DataSync Pro five days ago and still no response from support.
142,2026-03-15,Cyberdyne Systems,Startup,QuickReport,onboarding,neutral,New team members at Cyberdyne Systems find the QuickReport admin console confusing at first.
143,2026-06-20,Cyberdyne Systems,SMB,FlowPilot,bug,negative,FlowPilot's new filter feature crashes the app when we select more than 5 tags.
144,2025-12-09,Globex Inc,Startup,QuickReport,billing,negative,Getting a refund for the QuickReport overcharge took three weeks. Very frustrating billing process.
145,2026-05-03,Acme Corp,Enterprise,QuickReport,feature_request,neutral,Would love to see a dark mode added to QuickReport in a future release.
146,2026-06-16,Hooli,Startup,FlowPilot,performance,negative,"FlowPilot has been timing out constantly since the last update, our team at Hooli can't get work done."
147,2026-01-23,Umbrella Labs,Startup,InsightBoard,support,neutral,Opened a ticket about InsightBoard five days ago and still no response from support.
148,2026-09-26,Globex Inc,SMB,QuickReport,praise,positive,QuickReport just works. Rock solid uptime and the Globex Inc team is very satisfied.
149,2026-05-08,Umbrella Labs,Enterprise,FlowPilot,feature_request,neutral,Any plans to add SSO support to FlowPilot? We'd need that to expand usage at Umbrella Labs.
150,2025-09-06,Stark Data Systems,Enterprise,QuickReport,feature_request,neutral,Would love to see a dark mode added to QuickReport in a future release.
151,2026-04-04,Cyberdyne Systems,SMB,MetricHub,praise,positive,"The new MetricHub update is fantastic, our team at Cyberdyne Systems loves the redesigned interface."
152,2026-05-18,Stark Data Systems,SMB,FlowPilot,bug,negative,Data sync between FlowPilot and our CRM has been dropping records intermittently.
153,2026-03-24,Globex Inc,Enterprise,MetricHub,bug,negative,MetricHub's new filter feature crashes the app when we select more than 5 tags.
154,2025-12-22,Stark Data Systems,Enterprise,DataSync Pro,support,negative,Support wait times for DataSync Pro have gotten noticeably worse this quarter.
155,2026-09-25,Stark Data Systems,Enterprise,MetricHub,praise,positive,"MetricHub has completely streamlined reporting for Stark Data Systems, couldn't be happier with the results."
156,2025-11-19,Soylent Corp,SMB,FlowPilot,performance,negative,"Dashboard loads take over 30 seconds in FlowPilot, this is unacceptable for Soylent Corp's reporting needs."
157,2026-02-14,Massive Dynamic,SMB,DataSync Pro,bug,negative,Data sync between DataSync Pro and our CRM has been dropping records intermittently.
158,2026-03-23,Globex Inc,SMB,QuickReport,support,negative,The support team at Globex Inc keeps closing our QuickReport tickets without actually resolving the issue.
159,2026-04-03,Hooli,Enterprise,MetricHub,bug,negative,MetricHub's new filter feature crashes the app when we select more than 5 tags.
160,2026-05-27,Wayne Analytics,SMB,DataSync Pro,support,negative,The support team at Wayne Analytics keeps closing our DataSync Pro tickets without actually resolving the issue.
161,2025-09-07,Soylent Corp,SMB,FlowPilot,billing,negative,Getting a refund for the FlowPilot overcharge took three weeks. Very frustrating billing process.
162,2026-04-25,Cyberdyne Systems,Startup,FlowPilot,onboarding,neutral,"Setup for FlowPilot took longer than expected, would be nice to have a clearer setup wizard."
163,2026-01-15,Stark Data Systems,Enterprise,MetricHub,billing,negative,We were double-charged for MetricHub this month and support at Stark Data Systems has been slow to respond.
164,2026-06-26,Globex Inc,Startup,DataSync Pro,feature_request,neutral,It would help Globex Inc a lot if DataSync Pro supported bulk export to Excel.
165,2025-09-18,Acme Corp,Startup,InsightBoard,performance,neutral,We're seeing frequent 500 errors in InsightBoard during peak hours.
166,2025-10-21,Umbrella Labs,SMB,DataSync Pro,bug,negative,Found a bug in DataSync Pro where exported reports show the wrong currency symbol.
167,2026-08-09,Massive Dynamic,Startup,InsightBoard,praise,positive,Support resolved our InsightBoard issue within the hour -- great experience overall.
168,2026-05-05,Massive Dynamic,SMB,QuickReport,bug,negative,QuickReport's new filter feature crashes the app when we select more than 5 tags.
169,2025-11-28,Cyberdyne Systems,Startup,MetricHub,bug,negative,Found a bug in MetricHub where exported reports show the wrong currency symbol.
170,2026-01-27,Hooli,Startup,InsightBoard,billing,negative,The invoice for InsightBoard doesn't match our contract pricing -- billing needs to fix this ASAP.
171,2026-07-16,Stark Data Systems,Startup,MetricHub,billing,negative,The invoice for MetricHub doesn't match our contract pricing -- billing needs to fix this ASAP.
172,2026-02-11,Massive Dynamic,SMB,MetricHub,praise,positive,Support resolved our MetricHub issue within the hour -- great experience overall.
173,2025-12-23,Hooli,SMB,FlowPilot,onboarding,neutral,New team members at Hooli find the FlowPilot admin console confusing at first.
174,2025-09-11,Hooli,SMB,QuickReport,performance,negative,We're seeing frequent 500 errors in QuickReport during peak hours.
175,2026-09-27,Hooli,Startup,FlowPilot,feature_request,neutral,It would help Hooli a lot if FlowPilot supported bulk export to Excel.
176,2026-05-19,Massive Dynamic,Enterprise,DataSync Pro,feature_request,neutral,Would love to see a dark mode added to DataSync Pro in a future release.
177,2026-04-01,Massive Dynamic,Startup,DataSync Pro,support,negative,Opened a ticket about DataSync Pro five days ago and still no response from support.
178,2026-04-26,Hooli,Enterprise,QuickReport,feature_request,neutral,Would love to see a dark mode added to QuickReport in a future release.
179,2025-10-28,Cyberdyne Systems,Startup,FlowPilot,support,negative,The support team at Cyberdyne Systems keeps closing our FlowPilot tickets without actually resolving the issue.
180,2026-07-23,Soylent Corp,SMB,FlowPilot,support,negative,Support wait times for FlowPilot have gotten noticeably worse this quarter.
181,2025-10-08,Soylent Corp,Startup,DataSync Pro,praise,positive,DataSync Pro just works. Rock solid uptime and the Soylent Corp team is very satisfied.
182,2025-10-14,Stark Data Systems,Startup,QuickReport,feature_request,neutral,Any plans to add SSO support to QuickReport? We'd need that to expand usage at Stark Data Systems.
183,2026-08-10,Globex Inc,Enterprise,FlowPilot,billing,negative,Getting a refund for the FlowPilot overcharge took three weeks. Very frustrating billing process.
184,2026-02-12,Wayne Analytics,SMB,DataSync Pro,billing,negative,We were double-charged for DataSync Pro this month and support at Wayne Analytics has been slow to respond.
185,2026-06-22,Umbrella Labs,SMB,MetricHub,bug,negative,Found a bug in MetricHub where exported reports show the wrong currency symbol.
186,2026-06-28,Acme Corp,Enterprise,QuickReport,praise,positive,Support resolved our QuickReport issue within the hour -- great experience overall.
187,2025-11-08,Umbrella Labs,Startup,FlowPilot,bug,negative,Data sync between FlowPilot and our CRM has been dropping records intermittently.
188,2026-07-01,Stark Data Systems,SMB,FlowPilot,bug,negative,Data sync between FlowPilot and our CRM has been dropping records intermittently.
189,2025-10-15,Stark Data Systems,Enterprise,MetricHub,praise,positive,MetricHub just works. Rock solid uptime and the Stark Data Systems team is very satisfied.
190,2026-01-15,Stark Data Systems,Startup,FlowPilot,support,negative,Support wait times for FlowPilot have gotten noticeably worse this quarter.
191,2025-10-08,Umbrella Labs,SMB,FlowPilot,praise,positive,"The new FlowPilot update is fantastic, our team at Umbrella Labs loves the redesigned interface."
192,2026-08-10,Wayne Analytics,SMB,MetricHub,bug,negative,Data sync between MetricHub and our CRM has been dropping records intermittently.
193,2026-06-28,Hooli,Enterprise,InsightBoard,billing,negative,Getting a refund for the InsightBoard overcharge took three weeks. Very frustrating billing process.
194,2026-04-27,Initech,Startup,MetricHub,feature_request,neutral,Any plans to add SSO support to MetricHub? We'd need that to expand usage at Initech.
195,2026-07-07,Cyberdyne Systems,Enterprise,InsightBoard,support,negative,Opened a ticket about InsightBoard five days ago and still no response from support.
196,2026-07-02,Acme Corp,Startup,DataSync Pro,onboarding,neutral,"Setup for DataSync Pro took longer than expected, would be nice to have a clearer setup wizard."
197,2026-08-05,Initech,SMB,MetricHub,support,negative,The support team at Initech keeps closing our MetricHub tickets without actually resolving the issue.
198,2025-12-05,Wayne Analytics,Enterprise,FlowPilot,billing,negative,The invoice for FlowPilot doesn't match our contract pricing -- billing needs to fix this ASAP.
199,2025-11-09,Soylent Corp,SMB,MetricHub,praise,positive,"The new MetricHub update is fantastic, our team at Soylent Corp loves the redesigned interface."
200,2026-04-03,Stark Data Systems,Enterprise,InsightBoard,praise,positive,InsightBoard just works. Rock solid uptime and the Stark Data Systems team is very satisfied.
201,2025-10-26,Hooli,SMB,MetricHub,performance,negative,"MetricHub has been timing out constantly since the last update, our team at Hooli can't get work done."
202,2026-04-12,Stark Data Systems,Enterprise,MetricHub,bug,negative,Found a bug in MetricHub where exported reports show the wrong currency symbol.
203,2026-07-12,Stark Data Systems,SMB,MetricHub,feature_request,neutral,Any plans to add SSO support to MetricHub? We'd need that to expand usage at Stark Data Systems.
204,2026-06-18,Umbrella Labs,Enterprise,FlowPilot,billing,negative,Getting a refund for the FlowPilot overcharge took three weeks. Very frustrating billing process.
205,2026-04-23,Umbrella Labs,Startup,DataSync Pro,support,negative,Support wait times for DataSync Pro have gotten noticeably worse this quarter.
206,2025-09-02,Hooli,Enterprise,DataSync Pro,support,negative,Support wait times for DataSync Pro have gotten noticeably worse this quarter.
207,2026-05-05,Globex Inc,Enterprise,DataSync Pro,support,negative,The support team at Globex Inc keeps closing our DataSync Pro tickets without actually resolving the issue.
208,2026-06-24,Wayne Analytics,SMB,MetricHub,bug,negative,MetricHub's new filter feature crashes the app when we select more than 5 tags.
209,2026-06-14,Hooli,SMB,DataSync Pro,feature_request,neutral,Would love to see a dark mode added to DataSync Pro in a future release.
210,2026-04-08,Wayne Analytics,SMB,QuickReport,support,neutral,Opened a ticket about QuickReport five days ago and still no response from support.
211,2026-07-12,Globex Inc,Startup,InsightBoard,praise,positive,"The new InsightBoard update is fantastic, our team at Globex Inc loves the redesigned interface."
212,2026-04-03,Stark Data Systems,Enterprise,QuickReport,billing,negative,The invoice for QuickReport doesn't match our contract pricing -- billing needs to fix this ASAP.
213,2026-09-11,Cyberdyne Systems,Enterprise,DataSync Pro,feature_request,neutral,Would love to see a dark mode added to DataSync Pro in a future release.
214,2026-09-18,Cyberdyne Systems,Enterprise,QuickReport,performance,negative,"QuickReport has been timing out constantly since the last update, our team at Cyberdyne Systems can't get work done."
215,2026-09-05,Umbrella Labs,SMB,QuickReport,performance,negative,We're seeing frequent 500 errors in QuickReport during peak hours.
216,2026-05-09,Stark Data Systems,Enterprise,QuickReport,praise,positive,"QuickReport has completely streamlined reporting for Stark Data Systems, couldn't be happier with the results."
217,2025-09-12,Globex Inc,Enterprise,DataSync Pro,praise,positive,Support resolved our DataSync Pro issue within the hour -- great experience overall.
218,2025-11-09,Cyberdyne Systems,Enterprise,InsightBoard,praise,positive,Support resolved our InsightBoard issue within the hour -- great experience overall.
219,2026-08-03,Hooli,Enterprise,MetricHub,billing,negative,We were double-charged for MetricHub this month and support at Hooli has been slow to respond.
220,2025-10-15,Wayne Analytics,Startup,MetricHub,bug,negative,MetricHub's new filter feature crashes the app when we select more than 5 tags.
221,2026-09-28,Cyberdyne Systems,Startup,DataSync Pro,onboarding,neutral,The onboarding docs for DataSync Pro are a bit outdated but our team at Cyberdyne Systems figured it out eventually.
222,2025-09-02,Stark Data Systems,Startup,FlowPilot,feature_request,neutral,Any plans to add SSO support to FlowPilot? We'd need that to expand usage at Stark Data Systems.
223,2026-08-15,Hooli,SMB,DataSync Pro,bug,negative,DataSync Pro's new filter feature crashes the app when we select more than 5 tags.
224,2025-10-05,Wayne Analytics,Enterprise,MetricHub,billing,negative,We were double-charged for MetricHub this month and support at Wayne Analytics has been slow to respond.
225,2026-02-13,Cyberdyne Systems,Startup,MetricHub,support,negative,Support wait times for MetricHub have gotten noticeably worse this quarter.
226,2026-06-14,Stark Data Systems,Startup,FlowPilot,onboarding,neutral,New team members at Stark Data Systems find the FlowPilot admin console confusing at first.
227,2025-12-14,Globex Inc,Startup,MetricHub,billing,neutral,Getting a refund for the MetricHub overcharge took three weeks. Very frustrating billing process.
228,2026-03-14,Hooli,SMB,InsightBoard,bug,negative,Found a bug in InsightBoard where exported reports show the wrong currency symbol.
229,2026-07-09,Wayne Analytics,SMB,FlowPilot,feature_request,neutral,Would love to see a dark mode added to FlowPilot in a future release.
230,2025-10-03,Massive Dynamic,Enterprise,DataSync Pro,support,neutral,Opened a ticket about DataSync Pro five days ago and still no response from support.
231,2025-09-19,Wayne Analytics,Startup,QuickReport,bug,negative,Found a bug in QuickReport where exported reports show the wrong currency symbol.
232,2026-02-28,Wayne Analytics,SMB,DataSync Pro,onboarding,neutral,New team members at Wayne Analytics find the DataSync Pro admin console confusing at first.
233,2026-01-12,Initech,Startup,InsightBoard,feature_request,neutral,It would help Initech a lot if InsightBoard supported bulk export to Excel.
234,2026-07-16,Soylent Corp,Enterprise,QuickReport,billing,negative,Getting a refund for the QuickReport overcharge took three weeks. Very frustrating billing process.
235,2025-10-25,Wayne Analytics,SMB,MetricHub,performance,negative,"MetricHub has been timing out constantly since the last update, our team at Wayne Analytics can't get work done."
236,2026-09-27,Umbrella Labs,Startup,FlowPilot,support,negative,Support wait times for FlowPilot have gotten noticeably worse this quarter.
237,2026-07-27,Soylent Corp,Startup,DataSync Pro,onboarding,neutral,New team members at Soylent Corp find the DataSync Pro admin console confusing at first.
238,2026-08-25,Initech,SMB,QuickReport,feature_request,neutral,It would help Initech a lot if QuickReport supported bulk export to Excel.
239,2025-11-19,Wayne Analytics,Enterprise,DataSync Pro,support,negative,The support team at Wayne Analytics keeps closing our DataSync Pro tickets without actually resolving the issue.
240,2026-07-01,Globex Inc,Startup,QuickReport,feature_request,neutral,It would help Globex Inc a lot if QuickReport supported bulk export to Excel.
241,2026-03-15,Soylent Corp,SMB,QuickReport,billing,negative,Getting a refund for the QuickReport overcharge took three weeks. Very frustrating billing process.
242,2026-02-25,Wayne Analytics,Startup,InsightBoard,support,negative,Opened a ticket about InsightBoard five days ago and still no response from support.
243,2025-11-25,Globex Inc,Enterprise,DataSync Pro,onboarding,neutral,New team members at Globex Inc find the DataSync Pro admin console confusing at first.
244,2026-07-14,Globex Inc,SMB,InsightBoard,onboarding,neutral,The onboarding docs for InsightBoard are a bit outdated but our team at Globex Inc figured it out eventually.
245,2025-12-25,Massive Dynamic,SMB,FlowPilot,bug,negative,Data sync between FlowPilot and our CRM has been dropping records intermittently.
246,2026-01-22,Wayne Analytics,Enterprise,FlowPilot,onboarding,neutral,The onboarding docs for FlowPilot are a bit outdated but our team at Wayne Analytics figured it out eventually.
247,2026-01-02,Massive Dynamic,Startup,MetricHub,feature_request,neutral,Any plans to add SSO support to MetricHub? We'd need that to expand usage at Massive Dynamic.
248,2025-12-10,Cyberdyne Systems,Enterprise,DataSync Pro,performance,negative,"Dashboard loads take over 30 seconds in DataSync Pro, this is unacceptable for Cyberdyne Systems's reporting needs."
249,2025-10-01,Stark Data Systems,SMB,InsightBoard,performance,negative,"InsightBoard has been timing out constantly since the last update, our team at Stark Data Systems can't get work done."
250,2026-03-18,Hooli,Enterprise,QuickReport,bug,neutral,Data sync between QuickReport and our CRM has been dropping records intermittently.
251,2026-09-12,Soylent Corp,Startup,MetricHub,feature_request,neutral,Would love to see a dark mode added to MetricHub in a future release.
252,2026-04-03,Initech,Enterprise,FlowPilot,billing,negative,The invoice for FlowPilot doesn't match our contract pricing -- billing needs to fix this ASAP.
253,2026-03-23,Cyberdyne Systems,Startup,FlowPilot,praise,positive,"The new FlowPilot update is fantastic, our team at Cyberdyne Systems loves the redesigned interface."
254,2025-09-11,Stark Data Systems,SMB,DataSync Pro,feature_request,neutral,It would help Stark Data Systems a lot if DataSync Pro supported bulk export to Excel.
255,2026-03-28,Massive Dynamic,Enterprise,InsightBoard,performance,negative,We're seeing frequent 500 errors in InsightBoard during peak hours.
256,2026-05-03,Hooli,SMB,MetricHub,billing,negative,We were double-charged for MetricHub this month and support at Hooli has been slow to respond.
257,2026-09-06,Wayne Analytics,SMB,QuickReport,bug,negative,QuickReport's new filter feature crashes the app when we select more than 5 tags.
258,2025-12-25,Globex Inc,Startup,MetricHub,billing,negative,Getting a refund for the MetricHub overcharge took three weeks. Very frustrating billing process.
259,2025-11-09,Acme Corp,Enterprise,QuickReport,support,negative,The support team at Acme Corp keeps closing our QuickReport tickets without actually resolving the issue.
260,2025-10-06,Cyberdyne Systems,Startup,QuickReport,performance,negative,"QuickReport has been timing out constantly since the last update, our team at Cyberdyne Systems can't get work done."
261,2026-04-22,Massive Dynamic,Startup,MetricHub,praise,neutral,MetricHub just works. Rock solid uptime and the Massive Dynamic team is very satisfied.
262,2026-02-05,Cyberdyne Systems,Startup,InsightBoard,onboarding,neutral,New team members at Cyberdyne Systems find the InsightBoard admin console confusing at first.
263,2026-01-26,Massive Dynamic,Startup,FlowPilot,bug,negative,Found a bug in FlowPilot where exported reports show the wrong currency symbol.
264,2025-10-10,Initech,Startup,InsightBoard,support,negative,Support wait times for InsightBoard have gotten noticeably worse this quarter.
265,2026-01-03,Initech,SMB,DataSync Pro,bug,negative,DataSync Pro's new filter feature crashes the app when we select more than 5 tags.
266,2026-03-15,Cyberdyne Systems,Startup,MetricHub,feature_request,positive,Would love to see a dark mode added to MetricHub in a future release.
267,2026-07-07,Initech,Startup,FlowPilot,onboarding,neutral,New team members at Initech find the FlowPilot admin console confusing at first.
268,2025-09-15,Massive Dynamic,Enterprise,MetricHub,support,negative,Support wait times for MetricHub have gotten noticeably worse this quarter.
269,2025-11-02,Globex Inc,Startup,MetricHub,billing,neutral,The invoice for MetricHub doesn't match our contract pricing -- billing needs to fix this ASAP.
270,2026-05-20,Massive Dynamic,Startup,FlowPilot,performance,negative,We're seeing frequent 500 errors in FlowPilot during peak hours.
271,2026-03-25,Wayne Analytics,SMB,InsightBoard,performance,negative,"Dashboard loads take over 30 seconds in InsightBoard, this is unacceptable for Wayne Analytics's reporting needs."
272,2026-07-11,Cyberdyne Systems,Startup,DataSync Pro,support,negative,Support wait times for DataSync Pro have gotten noticeably worse this quarter.
273,2026-03-10,Globex Inc,Startup,MetricHub,billing,negative,The invoice for MetricHub doesn't match our contract pricing -- billing needs to fix this ASAP.
274,2025-10-19,Cyberdyne Systems,SMB,QuickReport,support,negative,Support wait times for QuickReport have gotten noticeably worse this quarter.
275,2026-08-22,Wayne Analytics,Startup,InsightBoard,feature_request,neutral,Would love to see a dark mode added to InsightBoard in a future release.
276,2026-05-13,Cyberdyne Systems,SMB,DataSync Pro,bug,neutral,Found a bug in DataSync Pro where exported reports show the wrong currency symbol.
277,2026-07-22,Acme Corp,Enterprise,MetricHub,feature_request,neutral,It would help Acme Corp a lot if MetricHub supported bulk export to Excel.
278,2026-01-06,Wayne Analytics,SMB,DataSync Pro,bug,negative,Data sync between DataSync Pro and our CRM has been dropping records intermittently.
279,2025-11-05,Massive Dynamic,Enterprise,QuickReport,performance,negative,"Dashboard loads take over 30 seconds in QuickReport, this is unacceptable for Massive Dynamic's reporting needs."
280,2026-08-17,Globex Inc,Startup,MetricHub,billing,negative,The invoice for MetricHub doesn't match our contract pricing -- billing needs to fix this ASAP.
281,2026-06-13,Wayne Analytics,Enterprise,MetricHub,billing,negative,Getting a refund for the MetricHub overcharge took three weeks. Very frustrating billing process.
282,2026-08-15,Acme Corp,Enterprise,MetricHub,performance,negative,"MetricHub has been timing out constantly since the last update, our team at Acme Corp can't get work done."
283,2026-06-10,Wayne Analytics,SMB,QuickReport,billing,negative,The invoice for QuickReport doesn't match our contract pricing -- billing needs to fix this ASAP.
284,2026-01-26,Umbrella Labs,Enterprise,MetricHub,praise,positive,MetricHub just works. Rock solid uptime and the Umbrella Labs team is very satisfied.
285,2026-06-15,Umbrella Labs,Startup,InsightBoard,praise,positive,InsightBoard just works. Rock solid uptime and the Umbrella Labs team is very satisfied.
286,2026-03-06,Hooli,Startup,MetricHub,bug,negative,MetricHub's new filter feature crashes the app when we select more than 5 tags.
287,2025-09-21,Cyberdyne Systems,SMB,QuickReport,praise,positive,Support resolved our QuickReport issue within the hour -- great experience overall.
288,2026-05-28,Soylent Corp,Startup,DataSync Pro,bug,negative,DataSync Pro's new filter feature crashes the app when we select more than 5 tags.
289,2026-04-17,Globex Inc,SMB,QuickReport,billing,negative,The invoice for QuickReport doesn't match our contract pricing -- billing needs to fix this ASAP.
290,2026-02-01,Globex Inc,SMB,QuickReport,performance,negative,"Dashboard loads take over 30 seconds in QuickReport, this is unacceptable for Globex Inc's reporting needs."
291,2025-12-13,Hooli,SMB,MetricHub,bug,negative,Found a bug in MetricHub where exported reports show the wrong currency symbol.
292,2025-10-27,Umbrella Labs,SMB,DataSync Pro,billing,negative,The invoice for DataSync Pro doesn't match our contract pricing -- billing needs to fix this ASAP.
293,2025-09-10,Wayne Analytics,Enterprise,QuickReport,feature_request,neutral,Any plans to add SSO support to QuickReport? We'd need that to expand usage at Wayne Analytics.
294,2026-06-01,Acme Corp,SMB,FlowPilot,praise,positive,FlowPilot just works. Rock solid uptime and the Acme Corp team is very satisfied.
295,2026-05-24,Stark Data Systems,Enterprise,QuickReport,billing,negative,We were double-charged for QuickReport this month and support at Stark Data Systems has been slow to respond.
296,2025-12-10,Hooli,SMB,DataSync Pro,onboarding,neutral,New team members at Hooli find the DataSync Pro admin console confusing at first.
297,2026-09-20,Umbrella Labs,Startup,FlowPilot,billing,negative,We were double-charged for FlowPilot this month and support at Umbrella Labs has been slow to respond.
298,2026-05-01,Globex Inc,Startup,FlowPilot,bug,negative,Found a bug in FlowPilot where exported reports show the wrong currency symbol.
299,2025-11-10,Cyberdyne Systems,Startup,QuickReport,feature_request,neutral,Any plans to add SSO support to QuickReport? We'd need that to expand usage at Cyberdyne Systems.
300,2026-06-14,Cyberdyne Systems,Enterprise,InsightBoard,bug,neutral,Found a bug in InsightBoard where exported reports show the wrong currency symbol.
301,2025-10-17,Globex Inc,SMB,MetricHub,performance,negative,We're seeing frequent 500 errors in MetricHub during peak hours.
302,2026-03-28,Soylent Corp,Enterprise,MetricHub,onboarding,neutral,New team members at Soylent Corp find the MetricHub admin console confusing at first.
303,2026-08-01,Hooli,SMB,InsightBoard,bug,negative,Found a bug in InsightBoard where exported reports show the wrong currency symbol.
304,2026-07-21,Wayne Analytics,Startup,QuickReport,support,negative,Opened a ticket about QuickReport five days ago and still no response from support.
305,2026-02-18,Wayne Analytics,Enterprise,QuickReport,billing,negative,Getting a refund for the QuickReport overcharge took three weeks. Very frustrating billing process.
306,2026-04-21,Acme Corp,Startup,FlowPilot,support,negative,Support wait times for FlowPilot have gotten noticeably worse this quarter.
307,2026-01-07,Globex Inc,Enterprise,FlowPilot,performance,negative,"FlowPilot has been timing out constantly since the last update, our team at Globex Inc can't get work done."
308,2026-05-13,Initech,SMB,InsightBoard,billing,negative,We were double-charged for InsightBoard this month and support at Initech has been slow to respond.
309,2025-12-10,Stark Data Systems,Startup,DataSync Pro,praise,positive,DataSync Pro just works. Rock solid uptime and the Stark Data Systems team is very satisfied.
310,2026-09-12,Wayne Analytics,Enterprise,InsightBoard,support,negative,Opened a ticket about InsightBoard five days ago and still no response from support.
311,2025-11-16,Massive Dynamic,SMB,FlowPilot,bug,negative,FlowPilot's new filter feature crashes the app when we select more than 5 tags.
312,2026-09-03,Wayne Analytics,SMB,MetricHub,feature_request,neutral,It would help Wayne Analytics a lot if MetricHub supported bulk export to Excel.
313,2025-11-18,Globex Inc,Startup,FlowPilot,feature_request,neutral,It would help Globex Inc a lot if FlowPilot supported bulk export to Excel.
314,2026-07-10,Globex Inc,SMB,DataSync Pro,support,negative,The support team at Globex Inc keeps closing our DataSync Pro tickets without actually resolving the issue.
315,2026-08-15,Cyberdyne Systems,Enterprise,FlowPilot,support,negative,The support team at Cyberdyne Systems keeps closing our FlowPilot tickets without actually resolving the issue.
316,2026-03-09,Initech,Startup,InsightBoard,support,negative,The support team at Initech keeps closing our InsightBoard tickets without actually resolving the issue.
317,2026-05-26,Globex Inc,SMB,FlowPilot,feature_request,neutral,Would love to see a dark mode added to FlowPilot in a future release.
318,2026-06-22,Acme Corp,Enterprise,DataSync Pro,feature_request,neutral,Any plans to add SSO support to DataSync Pro? We'd need that to expand usage at Acme Corp.
319,2025-12-25,Initech,Enterprise,QuickReport,praise,positive,QuickReport just works. Rock solid uptime and the Initech team is very satisfied.
320,2025-09-20,Wayne Analytics,Startup,FlowPilot,feature_request,neutral,It would help Wayne Analytics a lot if FlowPilot supported bulk export to Excel.
321,2026-04-25,Massive Dynamic,SMB,InsightBoard,performance,negative,We're seeing frequent 500 errors in InsightBoard during peak hours.
322,2026-03-11,Acme Corp,SMB,MetricHub,billing,negative,Getting a refund for the MetricHub overcharge took three weeks. Very frustrating billing process.
323,2026-08-06,Umbrella Labs,Enterprise,DataSync Pro,feature_request,neutral,It would help Umbrella Labs a lot if DataSync Pro supported bulk export to Excel.
324,2026-01-25,Hooli,Enterprise,MetricHub,bug,negative,Data sync between MetricHub and our CRM has been dropping records intermittently.
325,2026-01-23,Massive Dynamic,Startup,QuickReport,support,negative,Support wait times for QuickReport have gotten noticeably worse this quarter.
326,2026-04-06,Globex Inc,Enterprise,QuickReport,bug,neutral,Found a bug in QuickReport where exported reports show the wrong currency symbol.
327,2026-02-23,Globex Inc,Startup,InsightBoard,feature_request,neutral,It would help Globex Inc a lot if InsightBoard supported bulk export to Excel.
328,2025-11-23,Soylent Corp,SMB,InsightBoard,billing,negative,Getting a refund for the InsightBoard overcharge took three weeks. Very frustrating billing process.
329,2025-12-04,Acme Corp,Startup,InsightBoard,feature_request,neutral,Any plans to add SSO support to InsightBoard? We'd need that to expand usage at Acme Corp.
330,2026-02-18,Umbrella Labs,Enterprise,FlowPilot,performance,negative,"FlowPilot has been timing out constantly since the last update, our team at Umbrella Labs can't get work done."
331,2026-06-03,Massive Dynamic,Enterprise,MetricHub,onboarding,neutral,"Setup for MetricHub took longer than expected, would be nice to have a clearer setup wizard."
332,2026-03-25,Hooli,Startup,FlowPilot,billing,negative,The invoice for FlowPilot doesn't match our contract pricing -- billing needs to fix this ASAP.
333,2026-07-03,Globex Inc,SMB,QuickReport,bug,negative,Data sync between QuickReport and our CRM has been dropping records intermittently.
334,2026-09-18,Soylent Corp,Enterprise,InsightBoard,bug,negative,InsightBoard's new filter feature crashes the app when we select more than 5 tags.
335,2026-05-28,Acme Corp,SMB,QuickReport,feature_request,neutral,Any plans to add SSO support to QuickReport? We'd need that to expand usage at Acme Corp.
336,2025-11-06,Soylent Corp,SMB,QuickReport,billing,negative,We were double-charged for QuickReport this month and support at Soylent Corp has been slow to respond.
337,2026-01-28,Umbrella Labs,Startup,InsightBoard,support,negative,Support wait times for InsightBoard have gotten noticeably worse this quarter.
338,2025-11-21,Umbrella Labs,SMB,MetricHub,billing,negative,The invoice for MetricHub doesn't match our contract pricing -- billing needs to fix this ASAP.
339,2026-07-06,Soylent Corp,Startup,DataSync Pro,support,negative,Support wait times for DataSync Pro have gotten noticeably worse this quarter.
340,2026-06-24,Acme Corp,Startup,QuickReport,onboarding,neutral,New team members at Acme Corp find the QuickReport admin console confusing at first.
341,2025-10-02,Cyberdyne Systems,Enterprise,DataSync Pro,onboarding,neutral,"Setup for DataSync Pro took longer than expected, would be nice to have a clearer setup wizard."
342,2026-03-20,Stark Data Systems,Startup,QuickReport,feature_request,positive,Any plans to add SSO support to QuickReport? We'd need that to expand usage at Stark Data Systems.
343,2026-07-10,Massive Dynamic,SMB,MetricHub,feature_request,neutral,Would love to see a dark mode added to MetricHub in a future release.
344,2025-10-23,Hooli,SMB,InsightBoard,bug,negative,Found a bug in InsightBoard where exported reports show the wrong currency symbol.
345,2026-04-07,Massive Dynamic,SMB,FlowPilot,billing,negative,We were double-charged for FlowPilot this month and support at Massive Dynamic has been slow to respond.
346,2026-02-24,Acme Corp,Startup,InsightBoard,support,negative,Support wait times for InsightBoard have gotten noticeably worse this quarter.
347,2026-05-18,Hooli,SMB,QuickReport,praise,positive,"The new QuickReport update is fantastic, our team at Hooli loves the redesigned interface."
348,2026-01-15,Umbrella Labs,Enterprise,FlowPilot,billing,negative,The invoice for FlowPilot doesn't match our contract pricing -- billing needs to fix this ASAP.
349,2026-03-28,Globex Inc,SMB,DataSync Pro,performance,negative,"DataSync Pro has been timing out constantly since the last update, our team at Globex Inc can't get work done."
350,2026-06-24,Umbrella Labs,SMB,QuickReport,onboarding,neutral,"Setup for QuickReport took longer than expected, would be nice to have a clearer setup wizard."
351,2026-04-16,Acme Corp,Startup,FlowPilot,support,negative,Opened a ticket about FlowPilot five days ago and still no response from support.
352,2026-05-15,Initech,SMB,DataSync Pro,support,negative,The support team at Initech keeps closing our DataSync Pro tickets without actually resolving the issue.
353,2025-09-10,Cyberdyne Systems,Enterprise,InsightBoard,performance,negative,"InsightBoard has been timing out constantly since the last update, our team at Cyberdyne Systems can't get work done."
354,2025-09-28,Massive Dynamic,Startup,InsightBoard,bug,negative,Data sync between InsightBoard and our CRM has been dropping records intermittently.
355,2026-02-25,Acme Corp,Startup,InsightBoard,billing,negative,The invoice for InsightBoard doesn't match our contract pricing -- billing needs to fix this ASAP.
356,2026-06-18,Initech,Enterprise,FlowPilot,bug,negative,FlowPilot's new filter feature crashes the app when we select more than 5 tags.
357,2026-03-17,Soylent Corp,Enterprise,InsightBoard,performance,negative,"Dashboard loads take over 30 seconds in InsightBoard, this is unacceptable for Soylent Corp's reporting needs."
358,2026-06-04,Stark Data Systems,Startup,MetricHub,bug,negative,Data sync between MetricHub and our CRM has been dropping records intermittently.
359,2026-05-12,Hooli,SMB,InsightBoard,performance,negative,"InsightBoard has been timing out constantly since the last update, our team at Hooli can't get work done."
360,2026-03-17,Umbrella Labs,Startup,MetricHub,praise,positive,Support resolved our MetricHub issue within the hour -- great experience overall.
361,2026-02-26,Initech,Startup,QuickReport,billing,negative,We were double-charged for QuickReport this month and support at Initech has been slow to respond.
362,2026-05-05,Massive Dynamic,Startup,QuickReport,bug,negative,Data sync between QuickReport and our CRM has been dropping records intermittently.
363,2026-06-24,Wayne Analytics,SMB,QuickReport,support,negative,Support wait times for QuickReport have gotten noticeably worse this quarter.
364,2026-05-18,Cyberdyne Systems,Startup,InsightBoard,praise,positive,"The new InsightBoard update is fantastic, our team at Cyberdyne Systems loves the redesigned interface."
365,2025-09-12,Cyberdyne Systems,SMB,InsightBoard,bug,negative,Data sync between InsightBoard and our CRM has been dropping records intermittently.
366,2026-01-26,Globex Inc,Startup,FlowPilot,support,negative,Support wait times for FlowPilot have gotten noticeably worse this quarter.
367,2026-01-21,Initech,SMB,MetricHub,feature_request,neutral,Any plans to add SSO support to MetricHub? We'd need that to expand usage at Initech.
368,2025-11-17,Initech,SMB,MetricHub,praise,positive,Support resolved our MetricHub issue within the hour -- great experience overall.
369,2026-07-08,Cyberdyne Systems,Enterprise,FlowPilot,feature_request,neutral,Any plans to add SSO support to FlowPilot? We'd need that to expand usage at Cyberdyne Systems.
370,2026-04-11,Globex Inc,Enterprise,QuickReport,billing,negative,Getting a refund for the QuickReport overcharge took three weeks. Very frustrating billing process.
371,2026-05-25,Hooli,SMB,QuickReport,bug,negative,Found a bug in QuickReport where exported reports show the wrong currency symbol.
372,2025-12-18,Initech,Startup,QuickReport,onboarding,neutral,"Setup for QuickReport took longer than expected, would be nice to have a clearer setup wizard."
373,2026-02-06,Massive Dynamic,SMB,MetricHub,support,negative,Support wait times for MetricHub have gotten noticeably worse this quarter.
374,2026-07-25,Wayne Analytics,SMB,MetricHub,bug,negative,Data sync between MetricHub and our CRM has been dropping records intermittently.
375,2025-12-09,Cyberdyne Systems,Enterprise,FlowPilot,praise,neutral,"The new FlowPilot update is fantastic, our team at Cyberdyne Systems loves the redesigned interface."
376,2026-08-07,Umbrella Labs,SMB,InsightBoard,onboarding,neutral,"Setup for InsightBoard took longer than expected, would be nice to have a clearer setup wizard."
377,2026-02-18,Massive Dynamic,SMB,InsightBoard,feature_request,neutral,Any plans to add SSO support to InsightBoard? We'd need that to expand usage at Massive Dynamic.
378,2026-07-18,Stark Data Systems,Startup,DataSync Pro,praise,positive,"The new DataSync Pro update is fantastic, our team at Stark Data Systems loves the redesigned interface."
379,2025-09-10,Wayne Analytics,SMB,QuickReport,bug,negative,QuickReport's new filter feature crashes the app when we select more than 5 tags.
380,2026-01-24,Wayne Analytics,Startup,FlowPilot,feature_request,neutral,Would love to see a dark mode added to FlowPilot in a future release.
381,2026-05-23,Umbrella Labs,SMB,MetricHub,bug,negative,Found a bug in MetricHub where exported reports show the wrong currency symbol.
382,2026-06-08,Globex Inc,Startup,MetricHub,support,negative,Opened a ticket about MetricHub five days ago and still no response from support.
383,2025-12-02,Soylent Corp,Startup,QuickReport,performance,negative,"QuickReport has been timing out constantly since the last update, our team at Soylent Corp can't get work done."
384,2026-07-25,Wayne Analytics,Enterprise,FlowPilot,billing,negative,The invoice for FlowPilot doesn't match our contract pricing -- billing needs to fix this ASAP.
385,2026-07-16,Soylent Corp,SMB,QuickReport,performance,negative,"QuickReport has been timing out constantly since the last update, our team at Soylent Corp can't get work done."
386,2026-01-21,Umbrella Labs,SMB,InsightBoard,bug,negative,Data sync between InsightBoard and our CRM has been dropping records intermittently.
387,2026-08-24,Cyberdyne Systems,Startup,QuickReport,billing,negative,We were double-charged for QuickReport this month and support at Cyberdyne Systems has been slow to respond.
388,2025-09-27,Acme Corp,Enterprise,FlowPilot,praise,neutral,"FlowPilot has completely streamlined reporting for Acme Corp, couldn't be happier with the results."
389,2025-09-10,Acme Corp,Enterprise,InsightBoard,bug,negative,InsightBoard's new filter feature crashes the app when we select more than 5 tags.
390,2026-04-21,Globex Inc,SMB,InsightBoard,onboarding,neutral,New team members at Globex Inc find the InsightBoard admin console confusing at first.
391,2026-04-09,Massive Dynamic,Startup,QuickReport,onboarding,neutral,New team members at Massive Dynamic find the QuickReport admin console confusing at first.
392,2026-04-21,Wayne Analytics,Startup,QuickReport,performance,negative,"QuickReport has been timing out constantly since the last update, our team at Wayne Analytics can't get work done."
393,2026-02-26,Acme Corp,Startup,DataSync Pro,support,negative,Support wait times for DataSync Pro have gotten noticeably worse this quarter.
394,2026-07-13,Umbrella Labs,Startup,QuickReport,support,negative,Support wait times for QuickReport have gotten noticeably worse this quarter.
395,2026-03-22,Soylent Corp,Enterprise,InsightBoard,praise,positive,InsightBoard just works. Rock solid uptime and the Soylent Corp team is very satisfied.
396,2025-12-01,Acme Corp,SMB,FlowPilot,billing,negative,We were double-charged for FlowPilot this month and support at Acme Corp has been slow to respond.
397,2026-02-10,Umbrella Labs,SMB,FlowPilot,support,negative,The support team at Umbrella Labs keeps closing our FlowPilot tickets without actually resolving the issue.
398,2026-07-12,Cyberdyne Systems,SMB,DataSync Pro,onboarding,neutral,New team members at Cyberdyne Systems find the DataSync Pro admin console confusing at first.
399,2026-01-06,Initech,SMB,DataSync Pro,feature_request,neutral,Would love to see a dark mode added to DataSync Pro in a future release.
400,2025-10-21,Soylent Corp,Startup,InsightBoard,bug,negative,Data sync between InsightBoard and our CRM has been dropping records intermittently.
401,2025-11-16,Cyberdyne Systems,Enterprise,QuickReport,support,negative,The support team at Cyberdyne Systems keeps closing our QuickReport tickets without actually resolving the issue.
402,2026-08-18,Cyberdyne Systems,SMB,InsightBoard,performance,negative,"Dashboard loads take over 30 seconds in InsightBoard, this is unacceptable for Cyberdyne Systems's reporting needs."
403,2026-09-20,Umbrella Labs,Startup,QuickReport,bug,neutral,Data sync between QuickReport and our CRM has been dropping records intermittently.
404,2026-08-12,Soylent Corp,Startup,FlowPilot,praise,positive,"FlowPilot has completely streamlined reporting for Soylent Corp, couldn't be happier with the results."
405,2026-05-07,Globex Inc,Startup,DataSync Pro,billing,neutral,Getting a refund for the DataSync Pro overcharge took three weeks. Very frustrating billing process.
406,2026-05-15,Acme Corp,SMB,QuickReport,onboarding,neutral,New team members at Acme Corp find the QuickReport admin console confusing at first.
407,2025-10-17,Umbrella Labs,SMB,MetricHub,billing,negative,Getting a refund for the MetricHub overcharge took three weeks. Very frustrating billing process.
408,2026-03-15,Massive Dynamic,Startup,QuickReport,bug,negative,Found a bug in QuickReport where exported reports show the wrong currency symbol.
409,2026-09-10,Soylent Corp,Startup,FlowPilot,onboarding,neutral,The onboarding docs for FlowPilot are a bit outdated but our team at Soylent Corp figured it out eventually.
410,2026-08-07,Hooli,Enterprise,InsightBoard,feature_request,positive,Would love to see a dark mode added to InsightBoard in a future release.
411,2026-08-03,Initech,SMB,FlowPilot,onboarding,neutral,The onboarding docs for FlowPilot are a bit outdated but our team at Initech figured it out eventually.
412,2026-01-14,Globex Inc,Enterprise,FlowPilot,onboarding,neutral,The onboarding docs for FlowPilot are a bit outdated but our team at Globex Inc figured it out eventually.
413,2026-04-28,Hooli,SMB,InsightBoard,performance,negative,"InsightBoard has been timing out constantly since the last update, our team at Hooli can't get work done."
414,2026-07-28,Globex Inc,Enterprise,MetricHub,bug,negative,MetricHub's new filter feature crashes the app when we select more than 5 tags.
415,2026-05-05,Acme Corp,SMB,MetricHub,support,negative,Opened a ticket about MetricHub five days ago and still no response from support.
416,2026-04-22,Initech,SMB,DataSync Pro,feature_request,neutral,Would love to see a dark mode added to DataSync Pro in a future release.
417,2025-12-08,Hooli,SMB,MetricHub,feature_request,neutral,Any plans to add SSO support to MetricHub? We'd need that to expand usage at Hooli.
418,2026-08-25,Acme Corp,Enterprise,InsightBoard,bug,negative,InsightBoard's new filter feature crashes the app when we select more than 5 tags.
419,2025-12-07,Hooli,Enterprise,MetricHub,billing,negative,We were double-charged for MetricHub this month and support at Hooli has been slow to respond.
420,2026-06-22,Cyberdyne Systems,SMB,DataSync Pro,billing,negative,We were double-charged for DataSync Pro this month and support at Cyberdyne Systems has been slow to respond.
421,2026-04-08,Umbrella Labs,SMB,DataSync Pro,feature_request,neutral,Would love to see a dark mode added to DataSync Pro in a future release.
422,2026-01-08,Initech,Startup,QuickReport,onboarding,positive,The onboarding docs for QuickReport are a bit outdated but our team at Initech figured it out eventually.
423,2026-02-08,Cyberdyne Systems,Startup,MetricHub,praise,positive,"The new MetricHub update is fantastic, our team at Cyberdyne Systems loves the redesigned interface."
424,2026-01-09,Soylent Corp,SMB,QuickReport,support,negative,Opened a ticket about QuickReport five days ago and still no response from support.
425,2026-07-14,Cyberdyne Systems,Startup,QuickReport,billing,negative,Getting a refund for the QuickReport overcharge took three weeks. Very frustrating billing process.
426,2026-07-13,Initech,Startup,InsightBoard,onboarding,neutral,"Setup for InsightBoard took longer than expected, would be nice to have a clearer setup wizard."
427,2026-01-13,Hooli,Enterprise,FlowPilot,praise,positive,"The new FlowPilot update is fantastic, our team at Hooli loves the redesigned interface."
428,2026-01-28,Massive Dynamic,Enterprise,QuickReport,performance,negative,We're seeing frequent 500 errors in QuickReport during peak hours.
429,2026-03-14,Massive Dynamic,Startup,DataSync Pro,feature_request,neutral,Would love to see a dark mode added to DataSync Pro in a future release.
430,2026-01-07,Acme Corp,Enterprise,FlowPilot,onboarding,neutral,New team members at Acme Corp find the FlowPilot admin console confusing at first.
431,2025-10-18,Globex Inc,SMB,FlowPilot,support,negative,Support wait times for FlowPilot have gotten noticeably worse this quarter.
432,2026-07-20,Initech,SMB,InsightBoard,feature_request,neutral,Would love to see a dark mode added to InsightBoard in a future release.
433,2026-08-22,Globex Inc,Startup,QuickReport,onboarding,neutral,The onboarding docs for QuickReport are a bit outdated but our team at Globex Inc figured it out eventually.
434,2026-01-01,Massive Dynamic,SMB,QuickReport,onboarding,neutral,The onboarding docs for QuickReport are a bit outdated but our team at Massive Dynamic figured it out eventually.
435,2026-08-20,Globex Inc,Enterprise,FlowPilot,performance,negative,"FlowPilot has been timing out constantly since the last update, our team at Globex Inc can't get work done."
436,2026-02-25,Hooli,Startup,QuickReport,feature_request,neutral,Would love to see a dark mode added to QuickReport in a future release.
437,2026-02-10,Massive Dynamic,Startup,MetricHub,support,negative,The support team at Massive Dynamic keeps closing our MetricHub tickets without actually resolving the issue.
438,2025-10-26,Soylent Corp,SMB,FlowPilot,support,negative,The support team at Soylent Corp keeps closing our FlowPilot tickets without actually resolving the issue.
439,2026-02-14,Wayne Analytics,SMB,QuickReport,feature_request,neutral,It would help Wayne Analytics a lot if QuickReport supported bulk export to Excel.
440,2026-01-18,Umbrella Labs,Enterprise,QuickReport,billing,negative,Getting a refund for the QuickReport overcharge took three weeks. Very frustrating billing process.
441,2025-12-11,Hooli,Enterprise,InsightBoard,onboarding,neutral,New team members at Hooli find the InsightBoard admin console confusing at first.
442,2026-05-21,Cyberdyne Systems,SMB,QuickReport,performance,negative,"Dashboard loads take over 30 seconds in QuickReport, this is unacceptable for Cyberdyne Systems's reporting needs."
443,2026-07-24,Stark Data Systems,Startup,FlowPilot,feature_request,neutral,It would help Stark Data Systems a lot if FlowPilot supported bulk export to Excel.
444,2025-11-24,Acme Corp,Enterprise,InsightBoard,bug,negative,InsightBoard's new filter feature crashes the app when we select more than 5 tags.
445,2025-09-17,Acme Corp,Startup,MetricHub,onboarding,neutral,"Setup for MetricHub took longer than expected, would be nice to have a clearer setup wizard."
446,2025-11-27,Initech,SMB,DataSync Pro,billing,neutral,We were double-charged for DataSync Pro this month and support at Initech has been slow to respond.
447,2025-12-17,Globex Inc,Enterprise,QuickReport,feature_request,neutral,Would love to see a dark mode added to QuickReport in a future release.
448,2026-07-20,Initech,Startup,MetricHub,bug,negative,MetricHub's new filter feature crashes the app when we select more than 5 tags.
449,2026-05-18,Massive Dynamic,Enterprise,DataSync Pro,bug,negative,Data sync between DataSync Pro and our CRM has been dropping records intermittently.
450,2026-01-18,Initech,Startup,MetricHub,bug,negative,Found a bug in MetricHub where exported reports show the wrong currency symbol.
451,2025-10-04,Soylent Corp,Enterprise,FlowPilot,support,negative,Opened a ticket about FlowPilot five days ago and still no response from support.
452,2026-05-09,Umbrella Labs,Startup,QuickReport,onboarding,neutral,The onboarding docs for QuickReport are a bit outdated but our team at Umbrella Labs figured it out eventually.
453,2026-02-13,Stark Data Systems,Enterprise,FlowPilot,praise,positive,"The new FlowPilot update is fantastic, our team at Stark Data Systems loves the redesigned interface."
454,2026-07-27,Umbrella Labs,SMB,QuickReport,bug,negative,Data sync between QuickReport and our CRM has been dropping records intermittently.
455,2026-03-13,Initech,SMB,DataSync Pro,praise,positive,"DataSync Pro has completely streamlined reporting for Initech, couldn't be happier with the results."
456,2025-11-03,Initech,Startup,DataSync Pro,onboarding,neutral,"Setup for DataSync Pro took longer than expected, would be nice to have a clearer setup wizard."
457,2026-05-02,Wayne Analytics,Enterprise,MetricHub,bug,neutral,MetricHub's new filter feature crashes the app when we select more than 5 tags.
458,2025-09-03,Cyberdyne Systems,SMB,FlowPilot,performance,negative,"FlowPilot has been timing out constantly since the last update, our team at Cyberdyne Systems can't get work done."
459,2025-09-06,Soylent Corp,Startup,MetricHub,feature_request,neutral,It would help Soylent Corp a lot if MetricHub supported bulk export to Excel.
460,2025-11-25,Initech,Startup,QuickReport,praise,positive,"The new QuickReport update is fantastic, our team at Initech loves the redesigned interface."
461,2026-06-08,Globex Inc,Enterprise,InsightBoard,praise,positive,InsightBoard just works. Rock solid uptime and the Globex Inc team is very satisfied.
462,2026-09-24,Soylent Corp,SMB,InsightBoard,onboarding,neutral,"Setup for InsightBoard took longer than expected, would be nice to have a clearer setup wizard."
463,2026-02-02,Globex Inc,Startup,MetricHub,performance,negative,We're seeing frequent 500 errors in MetricHub during peak hours.
464,2026-06-25,Umbrella Labs,SMB,DataSync Pro,billing,negative,The invoice for DataSync Pro doesn't match our contract pricing -- billing needs to fix this ASAP.
465,2026-07-09,Hooli,Enterprise,InsightBoard,onboarding,neutral,New team members at Hooli find the InsightBoard admin console confusing at first.
466,2026-05-13,Massive Dynamic,SMB,QuickReport,praise,positive,QuickReport just works. Rock solid uptime and the Massive Dynamic team is very satisfied.
467,2026-09-20,Cyberdyne Systems,Enterprise,FlowPilot,bug,negative,Found a bug in FlowPilot where exported reports show the wrong currency symbol.
468,2025-11-13,Globex Inc,SMB,DataSync Pro,support,negative,Opened a ticket about DataSync Pro five days ago and still no response from support.
469,2026-02-04,Acme Corp,SMB,FlowPilot,feature_request,neutral,Any plans to add SSO support to FlowPilot? We'd need that to expand usage at Acme Corp.
470,2026-09-09,Stark Data Systems,SMB,FlowPilot,billing,negative,We were double-charged for FlowPilot this month and support at Stark Data Systems has been slow to respond.
471,2026-04-18,Globex Inc,SMB,QuickReport,billing,negative,We were double-charged for QuickReport this month and support at Globex Inc has been slow to respond.
472,2025-10-12,Hooli,Enterprise,DataSync Pro,onboarding,neutral,New team members at Hooli find the DataSync Pro admin console confusing at first.
473,2026-03-01,Cyberdyne Systems,SMB,MetricHub,onboarding,neutral,The onboarding docs for MetricHub are a bit outdated but our team at Cyberdyne Systems figured it out eventually.
474,2026-05-08,Hooli,Startup,DataSync Pro,support,negative,The support team at Hooli keeps closing our DataSync Pro tickets without actually resolving the issue.
475,2025-11-09,Acme Corp,Enterprise,FlowPilot,onboarding,neutral,New team members at Acme Corp find the FlowPilot admin console confusing at first.
476,2025-11-14,Massive Dynamic,Enterprise,QuickReport,support,negative,The support team at Massive Dynamic keeps closing our QuickReport tickets without actually resolving the issue.
477,2026-02-09,Stark Data Systems,Enterprise,FlowPilot,support,neutral,The support team at Stark Data Systems keeps closing our FlowPilot tickets without actually resolving the issue.
478,2025-12-15,Massive Dynamic,Startup,MetricHub,performance,negative,We're seeing frequent 500 errors in MetricHub during peak hours.
479,2026-02-27,Stark Data Systems,SMB,DataSync Pro,billing,negative,We were double-charged for DataSync Pro this month and support at Stark Data Systems has been slow to respond.
480,2026-03-27,Wayne Analytics,SMB,FlowPilot,onboarding,neutral,"Setup for FlowPilot took longer than expected, would be nice to have a clearer setup wizard."
481,2026-08-07,Stark Data Systems,Startup,InsightBoard,praise,positive,Support resolved our InsightBoard issue within the hour -- great experience overall.
482,2026-01-24,Acme Corp,SMB,FlowPilot,bug,negative,FlowPilot's new filter feature crashes the app when we select more than 5 tags.
483,2026-02-13,Massive Dynamic,Enterprise,MetricHub,feature_request,neutral,Any plans to add SSO support to MetricHub? We'd need that to expand usage at Massive Dynamic.
484,2025-12-19,Wayne Analytics,Startup,DataSync Pro,support,negative,The support team at Wayne Analytics keeps closing our DataSync Pro tickets without actually resolving the issue.
485,2026-04-23,Soylent Corp,Startup,DataSync Pro,onboarding,neutral,The onboarding docs for DataSync Pro are a bit outdated but our team at Soylent Corp figured it out eventually.
486,2026-07-16,Stark Data Systems,SMB,DataSync Pro,performance,negative,"Dashboard loads take over 30 seconds in DataSync Pro, this is unacceptable for Stark Data Systems's reporting needs."
487,2026-07-05,Stark Data Systems,SMB,QuickReport,performance,negative,We're seeing frequent 500 errors in QuickReport during peak hours.
488,2026-06-16,Hooli,SMB,DataSync Pro,feature_request,neutral,It would help Hooli a lot if DataSync Pro supported bulk export to Excel.
489,2026-03-18,Soylent Corp,Startup,MetricHub,onboarding,neutral,"Setup for MetricHub took longer than expected, would be nice to have a clearer setup wizard."
490,2025-10-04,Soylent Corp,Startup,MetricHub,billing,neutral,The invoice for MetricHub doesn't match our contract pricing -- billing needs to fix this ASAP.
491,2026-06-02,Wayne Analytics,Startup,QuickReport,praise,positive,Support resolved our QuickReport issue within the hour -- great experience overall.
492,2025-10-01,Hooli,SMB,InsightBoard,onboarding,neutral,New team members at Hooli find the InsightBoard admin console confusing at first.
493,2026-05-18,Umbrella Labs,Startup,MetricHub,billing,negative,The invoice for MetricHub doesn't match our contract pricing -- billing needs to fix this ASAP.
494,2026-02-13,Cyberdyne Systems,SMB,QuickReport,onboarding,neutral,New team members at Cyberdyne Systems find the QuickReport admin console confusing at first.
495,2026-02-01,Cyberdyne Systems,Enterprise,MetricHub,bug,negative,Data sync between MetricHub and our CRM has been dropping records intermittently.
496,2025-10-27,Stark Data Systems,Enterprise,FlowPilot,bug,negative,Found a bug in FlowPilot where exported reports show the wrong currency symbol.
497,2026-04-26,Wayne Analytics,SMB,InsightBoard,feature_request,neutral,Would love to see a dark mode added to InsightBoard in a future release.
498,2025-10-15,Massive Dynamic,SMB,InsightBoard,performance,negative,We're seeing frequent 500 errors in InsightBoard during peak hours.
499,2026-01-02,Massive Dynamic,Enterprise,InsightBoard,feature_request,neutral,Any plans to add SSO support to InsightBoard? We'd need that to expand usage at Massive Dynamic.
500,2025-10-22,Initech,Startup,InsightBoard,praise,positive,"InsightBoard has completely streamlined reporting for Initech, couldn't be happier with the results."
501,2026-05-06,Umbrella Labs,Enterprise,MetricHub,praise,positive,Support resolved our MetricHub issue within the hour -- great experience overall.
502,2026-09-13,Hooli,Enterprise,FlowPilot,support,negative,Support wait times for FlowPilot have gotten noticeably worse this quarter.
503,2025-09-24,Acme Corp,SMB,FlowPilot,feature_request,neutral,Would love to see a dark mode added to FlowPilot in a future release.
504,2026-03-01,Massive Dynamic,SMB,MetricHub,onboarding,neutral,The onboarding docs for MetricHub are a bit outdated but our team at Massive Dynamic figured it out eventually.
505,2026-09-26,Umbrella Labs,Startup,InsightBoard,feature_request,neutral,Would love to see a dark mode added to InsightBoard in a future release.
506,2026-02-11,Globex Inc,Enterprise,MetricHub,billing,negative,Getting a refund for the MetricHub overcharge took three weeks. Very frustrating billing process.
507,2026-04-17,Globex Inc,Startup,InsightBoard,performance,negative,"Dashboard loads take over 30 seconds in InsightBoard, this is unacceptable for Globex Inc's reporting needs."
508,2026-03-19,Cyberdyne Systems,Startup,FlowPilot,feature_request,neutral,It would help Cyberdyne Systems a lot if FlowPilot supported bulk export to Excel.
509,2025-11-27,Wayne Analytics,Startup,FlowPilot,billing,negative,The invoice for FlowPilot doesn't match our contract pricing -- billing needs to fix this ASAP.
510,2025-10-22,Stark Data Systems,Startup,MetricHub,feature_request,neutral,Any plans to add SSO support to MetricHub? We'd need that to expand usage at Stark Data Systems.
511,2025-10-06,Globex Inc,SMB,QuickReport,performance,negative,"Dashboard loads take over 30 seconds in QuickReport, this is unacceptable for Globex Inc's reporting needs."
512,2026-03-20,Acme Corp,SMB,MetricHub,support,negative,Support wait times for MetricHub have gotten noticeably worse this quarter.
513,2026-04-21,Hooli,Enterprise,FlowPilot,performance,negative,We're seeing frequent 500 errors in FlowPilot during peak hours.
514,2026-04-10,Acme Corp,Enterprise,MetricHub,onboarding,neutral,New team members at Acme Corp find the MetricHub admin console confusing at first.
515,2025-09-28,Wayne Analytics,Startup,FlowPilot,performance,negative,"FlowPilot has been timing out constantly since the last update, our team at Wayne Analytics can't get work done."
516,2026-03-18,Massive Dynamic,Enterprise,QuickReport,support,negative,Opened a ticket about QuickReport five days ago and still no response from support.
517,2026-04-14,Massive Dynamic,Startup,FlowPilot,onboarding,neutral,New team members at Massive Dynamic find the FlowPilot admin console confusing at first.
518,2026-06-01,Massive Dynamic,Enterprise,QuickReport,feature_request,neutral,It would help Massive Dynamic a lot if QuickReport supported bulk export to Excel.
519,2025-12-18,Stark Data Systems,SMB,DataSync Pro,praise,positive,Support resolved our DataSync Pro issue within the hour -- great experience overall.
520,2026-09-25,Massive Dynamic,Startup,MetricHub,support,negative,Opened a ticket about MetricHub five days ago and still no response from support.
521,2025-10-09,Soylent Corp,Startup,DataSync Pro,bug,negative,Data sync between DataSync Pro and our CRM has been dropping records intermittently.
522,2026-04-18,Soylent Corp,Startup,DataSync Pro,praise,positive,"The new DataSync Pro update is fantastic, our team at Soylent Corp loves the redesigned interface."
523,2025-09-15,Globex Inc,SMB,QuickReport,performance,negative,"Dashboard loads take over 30 seconds in QuickReport, this is unacceptable for Globex Inc's reporting needs."
524,2026-09-26,Globex Inc,Enterprise,FlowPilot,support,negative,The support team at Globex Inc keeps closing our FlowPilot tickets without actually resolving the issue.
525,2026-06-21,Cyberdyne Systems,Startup,InsightBoard,performance,negative,"InsightBoard has been timing out constantly since the last update, our team at Cyberdyne Systems can't get work done."
526,2025-12-26,Cyberdyne Systems,Enterprise,QuickReport,bug,negative,Found a bug in QuickReport where exported reports show the wrong currency symbol.
527,2026-06-18,Wayne Analytics,SMB,MetricHub,billing,neutral,Getting a refund for the MetricHub overcharge took three weeks. Very frustrating billing process.
528,2026-01-28,Stark Data Systems,Startup,InsightBoard,performance,negative,"Dashboard loads take over 30 seconds in InsightBoard, this is unacceptable for Stark Data Systems's reporting needs."
529,2025-09-09,Globex Inc,SMB,QuickReport,onboarding,neutral,New team members at Globex Inc find the QuickReport admin console confusing at first.
530,2026-08-11,Acme Corp,Enterprise,QuickReport,praise,positive,Support resolved our QuickReport issue within the hour -- great experience overall.
531,2026-06-21,Hooli,Enterprise,FlowPilot,praise,positive,Support resolved our FlowPilot issue within the hour -- great experience overall.
532,2025-10-21,Hooli,SMB,FlowPilot,support,negative,Support wait times for FlowPilot have gotten noticeably worse this quarter.
533,2026-01-23,Hooli,Startup,MetricHub,praise,positive,"MetricHub has completely streamlined reporting for Hooli, couldn't be happier with the results."
534,2025-09-28,Massive Dynamic,Startup,InsightBoard,support,negative,The support team at Massive Dynamic keeps closing our InsightBoard tickets without actually resolving the issue.
535,2026-09-18,Massive Dynamic,Enterprise,InsightBoard,praise,positive,"InsightBoard has completely streamlined reporting for Massive Dynamic, couldn't be happier with the results."
536,2026-01-11,Hooli,SMB,QuickReport,bug,negative,Found a bug in QuickReport where exported reports show the wrong currency symbol.
537,2025-11-19,Wayne Analytics,Startup,MetricHub,praise,positive,"The new MetricHub update is fantastic, our team at Wayne Analytics loves the redesigned interface."
538,2025-10-21,Wayne Analytics,Enterprise,DataSync Pro,praise,positive,DataSync Pro just works. Rock solid uptime and the Wayne Analytics team is very satisfied.
539,2026-04-15,Initech,Enterprise,DataSync Pro,praise,positive,DataSync Pro just works. Rock solid uptime and the Initech team is very satisfied.
540,2026-01-06,Umbrella Labs,Startup,QuickReport,billing,negative,The invoice for QuickReport doesn't match our contract pricing -- billing needs to fix this ASAP.
541,2025-10-12,Globex Inc,SMB,InsightBoard,praise,positive,"The new InsightBoard update is fantastic, our team at Globex Inc loves the redesigned interface."
542,2026-07-10,Acme Corp,SMB,DataSync Pro,feature_request,neutral,Any plans to add SSO support to DataSync Pro? We'd need that to expand usage at Acme Corp.
543,2025-10-23,Umbrella Labs,Startup,FlowPilot,feature_request,positive,Any plans to add SSO support to FlowPilot? We'd need that to expand usage at Umbrella Labs.
544,2025-11-19,Umbrella Labs,Enterprise,FlowPilot,billing,negative,We were double-charged for FlowPilot this month and support at Umbrella Labs has been slow to respond.
545,2026-08-11,Massive Dynamic,Enterprise,DataSync Pro,performance,negative,We're seeing frequent 500 errors in DataSync Pro during peak hours.
546,2025-10-08,Hooli,SMB,QuickReport,praise,positive,"QuickReport has completely streamlined reporting for Hooli, couldn't be happier with the results."
547,2026-02-10,Globex Inc,SMB,DataSync Pro,bug,negative,Found a bug in DataSync Pro where exported reports show the wrong currency symbol.
548,2026-05-19,Acme Corp,Enterprise,QuickReport,performance,negative,"Dashboard loads take over 30 seconds in QuickReport, this is unacceptable for Acme Corp's reporting needs."
549,2026-08-07,Acme Corp,SMB,FlowPilot,billing,negative,Getting a refund for the FlowPilot overcharge took three weeks. Very frustrating billing process.
550,2026-07-15,Acme Corp,Startup,FlowPilot,feature_request,neutral,Any plans to add SSO support to FlowPilot? We'd need that to expand usage at Acme Corp.
551,2026-09-04,Globex Inc,Enterprise,DataSync Pro,praise,positive,Support resolved our DataSync Pro issue within the hour -- great experience overall.
552,2026-02-26,Hooli,SMB,InsightBoard,onboarding,neutral,New team members at Hooli find the InsightBoard admin console confusing at first.
553,2026-05-20,Stark Data Systems,Enterprise,DataSync Pro,performance,negative,"DataSync Pro has been timing out constantly since the last update, our team at Stark Data Systems can't get work done."
554,2025-09-28,Cyberdyne Systems,Startup,InsightBoard,onboarding,neutral,New team members at Cyberdyne Systems find the InsightBoard admin console confusing at first.
555,2026-05-07,Umbrella Labs,Startup,MetricHub,praise,positive,"The new MetricHub update is fantastic, our team at Umbrella Labs loves the redesigned interface."
556,2026-04-13,Stark Data Systems,Enterprise,DataSync Pro,feature_request,neutral,It would help Stark Data Systems a lot if DataSync Pro supported bulk export to Excel.
557,2026-05-01,Massive Dynamic,Enterprise,MetricHub,billing,negative,We were double-charged for MetricHub this month and support at Massive Dynamic has been slow to respond.
558,2026-03-12,Acme Corp,Startup,FlowPilot,support,negative,The support team at Acme Corp keeps closing our FlowPilot tickets without actually resolving the issue.
559,2025-09-19,Acme Corp,Enterprise,FlowPilot,onboarding,neutral,New team members at Acme Corp find the FlowPilot admin console confusing at first.
560,2025-09-26,Stark Data Systems,Enterprise,QuickReport,billing,negative,We were double-charged for QuickReport this month and support at Stark Data Systems has been slow to respond.
561,2026-03-23,Stark Data Systems,SMB,MetricHub,bug,negative,Data sync between MetricHub and our CRM has been dropping records intermittently.
562,2025-11-09,Soylent Corp,Startup,MetricHub,bug,negative,Found a bug in MetricHub where exported reports show the wrong currency symbol.
563,2026-09-05,Globex Inc,Enterprise,MetricHub,billing,negative,The invoice for MetricHub doesn't match our contract pricing -- billing needs to fix this ASAP.
564,2026-09-27,Hooli,Startup,MetricHub,onboarding,neutral,"Setup for MetricHub took longer than expected, would be nice to have a clearer setup wizard."
565,2026-03-24,Globex Inc,Startup,InsightBoard,feature_request,neutral,Any plans to add SSO support to InsightBoard? We'd need that to expand usage at Globex Inc.
566,2026-03-04,Initech,Enterprise,QuickReport,praise,positive,Support resolved our QuickReport issue within the hour -- great experience overall.
567,2026-07-24,Cyberdyne Systems,SMB,DataSync Pro,bug,negative,Data sync between DataSync Pro and our CRM has been dropping records intermittently.
568,2026-08-05,Acme Corp,Enterprise,DataSync Pro,feature_request,neutral,Any plans to add SSO support to DataSync Pro? We'd need that to expand usage at Acme Corp.
569,2026-05-17,Acme Corp,SMB,FlowPilot,feature_request,neutral,Would love to see a dark mode added to FlowPilot in a future release.
570,2026-08-25,Acme Corp,Enterprise,InsightBoard,praise,positive,"The new InsightBoard update is fantastic, our team at Acme Corp loves the redesigned interface."
571,2026-09-14,Globex Inc,SMB,DataSync Pro,praise,positive,"The new DataSync Pro update is fantastic, our team at Globex Inc loves the redesigned interface."
572,2026-06-21,Globex Inc,Startup,InsightBoard,support,negative,Support wait times for InsightBoard have gotten noticeably worse this quarter.
573,2025-09-16,Massive Dynamic,SMB,MetricHub,billing,negative,The invoice for MetricHub doesn't match our contract pricing -- billing needs to fix this ASAP.
574,2026-09-04,Wayne Analytics,SMB,QuickReport,praise,neutral,Support resolved our QuickReport issue within the hour -- great experience overall.
575,2026-05-01,Globex Inc,Startup,QuickReport,onboarding,neutral,New team members at Globex Inc find the QuickReport admin console confusing at first.
576,2026-02-13,Umbrella Labs,SMB,DataSync Pro,billing,negative,We were double-charged for DataSync Pro this month and support at Umbrella Labs has been slow to respond.
577,2026-08-21,Initech,Startup,MetricHub,performance,negative,"MetricHub has been timing out constantly since the last update, our team at Initech can't get work done."
578,2026-08-11,Wayne Analytics,SMB,QuickReport,bug,negative,Found a bug in QuickReport where exported reports show the wrong currency symbol.
579,2026-05-22,Cyberdyne Systems,Enterprise,InsightBoard,support,negative,Opened a ticket about InsightBoard five days ago and still no response from support.
580,2026-03-03,Umbrella Labs,Enterprise,MetricHub,billing,negative,We were double-charged for MetricHub this month and support at Umbrella Labs has been slow to respond.
581,2026-05-15,Stark Data Systems,Enterprise,InsightBoard,bug,negative,InsightBoard's new filter feature crashes the app when we select more than 5 tags.
582,2026-09-10,Umbrella Labs,Startup,InsightBoard,billing,negative,The invoice for InsightBoard doesn't match our contract pricing -- billing needs to fix this ASAP.
583,2026-06-16,Umbrella Labs,SMB,FlowPilot,feature_request,neutral,Any plans to add SSO support to FlowPilot? We'd need that to expand usage at Umbrella Labs.
584,2025-09-14,Soylent Corp,Enterprise,QuickReport,praise,positive,Support resolved our QuickReport issue within the hour -- great experience overall.
585,2026-08-01,Soylent Corp,Startup,InsightBoard,billing,negative,We were double-charged for InsightBoard this month and support at Soylent Corp has been slow to respond.
586,2025-12-17,Hooli,Enterprise,InsightBoard,support,negative,Opened a ticket about InsightBoard five days ago and still no response from support.
587,2026-08-09,Massive Dynamic,Enterprise,DataSync Pro,performance,negative,"Dashboard loads take over 30 seconds in DataSync Pro, this is unacceptable for Massive Dynamic's reporting needs."
588,2026-08-12,Umbrella Labs,SMB,MetricHub,billing,negative,We were double-charged for MetricHub this month and support at Umbrella Labs has been slow to respond.
589,2026-05-05,Globex Inc,Enterprise,MetricHub,bug,negative,Data sync between MetricHub and our CRM has been dropping records intermittently.
590,2025-09-14,Globex Inc,Startup,MetricHub,feature_request,neutral,It would help Globex Inc a lot if MetricHub supported bulk export to Excel.
591,2026-02-26,Umbrella Labs,SMB,InsightBoard,feature_request,neutral,Would love to see a dark mode added to InsightBoard in a future release.
592,2026-01-08,Wayne Analytics,SMB,InsightBoard,bug,negative,Data sync between InsightBoard and our CRM has been dropping records intermittently.
593,2025-11-04,Acme Corp,Enterprise,MetricHub,billing,negative,We were double-charged for MetricHub this month and support at Acme Corp has been slow to respond.
594,2025-10-18,Massive Dynamic,SMB,InsightBoard,performance,neutral,"Dashboard loads take over 30 seconds in InsightBoard, this is unacceptable for Massive Dynamic's reporting needs."
595,2026-01-28,Massive Dynamic,SMB,InsightBoard,support,negative,Opened a ticket about InsightBoard five days ago and still no response from support.
596,2026-08-20,Acme Corp,Startup,InsightBoard,billing,negative,We were double-charged for InsightBoard this month and support at Acme Corp has been slow to respond.
597,2026-08-08,Wayne Analytics,Enterprise,QuickReport,billing,negative,We were double-charged for QuickReport this month and support at Wayne Analytics has been slow to respond.
598,2026-01-09,Soylent Corp,Startup,DataSync Pro,support,negative,The support team at Soylent Corp keeps closing our DataSync Pro tickets without actually resolving the issue.
599,2026-05-24,Initech,SMB,FlowPilot,praise,positive,Support resolved our FlowPilot issue within the hour -- great experience overall.
600,2026-09-26,Globex Inc,Enterprise,FlowPilot,onboarding,neutral,The onboarding docs for FlowPilot are a bit outdated but our team at Globex Inc figured it out eventually.
601,2025-11-07,Initech,Enterprise,DataSync Pro,performance,neutral,"DataSync Pro has been timing out constantly since the last update, our team at Initech can't get work done."
602,2026-06-09,Wayne Analytics,Startup,DataSync Pro,praise,positive,DataSync Pro just works. Rock solid uptime and the Wayne Analytics team is very satisfied.
603,2026-07-15,Initech,Enterprise,DataSync Pro,praise,positive,"DataSync Pro has completely streamlined reporting for Initech, couldn't be happier with the results."
604,2025-09-15,Globex Inc,Enterprise,InsightBoard,praise,positive,Support resolved our InsightBoard issue within the hour -- great experience overall.
605,2026-03-16,Cyberdyne Systems,Startup,FlowPilot,billing,negative,We were double-charged for FlowPilot this month and support at Cyberdyne Systems has been slow to respond.
606,2025-12-06,Hooli,SMB,QuickReport,billing,negative,The invoice for QuickReport doesn't match our contract pricing -- billing needs to fix this ASAP.
607,2026-06-20,Massive Dynamic,Enterprise,QuickReport,support,neutral,The support team at Massive Dynamic keeps closing our QuickReport tickets without actually resolving the issue.
608,2026-05-16,Stark Data Systems,SMB,FlowPilot,onboarding,positive,The onboarding docs for FlowPilot are a bit outdated but our team at Stark Data Systems figured it out eventually.
609,2026-03-07,Stark Data Systems,Enterprise,FlowPilot,billing,negative,We were double-charged for FlowPilot this month and support at Stark Data Systems has been slow to respond.
610,2026-03-26,Umbrella Labs,Enterprise,MetricHub,feature_request,neutral,Any plans to add SSO support to MetricHub? We'd need that to expand usage at Umbrella Labs.
611,2026-02-19,Massive Dynamic,SMB,MetricHub,feature_request,neutral,It would help Massive Dynamic a lot if MetricHub supported bulk export to Excel.
612,2025-09-11,Hooli,Enterprise,InsightBoard,onboarding,neutral,"Setup for InsightBoard took longer than expected, would be nice to have a clearer setup wizard."
613,2026-09-16,Initech,Enterprise,InsightBoard,onboarding,neutral,The onboarding docs for InsightBoard are a bit outdated but our team at Initech figured it out eventually.
614,2025-10-08,Cyberdyne Systems,Enterprise,QuickReport,onboarding,neutral,"Setup for QuickReport took longer than expected, would be nice to have a clearer setup wizard."
615,2025-09-25,Stark Data Systems,Startup,MetricHub,feature_request,positive,Would love to see a dark mode added to MetricHub in a future release.
616,2025-11-08,Hooli,Enterprise,InsightBoard,performance,negative,We're seeing frequent 500 errors in InsightBoard during peak hours.
617,2026-08-23,Wayne Analytics,Enterprise,MetricHub,onboarding,neutral,"Setup for MetricHub took longer than expected, would be nice to have a clearer setup wizard."
618,2025-12-27,Cyberdyne Systems,Startup,QuickReport,support,negative,Support wait times for QuickReport have gotten noticeably worse this quarter.
619,2026-04-02,Soylent Corp,Enterprise,InsightBoard,praise,positive,InsightBoard just works. Rock solid uptime and the Soylent Corp team is very satisfied.
620,2025-09-17,Umbrella Labs,Enterprise,MetricHub,billing,negative,We were double-charged for MetricHub this month and support at Umbrella Labs has been slow to respond.
621,2026-09-05,Wayne Analytics,Enterprise,MetricHub,bug,negative,Found a bug in MetricHub where exported reports show the wrong currency symbol.
622,2025-09-05,Acme Corp,Enterprise,InsightBoard,support,negative,Support wait times for InsightBoard have gotten noticeably worse this quarter.
623,2026-02-03,Acme Corp,Startup,DataSync Pro,onboarding,neutral,New team members at Acme Corp find the DataSync Pro admin console confusing at first.
624,2026-02-10,Hooli,Enterprise,MetricHub,support,negative,Support wait times for MetricHub have gotten noticeably worse this quarter.
625,2026-04-21,Acme Corp,Startup,FlowPilot,support,negative,Opened a ticket about FlowPilot five days ago and still no response from support.
626,2025-12-22,Soylent Corp,SMB,MetricHub,support,negative,Opened a ticket about MetricHub five days ago and still no response from support.
627,2026-08-10,Hooli,Startup,InsightBoard,onboarding,neutral,The onboarding docs for InsightBoard are a bit outdated but our team at Hooli figured it out eventually.
628,2026-09-19,Initech,SMB,MetricHub,performance,negative,"MetricHub has been timing out constantly since the last update, our team at Initech can't get work done."
629,2025-12-21,Cyberdyne Systems,Startup,InsightBoard,billing,negative,We were double-charged for InsightBoard this month and support at Cyberdyne Systems has been slow to respond.
630,2026-08-03,Massive Dynamic,SMB,QuickReport,onboarding,neutral,The onboarding docs for QuickReport are a bit outdated but our team at Massive Dynamic figured it out eventually.
631,2025-10-27,Wayne Analytics,Startup,QuickReport,performance,negative,"Dashboard loads take over 30 seconds in QuickReport, this is unacceptable for Wayne Analytics's reporting needs."
632,2026-01-07,Wayne Analytics,Enterprise,FlowPilot,feature_request,neutral,Any plans to add SSO support to FlowPilot? We'd need that to expand usage at Wayne Analytics.
633,2026-09-04,Globex Inc,SMB,InsightBoard,performance,neutral,We're seeing frequent 500 errors in InsightBoard during peak hours.
634,2026-08-14,Initech,SMB,FlowPilot,feature_request,positive,Would love to see a dark mode added to FlowPilot in a future release.
635,2026-05-13,Massive Dynamic,SMB,FlowPilot,performance,negative,"Dashboard loads take over 30 seconds in FlowPilot, this is unacceptable for Massive Dynamic's reporting needs."
636,2026-04-03,Cyberdyne Systems,Enterprise,QuickReport,billing,negative,The invoice for QuickReport doesn't match our contract pricing -- billing needs to fix this ASAP.
637,2026-01-04,Stark Data Systems,SMB,DataSync Pro,praise,positive,"DataSync Pro has completely streamlined reporting for Stark Data Systems, couldn't be happier with the results."
638,2026-08-03,Acme Corp,Enterprise,FlowPilot,billing,negative,The invoice for FlowPilot doesn't match our contract pricing -- billing needs to fix this ASAP.
639,2026-04-23,Wayne Analytics,Startup,MetricHub,onboarding,positive,The onboarding docs for MetricHub are a bit outdated but our team at Wayne Analytics figured it out eventually.
640,2025-11-02,Acme Corp,SMB,MetricHub,billing,negative,The invoice for MetricHub doesn't match our contract pricing -- billing needs to fix this ASAP.
641,2026-08-18,Umbrella Labs,SMB,QuickReport,billing,neutral,The invoice for QuickReport doesn't match our contract pricing -- billing needs to fix this ASAP.
642,2026-01-10,Soylent Corp,Startup,InsightBoard,feature_request,neutral,Any plans to add SSO support to InsightBoard? We'd need that to expand usage at Soylent Corp.
643,2026-05-27,Initech,Startup,FlowPilot,performance,negative,"FlowPilot has been timing out constantly since the last update, our team at Initech can't get work done."
644,2026-03-03,Initech,Enterprise,InsightBoard,bug,neutral,Found a bug in InsightBoard where exported reports show the wrong currency symbol.
645,2025-10-01,Cyberdyne Systems,Enterprise,FlowPilot,support,negative,Support wait times for FlowPilot have gotten noticeably worse this quarter.
646,2025-10-10,Stark Data Systems,SMB,DataSync Pro,performance,negative,"DataSync Pro has been timing out constantly since the last update, our team at Stark Data Systems can't get work done."
647,2026-01-03,Massive Dynamic,Startup,FlowPilot,praise,neutral,FlowPilot just works. Rock solid uptime and the Massive Dynamic team is very satisfied.
648,2026-03-12,Hooli,SMB,QuickReport,feature_request,neutral,Any plans to add SSO support to QuickReport? We'd need that to expand usage at Hooli.
649,2026-04-09,Initech,SMB,InsightBoard,performance,neutral,"Dashboard loads take over 30 seconds in InsightBoard, this is unacceptable for Initech's reporting needs."
650,2026-09-23,Cyberdyne Systems,Enterprise,DataSync Pro,performance,negative,"Dashboard loads take over 30 seconds in DataSync Pro, this is unacceptable for Cyberdyne Systems's reporting needs."
651,2026-03-25,Globex Inc,Startup,InsightBoard,feature_request,neutral,Would love to see a dark mode added to InsightBoard in a future release.
652,2026-05-14,Soylent Corp,SMB,DataSync Pro,onboarding,neutral,The onboarding docs for DataSync Pro are a bit outdated but our team at Soylent Corp figured it out eventually.
653,2026-04-10,Massive Dynamic,Enterprise,MetricHub,onboarding,neutral,New team members at Massive Dynamic find the MetricHub admin console confusing at first.
654,2026-05-26,Initech,Startup,MetricHub,billing,negative,The invoice for MetricHub doesn't match our contract pricing -- billing needs to fix this ASAP.
655,2026-09-15,Cyberdyne Systems,Enterprise,QuickReport,onboarding,neutral,New team members at Cyberdyne Systems find the QuickReport admin console confusing at first.
656,2025-09-14,Umbrella Labs,Enterprise,QuickReport,performance,negative,"QuickReport has been timing out constantly since the last update, our team at Umbrella Labs can't get work done."
657,2025-11-27,Hooli,Startup,QuickReport,billing,negative,Getting a refund for the QuickReport overcharge took three weeks. Very frustrating billing process.
658,2026-03-18,Wayne Analytics,Enterprise,DataSync Pro,onboarding,neutral,"Setup for DataSync Pro took longer than expected, would be nice to have a clearer setup wizard."
659,2026-04-28,Wayne Analytics,Startup,InsightBoard,bug,negative,Data sync between InsightBoard and our CRM has been dropping records intermittently.
660,2026-09-14,Cyberdyne Systems,Startup,MetricHub,billing,negative,Getting a refund for the MetricHub overcharge took three weeks. Very frustrating billing process.
661,2026-06-19,Acme Corp,Startup,QuickReport,billing,negative,The invoice for QuickReport doesn't match our contract pricing -- billing needs to fix this ASAP.
662,2026-09-10,Globex Inc,Enterprise,MetricHub,praise,positive,"MetricHub has completely streamlined reporting for Globex Inc, couldn't be happier with the results."
663,2026-07-16,Hooli,SMB,InsightBoard,praise,positive,"The new InsightBoard update is fantastic, our team at Hooli loves the redesigned interface."
664,2026-01-13,Massive Dynamic,Enterprise,DataSync Pro,onboarding,neutral,New team members at Massive Dynamic find the DataSync Pro admin console confusing at first.
665,2026-03-11,Cyberdyne Systems,Enterprise,FlowPilot,performance,negative,We're seeing frequent 500 errors in FlowPilot during peak hours.
666,2026-02-01,Initech,SMB,FlowPilot,feature_request,neutral,Would love to see a dark mode added to FlowPilot in a future release.
667,2026-08-22,Stark Data Systems,SMB,InsightBoard,support,negative,The support team at Stark Data Systems keeps closing our InsightBoard tickets without actually resolving the issue.
668,2026-04-25,Acme Corp,Startup,InsightBoard,billing,negative,We were double-charged for InsightBoard this month and support at Acme Corp has been slow to respond.
669,2026-07-03,Stark Data Systems,Startup,FlowPilot,praise,neutral,"The new FlowPilot update is fantastic, our team at Stark Data Systems loves the redesigned interface."
670,2026-04-25,Umbrella Labs,Startup,FlowPilot,performance,negative,"Dashboard loads take over 30 seconds in FlowPilot, this is unacceptable for Umbrella Labs's reporting needs."
671,2025-10-10,Initech,Enterprise,MetricHub,onboarding,neutral,"Setup for MetricHub took longer than expected, would be nice to have a clearer setup wizard."
672,2026-06-01,Hooli,Startup,QuickReport,feature_request,neutral,Any plans to add SSO support to QuickReport? We'd need that to expand usage at Hooli.
673,2025-09-15,Umbrella Labs,Enterprise,DataSync Pro,performance,negative,"DataSync Pro has been timing out constantly since the last update, our team at Umbrella Labs can't get work done."
674,2026-04-17,Umbrella Labs,SMB,InsightBoard,billing,negative,The invoice for InsightBoard doesn't match our contract pricing -- billing needs to fix this ASAP.
675,2026-02-16,Globex Inc,Enterprise,DataSync Pro,bug,negative,Data sync between DataSync Pro and our CRM has been dropping records intermittently.
676,2026-05-12,Acme Corp,Startup,FlowPilot,onboarding,neutral,"Setup for FlowPilot took longer than expected, would be nice to have a clearer setup wizard."
677,2025-09-13,Stark Data Systems,SMB,DataSync Pro,support,negative,Opened a ticket about DataSync Pro five days ago and still no response from support.
678,2026-07-08,Cyberdyne Systems,Enterprise,QuickReport,billing,negative,We were double-charged for QuickReport this month and support at Cyberdyne Systems has been slow to respond.
679,2025-09-28,Stark Data Systems,Startup,FlowPilot,feature_request,neutral,Would love to see a dark mode added to FlowPilot in a future release.
680,2025-11-20,Massive Dynamic,Startup,QuickReport,praise,positive,"QuickReport has completely streamlined reporting for Massive Dynamic, couldn't be happier with the results."
681,2026-09-10,Umbrella Labs,Startup,InsightBoard,praise,positive,"InsightBoard has completely streamlined reporting for Umbrella Labs, couldn't be happier with the results."
682,2026-02-15,Stark Data Systems,SMB,FlowPilot,feature_request,neutral,Any plans to add SSO support to FlowPilot? We'd need that to expand usage at Stark Data Systems.
683,2026-05-27,Massive Dynamic,Startup,InsightBoard,support,negative,Opened a ticket about InsightBoard five days ago and still no response from support.
684,2026-05-22,Cyberdyne Systems,Enterprise,DataSync Pro,onboarding,neutral,"Setup for DataSync Pro took longer than expected, would be nice to have a clearer setup wizard."
685,2026-01-10,Soylent Corp,Startup,MetricHub,praise,positive,"The new MetricHub update is fantastic, our team at Soylent Corp loves the redesigned interface."
686,2026-01-21,Massive Dynamic,SMB,DataSync Pro,feature_request,neutral,Would love to see a dark mode added to DataSync Pro in a future release.
687,2025-11-17,Stark Data Systems,Enterprise,InsightBoard,support,negative,The support team at Stark Data Systems keeps closing our InsightBoard tickets without actually resolving the issue.
688,2026-07-11,Initech,SMB,MetricHub,praise,positive,Support resolved our MetricHub issue within the hour -- great experience overall.
689,2026-01-14,Initech,SMB,FlowPilot,feature_request,neutral,Would love to see a dark mode added to FlowPilot in a future release.
690,2026-06-27,Initech,Startup,MetricHub,bug,negative,MetricHub's new filter feature crashes the app when we select more than 5 tags.
691,2026-09-16,Umbrella Labs,Startup,MetricHub,performance,negative,"Dashboard loads take over 30 seconds in MetricHub, this is unacceptable for Umbrella Labs's reporting needs."
692,2026-07-18,Soylent Corp,Enterprise,InsightBoard,feature_request,neutral,It would help Soylent Corp a lot if InsightBoard supported bulk export to Excel.
693,2026-08-09,Globex Inc,Enterprise,FlowPilot,performance,neutral,"Dashboard loads take over 30 seconds in FlowPilot, this is unacceptable for Globex Inc's reporting needs."
694,2025-10-08,Acme Corp,Startup,InsightBoard,feature_request,neutral,Any plans to add SSO support to InsightBoard? We'd need that to expand usage at Acme Corp.
695,2026-02-09,Stark Data Systems,SMB,FlowPilot,support,negative,Opened a ticket about FlowPilot five days ago and still no response from support.
696,2025-09-28,Massive Dynamic,SMB,DataSync Pro,onboarding,neutral,"Setup for DataSync Pro took longer than expected, would be nice to have a clearer setup wizard."
697,2026-04-07,Cyberdyne Systems,Enterprise,MetricHub,feature_request,neutral,Any plans to add SSO support to MetricHub? We'd need that to expand usage at Cyberdyne Systems.
698,2026-03-02,Hooli,SMB,MetricHub,onboarding,positive,The onboarding docs for MetricHub are a bit outdated but our team at Hooli figured it out eventually.
699,2026-03-19,Acme Corp,SMB,QuickReport,praise,positive,Support resolved our QuickReport issue within the hour -- great experience overall.
700,2026-04-11,Wayne Analytics,Enterprise,QuickReport,bug,negative,Found a bug in QuickReport where exported reports show the wrong currency symbol.
701,2026-04-09,Wayne Analytics,Enterprise,DataSync Pro,feature_request,neutral,Would love to see a dark mode added to DataSync Pro in a future release.
702,2026-09-25,Cyberdyne Systems,SMB,QuickReport,performance,negative,"QuickReport has been timing out constantly since the last update, our team at Cyberdyne Systems can't get work done."
703,2026-07-14,Acme Corp,SMB,MetricHub,praise,positive,"MetricHub has completely streamlined reporting for Acme Corp, couldn't be happier with the results."
704,2025-09-18,Massive Dynamic,Enterprise,FlowPilot,bug,neutral,FlowPilot's new filter feature crashes the app when we select more than 5 tags.
705,2026-09-27,Wayne Analytics,SMB,DataSync Pro,performance,negative,We're seeing frequent 500 errors in DataSync Pro during peak hours.
706,2026-08-08,Initech,Startup,DataSync Pro,onboarding,neutral,The onboarding docs for DataSync Pro are a bit outdated but our team at Initech figured it out eventually.
707,2025-10-13,Wayne Analytics,Enterprise,InsightBoard,performance,negative,We're seeing frequent 500 errors in InsightBoard during peak hours.
708,2025-09-10,Stark Data Systems,Enterprise,QuickReport,onboarding,neutral,New team members at Stark Data Systems find the QuickReport admin console confusing at first.
709,2026-02-14,Soylent Corp,Startup,MetricHub,support,negative,The support team at Soylent Corp keeps closing our MetricHub tickets without actually resolving the issue.
710,2026-09-07,Wayne Analytics,SMB,FlowPilot,feature_request,neutral,Would love to see a dark mode added to FlowPilot in a future release.
711,2026-08-05,Initech,Enterprise,QuickReport,performance,negative,"Dashboard loads take over 30 seconds in QuickReport, this is unacceptable for Initech's reporting needs."
712,2025-11-04,Initech,Startup,MetricHub,performance,negative,We're seeing frequent 500 errors in MetricHub during peak hours.
713,2026-01-25,Initech,Startup,FlowPilot,support,negative,Support wait times for FlowPilot have gotten noticeably worse this quarter.
714,2026-07-04,Initech,Enterprise,MetricHub,onboarding,neutral,New team members at Initech find the MetricHub admin console confusing at first.
715,2026-04-13,Initech,SMB,DataSync Pro,feature_request,neutral,Would love to see a dark mode added to DataSync Pro in a future release.
716,2025-11-07,Stark Data Systems,Startup,FlowPilot,billing,negative,Getting a refund for the FlowPilot overcharge took three weeks. Very frustrating billing process.
717,2026-07-04,Initech,SMB,InsightBoard,feature_request,neutral,Any plans to add SSO support to InsightBoard? We'd need that to expand usage at Initech.
718,2026-08-05,Stark Data Systems,Startup,MetricHub,feature_request,neutral,Any plans to add SSO support to MetricHub? We'd need that to expand usage at Stark Data Systems.
719,2026-01-04,Soylent Corp,Enterprise,MetricHub,bug,neutral,Found a bug in MetricHub where exported reports show the wrong currency symbol.
720,2025-12-25,Massive Dynamic,Startup,QuickReport,praise,positive,"QuickReport has completely streamlined reporting for Massive Dynamic, couldn't be happier with the results."
721,2026-03-10,Umbrella Labs,Startup,InsightBoard,support,negative,Support wait times for InsightBoard have gotten noticeably worse this quarter.
722,2026-08-16,Soylent Corp,Enterprise,FlowPilot,performance,negative,"FlowPilot has been timing out constantly since the last update, our team at Soylent Corp can't get work done."
723,2025-10-04,Initech,Startup,DataSync Pro,support,negative,Opened a ticket about DataSync Pro five days ago and still no response from support.
724,2025-10-24,Acme Corp,Startup,DataSync Pro,praise,neutral,DataSync Pro just works. Rock solid uptime and the Acme Corp team is very satisfied.
725,2026-01-09,Stark Data Systems,SMB,QuickReport,feature_request,neutral,Would love to see a dark mode added to QuickReport in a future release.
726,2026-01-12,Globex Inc,Enterprise,QuickReport,bug,negative,Found a bug in QuickReport where exported reports show the wrong currency symbol.
727,2026-09-02,Hooli,Enterprise,DataSync Pro,praise,neutral,"The new DataSync Pro update is fantastic, our team at Hooli loves the redesigned interface."
728,2026-04-20,Acme Corp,SMB,InsightBoard,billing,negative,We were double-charged for InsightBoard this month and support at Acme Corp has been slow to respond.
729,2025-11-04,Globex Inc,SMB,InsightBoard,support,negative,Support wait times for InsightBoard have gotten noticeably worse this quarter.
730,2026-08-28,Massive Dynamic,SMB,InsightBoard,bug,negative,InsightBoard's new filter feature crashes the app when we select more than 5 tags.
731,2026-08-24,Acme Corp,Enterprise,DataSync Pro,bug,negative,DataSync Pro's new filter feature crashes the app when we select more than 5 tags.
732,2026-04-26,Globex Inc,Startup,FlowPilot,billing,negative,We were double-charged for FlowPilot this month and support at Globex Inc has been slow to respond.
733,2026-03-25,Massive Dynamic,Startup,QuickReport,onboarding,positive,New team members at Massive Dynamic find the QuickReport admin console confusing at first.
734,2026-04-04,Initech,SMB,QuickReport,support,negative,Support wait times for QuickReport have gotten noticeably worse this quarter.
735,2026-07-11,Initech,SMB,DataSync Pro,bug,negative,DataSync Pro's new filter feature crashes the app when we select more than 5 tags.
736,2026-06-08,Soylent Corp,Startup,MetricHub,billing,negative,Getting a refund for the MetricHub overcharge took three weeks. Very frustrating billing process.
737,2026-08-20,Soylent Corp,Startup,MetricHub,feature_request,neutral,It would help Soylent Corp a lot if MetricHub supported bulk export to Excel.
738,2026-07-22,Umbrella Labs,SMB,FlowPilot,billing,negative,The invoice for FlowPilot doesn't match our contract pricing -- billing needs to fix this ASAP.
739,2025-09-01,Acme Corp,Startup,MetricHub,feature_request,neutral,It would help Acme Corp a lot if MetricHub supported bulk export to Excel.
740,2025-11-03,Soylent Corp,SMB,FlowPilot,feature_request,neutral,Would love to see a dark mode added to FlowPilot in a future release.
741,2026-01-02,Wayne Analytics,SMB,QuickReport,praise,positive,QuickReport just works. Rock solid uptime and the Wayne Analytics team is very satisfied.
742,2025-12-03,Soylent Corp,SMB,FlowPilot,onboarding,neutral,The onboarding docs for FlowPilot are a bit outdated but our team at Soylent Corp figured it out eventually.
743,2026-04-15,Cyberdyne Systems,Enterprise,FlowPilot,bug,negative,FlowPilot's new filter feature crashes the app when we select more than 5 tags.
744,2026-03-14,Massive Dynamic,Enterprise,DataSync Pro,support,negative,Opened a ticket about DataSync Pro five days ago and still no response from support.
745,2026-09-20,Soylent Corp,Enterprise,DataSync Pro,billing,negative,Getting a refund for the DataSync Pro overcharge took three weeks. Very frustrating billing process.
746,2025-12-21,Stark Data Systems,Startup,MetricHub,onboarding,neutral,New team members at Stark Data Systems find the MetricHub admin console confusing at first.
747,2025-12-28,Wayne Analytics,Enterprise,InsightBoard,feature_request,positive,It would help Wayne Analytics a lot if InsightBoard supported bulk export to Excel.
748,2026-04-23,Soylent Corp,Startup,MetricHub,bug,negative,MetricHub's new filter feature crashes the app when we select more than 5 tags.
749,2026-09-22,Massive Dynamic,Enterprise,DataSync Pro,feature_request,positive,It would help Massive Dynamic a lot if DataSync Pro supported bulk export to Excel.
750,2026-09-10,Wayne Analytics,Startup,InsightBoard,performance,negative,"InsightBoard has been timing out constantly since the last update, our team at Wayne Analytics can't get work done."
751,2025-11-16,Wayne Analytics,Enterprise,DataSync Pro,onboarding,neutral,New team members at Wayne Analytics find the DataSync Pro admin console confusing at first.
752,2026-06-07,Hooli,SMB,DataSync Pro,performance,negative,We're seeing frequent 500 errors in DataSync Pro during peak hours.
753,2026-09-07,Hooli,SMB,QuickReport,performance,negative,"QuickReport has been timing out constantly since the last update, our team at Hooli can't get work done."
754,2026-07-27,Globex Inc,Enterprise,FlowPilot,feature_request,neutral,It would help Globex Inc a lot if FlowPilot supported bulk export to Excel.
755,2026-07-19,Globex Inc,SMB,FlowPilot,feature_request,neutral,Any plans to add SSO support to FlowPilot? We'd need that to expand usage at Globex Inc.
756,2026-08-02,Massive Dynamic,Startup,DataSync Pro,onboarding,neutral,The onboarding docs for DataSync Pro are a bit outdated but our team at Massive Dynamic figured it out eventually.
757,2026-09-06,Cyberdyne Systems,Startup,FlowPilot,onboarding,neutral,"Setup for FlowPilot took longer than expected, would be nice to have a clearer setup wizard."
758,2026-03-22,Acme Corp,Enterprise,QuickReport,feature_request,neutral,Any plans to add SSO support to QuickReport? We'd need that to expand usage at Acme Corp.
759,2026-03-20,Wayne Analytics,SMB,MetricHub,onboarding,neutral,New team members at Wayne Analytics find the MetricHub admin console confusing at first.
760,2026-01-15,Stark Data Systems,SMB,FlowPilot,feature_request,neutral,Would love to see a dark mode added to FlowPilot in a future release.
761,2026-08-24,Acme Corp,Startup,FlowPilot,praise,positive,Support resolved our FlowPilot issue within the hour -- great experience overall.
762,2026-08-18,Soylent Corp,Startup,InsightBoard,onboarding,neutral,"Setup for InsightBoard took longer than expected, would be nice to have a clearer setup wizard."
763,2026-08-10,Umbrella Labs,Startup,QuickReport,feature_request,neutral,Would love to see a dark mode added to QuickReport in a future release.
764,2026-05-23,Acme Corp,Startup,QuickReport,feature_request,neutral,It would help Acme Corp a lot if QuickReport supported bulk export to Excel.
765,2026-04-19,Globex Inc,Startup,InsightBoard,feature_request,neutral,It would help Globex Inc a lot if InsightBoard supported bulk export to Excel.
766,2026-03-26,Hooli,SMB,MetricHub,onboarding,neutral,New team members at Hooli find the MetricHub admin console confusing at first.
767,2025-11-02,Globex Inc,SMB,DataSync Pro,billing,negative,Getting a refund for the DataSync Pro overcharge took three weeks. Very frustrating billing process.
768,2026-01-22,Umbrella Labs,Enterprise,InsightBoard,feature_request,neutral,Would love to see a dark mode added to InsightBoard in a future release.
769,2026-09-18,Initech,Enterprise,InsightBoard,support,negative,Opened a ticket about InsightBoard five days ago and still no response from support.
770,2026-07-24,Massive Dynamic,Startup,DataSync Pro,billing,negative,The invoice for DataSync Pro doesn't match our contract pricing -- billing needs to fix this ASAP.
771,2026-05-26,Soylent Corp,Enterprise,FlowPilot,onboarding,neutral,The onboarding docs for FlowPilot are a bit outdated but our team at Soylent Corp figured it out eventually.
772,2026-03-26,Initech,SMB,FlowPilot,praise,positive,"The new FlowPilot update is fantastic, our team at Initech loves the redesigned interface."
773,2026-08-09,Soylent Corp,Enterprise,DataSync Pro,feature_request,neutral,It would help Soylent Corp a lot if DataSync Pro supported bulk export to Excel.
774,2026-08-23,Massive Dynamic,Startup,QuickReport,performance,negative,We're seeing frequent 500 errors in QuickReport during peak hours.
775,2026-06-07,Cyberdyne Systems,Startup,MetricHub,feature_request,neutral,It would help Cyberdyne Systems a lot if MetricHub supported bulk export to Excel.
776,2026-07-03,Stark Data Systems,Enterprise,FlowPilot,praise,positive,Support resolved our FlowPilot issue within the hour -- great experience overall.
777,2025-09-14,Soylent Corp,SMB,DataSync Pro,performance,negative,"DataSync Pro has been timing out constantly since the last update, our team at Soylent Corp can't get work done."
778,2026-06-28,Stark Data Systems,Enterprise,QuickReport,support,negative,Support wait times for QuickReport have gotten noticeably worse this quarter.
779,2025-11-02,Wayne Analytics,Startup,FlowPilot,support,neutral,Opened a ticket about FlowPilot five days ago and still no response from support.
780,2026-06-27,Cyberdyne Systems,Startup,DataSync Pro,performance,negative,"Dashboard loads take over 30 seconds in DataSync Pro, this is unacceptable for Cyberdyne Systems's reporting needs."
781,2026-02-03,Massive Dynamic,Startup,MetricHub,feature_request,neutral,It would help Massive Dynamic a lot if MetricHub supported bulk export to Excel.
782,2026-05-03,Soylent Corp,Enterprise,QuickReport,praise,positive,"The new QuickReport update is fantastic, our team at Soylent Corp loves the redesigned interface."
783,2026-03-03,Hooli,Startup,MetricHub,praise,positive,Support resolved our MetricHub issue within the hour -- great experience overall.
784,2026-02-10,Umbrella Labs,SMB,InsightBoard,support,negative,Opened a ticket about InsightBoard five days ago and still no response from support.
785,2026-09-21,Soylent Corp,Startup,FlowPilot,performance,negative,We're seeing frequent 500 errors in FlowPilot during peak hours.
786,2026-07-20,Wayne Analytics,Enterprise,FlowPilot,billing,negative,We were double-charged for FlowPilot this month and support at Wayne Analytics has been slow to respond.
787,2026-09-04,Initech,SMB,InsightBoard,onboarding,positive,The onboarding docs for InsightBoard are a bit outdated but our team at Initech figured it out eventually.
788,2026-05-27,Soylent Corp,Enterprise,InsightBoard,bug,negative,InsightBoard's new filter feature crashes the app when we select more than 5 tags.
789,2026-04-02,Soylent Corp,SMB,MetricHub,praise,positive,"The new MetricHub update is fantastic, our team at Soylent Corp loves the redesigned interface."
790,2025-10-04,Umbrella Labs,Startup,InsightBoard,support,negative,Support wait times for InsightBoard have gotten noticeably worse this quarter.
791,2025-10-07,Soylent Corp,Startup,DataSync Pro,performance,negative,We're seeing frequent 500 errors in DataSync Pro during peak hours.
792,2025-12-18,Umbrella Labs,Enterprise,FlowPilot,feature_request,neutral,Any plans to add SSO support to FlowPilot? We'd need that to expand usage at Umbrella Labs.
793,2026-04-23,Globex Inc,Enterprise,QuickReport,praise,neutral,QuickReport just works. Rock solid uptime and the Globex Inc team is very satisfied.
794,2025-11-26,Globex Inc,Enterprise,DataSync Pro,support,negative,Opened a ticket about DataSync Pro five days ago and still no response from support.
795,2026-01-14,Globex Inc,Enterprise,MetricHub,support,negative,Support wait times for MetricHub have gotten noticeably worse this quarter.
796,2025-09-13,Hooli,SMB,FlowPilot,bug,negative,FlowPilot's new filter feature crashes the app when we select more than 5 tags.
797,2026-08-20,Soylent Corp,Startup,DataSync Pro,feature_request,neutral,Would love to see a dark mode added to DataSync Pro in a future release.
798,2025-10-12,Cyberdyne Systems,Startup,DataSync Pro,billing,neutral,Getting a refund for the DataSync Pro overcharge took three weeks. Very frustrating billing process.
799,2025-10-10,Stark Data Systems,Startup,InsightBoard,onboarding,neutral,The onboarding docs for InsightBoard are a bit outdated but our team at Stark Data Systems figured it out eventually.
800,2025-09-16,Hooli,Startup,FlowPilot,praise,positive,FlowPilot just works. Rock solid uptime and the Hooli team is very satisfied.
801,2026-03-26,Umbrella Labs,Startup,QuickReport,performance,negative,We're seeing frequent 500 errors in QuickReport during peak hours.
802,2026-09-28,Acme Corp,Startup,InsightBoard,praise,positive,"The new InsightBoard update is fantastic, our team at Acme Corp loves the redesigned interface."
803,2026-05-05,Wayne Analytics,Startup,DataSync Pro,feature_request,neutral,Any plans to add SSO support to DataSync Pro? We'd need that to expand usage at Wayne Analytics.
804,2026-03-18,Initech,Startup,MetricHub,billing,negative,We were double-charged for MetricHub this month and support at Initech has been slow to respond.
805,2026-08-24,Stark Data Systems,Startup,QuickReport,onboarding,positive,The onboarding docs for QuickReport are a bit outdated but our team at Stark Data Systems figured it out eventually.
806,2025-11-06,Hooli,Enterprise,MetricHub,support,negative,Opened a ticket about MetricHub five days ago and still no response from support.
807,2025-11-22,Stark Data Systems,Enterprise,QuickReport,performance,neutral,We're seeing frequent 500 errors in QuickReport during peak hours.
808,2026-05-03,Soylent Corp,Startup,FlowPilot,praise,positive,"FlowPilot has completely streamlined reporting for Soylent Corp, couldn't be happier with the results."
809,2025-12-24,Globex Inc,Enterprise,InsightBoard,support,neutral,Support wait times for InsightBoard have gotten noticeably worse this quarter.
810,2026-07-21,Wayne Analytics,Enterprise,InsightBoard,onboarding,neutral,"Setup for InsightBoard took longer than expected, would be nice to have a clearer setup wizard."
811,2025-12-11,Stark Data Systems,Enterprise,MetricHub,performance,negative,"MetricHub has been timing out constantly since the last update, our team at Stark Data Systems can't get work done."
812,2026-01-23,Wayne Analytics,Startup,MetricHub,bug,negative,MetricHub's new filter feature crashes the app when we select more than 5 tags.
813,2026-09-11,Cyberdyne Systems,SMB,MetricHub,onboarding,neutral,The onboarding docs for MetricHub are a bit outdated but our team at Cyberdyne Systems figured it out eventually.
814,2026-09-08,Initech,Enterprise,InsightBoard,bug,negative,Found a bug in InsightBoard where exported reports show the wrong currency symbol.
815,2025-11-22,Hooli,SMB,InsightBoard,feature_request,neutral,Any plans to add SSO support to InsightBoard? We'd need that to expand usage at Hooli.
816,2026-02-25,Massive Dynamic,SMB,FlowPilot,feature_request,neutral,It would help Massive Dynamic a lot if FlowPilot supported bulk export to Excel.
817,2026-07-20,Soylent Corp,Enterprise,DataSync Pro,support,negative,The support team at Soylent Corp keeps closing our DataSync Pro tickets without actually resolving the issue.
818,2026-01-24,Acme Corp,Enterprise,MetricHub,billing,negative,The invoice for MetricHub doesn't match our contract pricing -- billing needs to fix this ASAP.
819,2026-07-01,Globex Inc,Startup,DataSync Pro,feature_request,neutral,Would love to see a dark mode added to DataSync Pro in a future release.
820,2026-05-09,Cyberdyne Systems,Enterprise,QuickReport,praise,positive,QuickReport just works. Rock solid uptime and the Cyberdyne Systems team is very satisfied.
821,2026-03-08,Massive Dynamic,SMB,QuickReport,onboarding,neutral,New team members at Massive Dynamic find the QuickReport admin console confusing at first.
822,2026-05-03,Acme Corp,Startup,FlowPilot,praise,positive,"The new FlowPilot update is fantastic, our team at Acme Corp loves the redesigned interface."
823,2025-12-28,Soylent Corp,Startup,DataSync Pro,bug,negative,DataSync Pro's new filter feature crashes the app when we select more than 5 tags.
824,2025-11-06,Soylent Corp,SMB,QuickReport,praise,positive,Support resolved our QuickReport issue within the hour -- great experience overall.
825,2025-09-08,Acme Corp,SMB,FlowPilot,onboarding,neutral,New team members at Acme Corp find the FlowPilot admin console confusing at first.
826,2026-02-08,Umbrella Labs,SMB,DataSync Pro,praise,positive,DataSync Pro just works. Rock solid uptime and the Umbrella Labs team is very satisfied.
827,2026-03-16,Umbrella Labs,SMB,MetricHub,billing,negative,Getting a refund for the MetricHub overcharge took three weeks. Very frustrating billing process.
828,2026-08-17,Initech,Enterprise,InsightBoard,bug,negative,Found a bug in InsightBoard where exported reports show the wrong currency symbol.
829,2026-06-06,Stark Data Systems,Startup,MetricHub,feature_request,positive,It would help Stark Data Systems a lot if MetricHub supported bulk export to Excel.
830,2026-07-27,Hooli,Startup,InsightBoard,bug,neutral,Data sync between InsightBoard and our CRM has been dropping records intermittently.
831,2026-05-13,Stark Data Systems,Enterprise,FlowPilot,billing,negative,Getting a refund for the FlowPilot overcharge took three weeks. Very frustrating billing process.
832,2025-09-17,Massive Dynamic,Startup,FlowPilot,support,negative,The support team at Massive Dynamic keeps closing our FlowPilot tickets without actually resolving the issue.
833,2026-05-21,Acme Corp,Enterprise,QuickReport,performance,negative,"Dashboard loads take over 30 seconds in QuickReport, this is unacceptable for Acme Corp's reporting needs."
834,2026-02-20,Acme Corp,Enterprise,QuickReport,support,negative,Opened a ticket about QuickReport five days ago and still no response from support.
835,2026-08-04,Umbrella Labs,SMB,FlowPilot,feature_request,neutral,Would love to see a dark mode added to FlowPilot in a future release.
836,2026-06-06,Massive Dynamic,Enterprise,FlowPilot,bug,negative,Data sync between FlowPilot and our CRM has been dropping records intermittently.
837,2025-11-19,Initech,Enterprise,QuickReport,feature_request,neutral,It would help Initech a lot if QuickReport supported bulk export to Excel.
838,2026-06-05,Acme Corp,Enterprise,MetricHub,onboarding,neutral,The onboarding docs for MetricHub are a bit outdated but our team at Acme Corp figured it out eventually.
839,2026-03-20,Stark Data Systems,Startup,QuickReport,billing,negative,We were double-charged for QuickReport this month and support at Stark Data Systems has been slow to respond.
840,2025-12-15,Initech,Enterprise,InsightBoard,onboarding,neutral,New team members at Initech find the InsightBoard admin console confusing at first.
841,2026-03-20,Massive Dynamic,Enterprise,QuickReport,onboarding,neutral,"Setup for QuickReport took longer than expected, would be nice to have a clearer setup wizard."
842,2026-05-09,Acme Corp,Startup,MetricHub,performance,negative,We're seeing frequent 500 errors in MetricHub during peak hours.
843,2026-06-03,Wayne Analytics,Startup,FlowPilot,performance,negative,We're seeing frequent 500 errors in FlowPilot during peak hours.
844,2025-09-07,Hooli,Enterprise,QuickReport,performance,negative,"Dashboard loads take over 30 seconds in QuickReport, this is unacceptable for Hooli's reporting needs."
845,2025-10-06,Hooli,Startup,QuickReport,onboarding,neutral,New team members at Hooli find the QuickReport admin console confusing at first.
846,2026-05-25,Cyberdyne Systems,Startup,DataSync Pro,bug,neutral,Data sync between DataSync Pro and our CRM has been dropping records intermittently.
847,2026-05-27,Massive Dynamic,Startup,QuickReport,billing,negative,We were double-charged for QuickReport this month and support at Massive Dynamic has been slow to respond.
848,2026-02-28,Hooli,SMB,MetricHub,billing,negative,Getting a refund for the MetricHub overcharge took three weeks. Very frustrating billing process.
849,2026-09-16,Soylent Corp,Enterprise,FlowPilot,billing,negative,Getting a refund for the FlowPilot overcharge took three weeks. Very frustrating billing process.
850,2026-09-27,Wayne Analytics,Startup,MetricHub,praise,positive,MetricHub just works. Rock solid uptime and the Wayne Analytics team is very satisfied.
851,2026-01-16,Globex Inc,Enterprise,FlowPilot,feature_request,positive,Any plans to add SSO support to FlowPilot? We'd need that to expand usage at Globex Inc.
852,2026-05-14,Globex Inc,Startup,InsightBoard,praise,positive,Support resolved our InsightBoard issue within the hour -- great experience overall.
853,2026-05-04,Initech,Startup,DataSync Pro,support,negative,Opened a ticket about DataSync Pro five days ago and still no response from support.
854,2026-09-11,Hooli,Startup,QuickReport,onboarding,neutral,The onboarding docs for QuickReport are a bit outdated but our team at Hooli figured it out eventually.
855,2026-07-19,Globex Inc,SMB,QuickReport,bug,neutral,QuickReport's new filter feature crashes the app when we select more than 5 tags.
856,2026-02-20,Soylent Corp,Startup,FlowPilot,support,negative,The support team at Soylent Corp keeps closing our FlowPilot tickets without actually resolving the issue.
857,2026-05-26,Hooli,SMB,QuickReport,support,negative,Support wait times for QuickReport have gotten noticeably worse this quarter.
858,2026-05-16,Acme Corp,Startup,InsightBoard,onboarding,neutral,"Setup for InsightBoard took longer than expected, would be nice to have a clearer setup wizard."
859,2026-03-24,Cyberdyne Systems,Startup,InsightBoard,support,negative,The support team at Cyberdyne Systems keeps closing our InsightBoard tickets without actually resolving the issue.
860,2026-09-23,Globex Inc,SMB,QuickReport,performance,negative,We're seeing frequent 500 errors in QuickReport during peak hours.
861,2026-09-11,Umbrella Labs,SMB,MetricHub,performance,negative,"MetricHub has been timing out constantly since the last update, our team at Umbrella Labs can't get work done."
862,2025-09-26,Acme Corp,Startup,FlowPilot,praise,neutral,"FlowPilot has completely streamlined reporting for Acme Corp, couldn't be happier with the results."
863,2025-10-03,Massive Dynamic,SMB,MetricHub,billing,negative,We were double-charged for MetricHub this month and support at Massive Dynamic has been slow to respond.
864,2025-09-24,Wayne Analytics,Startup,DataSync Pro,support,negative,Opened a ticket about DataSync Pro five days ago and still no response from support.
865,2026-08-20,Cyberdyne Systems,SMB,MetricHub,bug,negative,MetricHub's new filter feature crashes the app when we select more than 5 tags.
866,2025-12-28,Massive Dynamic,Enterprise,FlowPilot,billing,negative,We were double-charged for FlowPilot this month and support at Massive Dynamic has been slow to respond.
867,2026-09-20,Stark Data Systems,Enterprise,QuickReport,feature_request,positive,Any plans to add SSO support to QuickReport? We'd need that to expand usage at Stark Data Systems.
868,2026-07-02,Umbrella Labs,Enterprise,MetricHub,onboarding,neutral,New team members at Umbrella Labs find the MetricHub admin console confusing at first.
869,2026-01-25,Initech,Enterprise,QuickReport,support,negative,Opened a ticket about QuickReport five days ago and still no response from support.
870,2025-12-17,Hooli,Startup,FlowPilot,bug,negative,FlowPilot's new filter feature crashes the app when we select more than 5 tags.
871,2026-01-24,Globex Inc,Startup,DataSync Pro,billing,negative,Getting a refund for the DataSync Pro overcharge took three weeks. Very frustrating billing process.
872,2026-06-07,Wayne Analytics,Enterprise,InsightBoard,praise,positive,"The new InsightBoard update is fantastic, our team at Wayne Analytics loves the redesigned interface."
873,2025-11-14,Cyberdyne Systems,SMB,DataSync Pro,bug,negative,DataSync Pro's new filter feature crashes the app when we select more than 5 tags.
874,2026-01-11,Soylent Corp,Startup,DataSync Pro,onboarding,positive,The onboarding docs for DataSync Pro are a bit outdated but our team at Soylent Corp figured it out eventually.
875,2026-01-23,Stark Data Systems,Startup,MetricHub,billing,negative,Getting a refund for the MetricHub overcharge took three weeks. Very frustrating billing process.
876,2026-09-11,Cyberdyne Systems,Enterprise,FlowPilot,bug,negative,FlowPilot's new filter feature crashes the app when we select more than 5 tags.
877,2026-04-04,Massive Dynamic,Enterprise,MetricHub,praise,positive,MetricHub just works. Rock solid uptime and the Massive Dynamic team is very satisfied.
878,2026-08-08,Hooli,Startup,QuickReport,support,negative,Opened a ticket about QuickReport five days ago and still no response from support.
879,2026-05-01,Hooli,Startup,InsightBoard,praise,positive,"The new InsightBoard update is fantastic, our team at Hooli loves the redesigned interface."
880,2026-03-22,Umbrella Labs,Enterprise,InsightBoard,feature_request,neutral,It would help Umbrella Labs a lot if InsightBoard supported bulk export to Excel.
881,2026-04-11,Globex Inc,Enterprise,MetricHub,feature_request,positive,It would help Globex Inc a lot if MetricHub supported bulk export to Excel.
882,2026-08-22,Cyberdyne Systems,Enterprise,InsightBoard,support,negative,Opened a ticket about InsightBoard five days ago and still no response from support.
883,2025-12-28,Umbrella Labs,Startup,QuickReport,performance,negative,"Dashboard loads take over 30 seconds in QuickReport, this is unacceptable for Umbrella Labs's reporting needs."
884,2026-06-12,Umbrella Labs,Enterprise,QuickReport,support,negative,Opened a ticket about QuickReport five days ago and still no response from support.
885,2026-07-16,Globex Inc,Startup,DataSync Pro,performance,negative,"DataSync Pro has been timing out constantly since the last update, our team at Globex Inc can't get work done."
886,2026-02-20,Soylent Corp,SMB,DataSync Pro,onboarding,neutral,The onboarding docs for DataSync Pro are a bit outdated but our team at Soylent Corp figured it out eventually.
887,2025-11-25,Cyberdyne Systems,SMB,InsightBoard,support,negative,The support team at Cyberdyne Systems keeps closing our InsightBoard tickets without actually resolving the issue.
888,2025-11-02,Hooli,Startup,QuickReport,onboarding,neutral,"Setup for QuickReport took longer than expected, would be nice to have a clearer setup wizard."
889,2026-05-12,Massive Dynamic,Enterprise,MetricHub,onboarding,neutral,"Setup for MetricHub took longer than expected, would be nice to have a clearer setup wizard."
890,2026-08-17,Acme Corp,Enterprise,FlowPilot,bug,negative,Data sync between FlowPilot and our CRM has been dropping records intermittently.
891,2025-12-13,Initech,Startup,DataSync Pro,bug,negative,DataSync Pro's new filter feature crashes the app when we select more than 5 tags.
892,2026-01-06,Wayne Analytics,Startup,InsightBoard,onboarding,neutral,The onboarding docs for InsightBoard are a bit outdated but our team at Wayne Analytics figured it out eventually.
893,2026-06-11,Umbrella Labs,SMB,InsightBoard,onboarding,neutral,"Setup for InsightBoard took longer than expected, would be nice to have a clearer setup wizard."
894,2026-03-23,Massive Dynamic,Enterprise,FlowPilot,support,negative,Opened a ticket about FlowPilot five days ago and still no response from support.
895,2026-04-06,Wayne Analytics,SMB,FlowPilot,praise,positive,"The new FlowPilot update is fantastic, our team at Wayne Analytics loves the redesigned interface."
896,2026-08-09,Cyberdyne Systems,Enterprise,QuickReport,onboarding,neutral,The onboarding docs for QuickReport are a bit outdated but our team at Cyberdyne Systems figured it out eventually.
897,2025-12-05,Soylent Corp,SMB,FlowPilot,praise,positive,Support resolved our FlowPilot issue within the hour -- great experience overall.
898,2026-03-16,Massive Dynamic,Enterprise,DataSync Pro,praise,positive,Support resolved our DataSync Pro issue within the hour -- great experience overall.
899,2026-02-26,Soylent Corp,Startup,MetricHub,performance,negative,We're seeing frequent 500 errors in MetricHub during peak hours.
900,2025-09-13,Stark Data Systems,Startup,MetricHub,bug,negative,MetricHub's new filter feature crashes the app when we select more than 5 tags.
901,2026-01-16,Acme Corp,Enterprise,DataSync Pro,billing,negative,Getting a refund for the DataSync Pro overcharge took three weeks. Very frustrating billing process.
902,2026-02-12,Massive Dynamic,SMB,InsightBoard,praise,positive,"InsightBoard has completely streamlined reporting for Massive Dynamic, couldn't be happier with the results."
903,2026-03-04,Stark Data Systems,Enterprise,InsightBoard,onboarding,neutral,New team members at Stark Data Systems find the InsightBoard admin console confusing at first.
904,2026-06-21,Cyberdyne Systems,Startup,QuickReport,support,negative,Support wait times for QuickReport have gotten noticeably worse this quarter.
905,2026-02-22,Acme Corp,SMB,InsightBoard,feature_request,neutral,Any plans to add SSO support to InsightBoard? We'd need that to expand usage at Acme Corp.
906,2026-06-10,Massive Dynamic,SMB,DataSync Pro,onboarding,positive,"Setup for DataSync Pro took longer than expected, would be nice to have a clearer setup wizard."
907,2026-09-11,Acme Corp,Startup,QuickReport,bug,negative,Data sync between QuickReport and our CRM has been dropping records intermittently.
908,2025-10-03,Cyberdyne Systems,SMB,MetricHub,bug,negative,Data sync between MetricHub and our CRM has been dropping records intermittently.
909,2026-07-10,Umbrella Labs,SMB,InsightBoard,performance,negative,"Dashboard loads take over 30 seconds in InsightBoard, this is unacceptable for Umbrella Labs's reporting needs."
910,2026-04-25,Cyberdyne Systems,SMB,FlowPilot,feature_request,neutral,It would help Cyberdyne Systems a lot if FlowPilot supported bulk export to Excel.
911,2026-03-06,Cyberdyne Systems,SMB,MetricHub,praise,positive,"The new MetricHub update is fantastic, our team at Cyberdyne Systems loves the redesigned interface."
912,2026-01-24,Acme Corp,Startup,QuickReport,performance,negative,"QuickReport has been timing out constantly since the last update, our team at Acme Corp can't get work done."
913,2026-03-04,Globex Inc,Enterprise,QuickReport,feature_request,neutral,Any plans to add SSO support to QuickReport? We'd need that to expand usage at Globex Inc.
914,2025-09-25,Massive Dynamic,Enterprise,MetricHub,billing,negative,We were double-charged for MetricHub this month and support at Massive Dynamic has been slow to respond.
915,2026-06-05,Globex Inc,SMB,DataSync Pro,bug,negative,Data sync between DataSync Pro and our CRM has been dropping records intermittently.
916,2025-12-24,Hooli,Enterprise,InsightBoard,billing,negative,Getting a refund for the InsightBoard overcharge took three weeks. Very frustrating billing process.
917,2025-11-01,Acme Corp,Startup,QuickReport,support,negative,The support team at Acme Corp keeps closing our QuickReport tickets without actually resolving the issue.
918,2026-04-28,Wayne Analytics,SMB,InsightBoard,billing,negative,Getting a refund for the InsightBoard overcharge took three weeks. Very frustrating billing process.
919,2026-08-18,Soylent Corp,Enterprise,FlowPilot,onboarding,positive,"Setup for FlowPilot took longer than expected, would be nice to have a clearer setup wizard."
920,2026-08-21,Cyberdyne Systems,Startup,FlowPilot,performance,negative,We're seeing frequent 500 errors in FlowPilot during peak hours.
921,2026-02-16,Soylent Corp,SMB,MetricHub,onboarding,positive,"Setup for MetricHub took longer than expected, would be nice to have a clearer setup wizard."
922,2026-02-14,Globex Inc,SMB,FlowPilot,onboarding,neutral,The onboarding docs for FlowPilot are a bit outdated but our team at Globex Inc figured it out eventually.
923,2026-05-27,Stark Data Systems,Enterprise,DataSync Pro,support,negative,Opened a ticket about DataSync Pro five days ago and still no response from support.
924,2026-05-01,Wayne Analytics,SMB,InsightBoard,praise,positive,Support resolved our InsightBoard issue within the hour -- great experience overall.
925,2026-09-14,Massive Dynamic,Enterprise,InsightBoard,feature_request,neutral,It would help Massive Dynamic a lot if InsightBoard supported bulk export to Excel.
926,2026-05-12,Cyberdyne Systems,Enterprise,QuickReport,praise,positive,"The new QuickReport update is fantastic, our team at Cyberdyne Systems loves the redesigned interface."
927,2025-12-06,Soylent Corp,SMB,FlowPilot,performance,negative,"Dashboard loads take over 30 seconds in FlowPilot, this is unacceptable for Soylent Corp's reporting needs."
928,2026-01-03,Hooli,Enterprise,FlowPilot,feature_request,neutral,Any plans to add SSO support to FlowPilot? We'd need that to expand usage at Hooli.
929,2026-09-23,Umbrella Labs,Startup,MetricHub,bug,negative,Data sync between MetricHub and our CRM has been dropping records intermittently.
930,2026-03-07,Stark Data Systems,SMB,MetricHub,feature_request,neutral,It would help Stark Data Systems a lot if MetricHub supported bulk export to Excel.
931,2025-10-21,Acme Corp,SMB,QuickReport,praise,positive,"QuickReport has completely streamlined reporting for Acme Corp, couldn't be happier with the results."
932,2026-06-16,Massive Dynamic,Startup,InsightBoard,bug,negative,Data sync between InsightBoard and our CRM has been dropping records intermittently.
933,2026-05-01,Initech,Enterprise,QuickReport,performance,neutral,"Dashboard loads take over 30 seconds in QuickReport, this is unacceptable for Initech's reporting needs."
934,2026-08-15,Stark Data Systems,Enterprise,InsightBoard,performance,neutral,"InsightBoard has been timing out constantly since the last update, our team at Stark Data Systems can't get work done."
935,2025-09-16,Umbrella Labs,Enterprise,DataSync Pro,feature_request,neutral,Would love to see a dark mode added to DataSync Pro in a future release.
936,2026-02-15,Hooli,SMB,InsightBoard,performance,neutral,"Dashboard loads take over 30 seconds in InsightBoard, this is unacceptable for Hooli's reporting needs."
937,2025-09-09,Wayne Analytics,Enterprise,DataSync Pro,feature_request,positive,Would love to see a dark mode added to DataSync Pro in a future release.
938,2025-11-07,Globex Inc,SMB,MetricHub,praise,positive,MetricHub just works. Rock solid uptime and the Globex Inc team is very satisfied.
939,2026-09-23,Hooli,Enterprise,DataSync Pro,praise,positive,"The new DataSync Pro update is fantastic, our team at Hooli loves the redesigned interface."
940,2025-09-07,Massive Dynamic,Startup,QuickReport,performance,negative,"Dashboard loads take over 30 seconds in QuickReport, this is unacceptable for Massive Dynamic's reporting needs."
941,2025-12-16,Globex Inc,Startup,MetricHub,bug,negative,Data sync between MetricHub and our CRM has been dropping records intermittently.
942,2026-07-24,Stark Data Systems,Enterprise,InsightBoard,bug,negative,Data sync between InsightBoard and our CRM has been dropping records intermittently.
943,2026-01-16,Soylent Corp,Enterprise,MetricHub,billing,negative,Getting a refund for the MetricHub overcharge took three weeks. Very frustrating billing process.
944,2026-07-07,Umbrella Labs,Enterprise,InsightBoard,feature_request,neutral,It would help Umbrella Labs a lot if InsightBoard supported bulk export to Excel.
945,2025-11-26,Hooli,Enterprise,InsightBoard,billing,negative,We were double-charged for InsightBoard this month and support at Hooli has been slow to respond.
946,2025-09-02,Globex Inc,Enterprise,FlowPilot,support,negative,Support wait times for FlowPilot have gotten noticeably worse this quarter.
947,2026-02-25,Massive Dynamic,Enterprise,MetricHub,onboarding,neutral,New team members at Massive Dynamic find the MetricHub admin console confusing at first.
948,2026-07-20,Acme Corp,Enterprise,FlowPilot,billing,negative,We were double-charged for FlowPilot this month and support at Acme Corp has been slow to respond.
949,2026-07-05,Initech,SMB,DataSync Pro,support,negative,Support wait times for DataSync Pro have gotten noticeably worse this quarter.
950,2025-12-11,Globex Inc,SMB,QuickReport,feature_request,positive,Any plans to add SSO support to QuickReport? We'd need that to expand usage at Globex Inc.
951,2025-12-01,Wayne Analytics,Startup,FlowPilot,onboarding,neutral,New team members at Wayne Analytics find the FlowPilot admin console confusing at first.
952,2025-09-16,Wayne Analytics,SMB,QuickReport,feature_request,neutral,It would help Wayne Analytics a lot if QuickReport supported bulk export to Excel.
953,2026-08-16,Soylent Corp,Startup,InsightBoard,feature_request,neutral,It would help Soylent Corp a lot if InsightBoard supported bulk export to Excel.
954,2026-02-24,Acme Corp,SMB,MetricHub,performance,negative,We're seeing frequent 500 errors in MetricHub during peak hours.
955,2025-10-17,Cyberdyne Systems,Enterprise,MetricHub,bug,negative,MetricHub's new filter feature crashes the app when we select more than 5 tags.
956,2026-02-15,Stark Data Systems,Startup,InsightBoard,performance,negative,"Dashboard loads take over 30 seconds in InsightBoard, this is unacceptable for Stark Data Systems's reporting needs."
957,2025-11-01,Soylent Corp,Startup,FlowPilot,billing,negative,Getting a refund for the FlowPilot overcharge took three weeks. Very frustrating billing process.
958,2026-08-03,Cyberdyne Systems,SMB,QuickReport,onboarding,neutral,"Setup for QuickReport took longer than expected, would be nice to have a clearer setup wizard."
959,2026-07-16,Hooli,Startup,QuickReport,feature_request,neutral,Any plans to add SSO support to QuickReport? We'd need that to expand usage at Hooli.
960,2026-03-21,Cyberdyne Systems,SMB,InsightBoard,praise,positive,Support resolved our InsightBoard issue within the hour -- great experience overall.
961,2025-10-02,Globex Inc,Startup,MetricHub,support,negative,Opened a ticket about MetricHub five days ago and still no response from support.
962,2025-10-16,Acme Corp,Enterprise,DataSync Pro,praise,positive,Support resolved our DataSync Pro issue within the hour -- great experience overall.
963,2026-03-22,Initech,Startup,MetricHub,performance,negative,"MetricHub has been timing out constantly since the last update, our team at Initech can't get work done."
964,2025-09-12,Cyberdyne Systems,SMB,MetricHub,bug,negative,Data sync between MetricHub and our CRM has been dropping records intermittently.
965,2026-07-16,Globex Inc,Enterprise,DataSync Pro,performance,negative,We're seeing frequent 500 errors in DataSync Pro during peak hours.
966,2026-05-24,Massive Dynamic,SMB,DataSync Pro,praise,positive,"DataSync Pro has completely streamlined reporting for Massive Dynamic, couldn't be happier with the results."
967,2026-05-02,Initech,SMB,MetricHub,bug,negative,MetricHub's new filter feature crashes the app when we select more than 5 tags.
968,2026-05-04,Stark Data Systems,Enterprise,DataSync Pro,feature_request,neutral,Would love to see a dark mode added to DataSync Pro in a future release.
969,2025-12-07,Umbrella Labs,SMB,MetricHub,billing,negative,Getting a refund for the MetricHub overcharge took three weeks. Very frustrating billing process.
970,2025-11-18,Umbrella Labs,Startup,MetricHub,onboarding,neutral,New team members at Umbrella Labs find the MetricHub admin console confusing at first.
971,2026-06-12,Hooli,Startup,DataSync Pro,feature_request,neutral,Any plans to add SSO support to DataSync Pro? We'd need that to expand usage at Hooli.
972,2026-09-06,Hooli,Enterprise,DataSync Pro,feature_request,neutral,It would help Hooli a lot if DataSync Pro supported bulk export to Excel.
973,2025-11-18,Soylent Corp,Startup,InsightBoard,onboarding,neutral,"Setup for InsightBoard took longer than expected, would be nice to have a clearer setup wizard."
974,2026-02-28,Wayne Analytics,Startup,InsightBoard,onboarding,neutral,"Setup for InsightBoard took longer than expected, would be nice to have a clearer setup wizard."
975,2025-12-19,Hooli,Startup,InsightBoard,support,negative,The support team at Hooli keeps closing our InsightBoard tickets without actually resolving the issue.
976,2026-01-12,Hooli,Startup,MetricHub,onboarding,neutral,The onboarding docs for MetricHub are a bit outdated but our team at Hooli figured it out eventually.
977,2025-09-10,Hooli,Startup,DataSync Pro,bug,negative,DataSync Pro's new filter feature crashes the app when we select more than 5 tags.
978,2025-09-10,Soylent Corp,SMB,QuickReport,onboarding,neutral,The onboarding docs for QuickReport are a bit outdated but our team at Soylent Corp figured it out eventually.
979,2026-01-18,Wayne Analytics,Startup,DataSync Pro,performance,negative,"DataSync Pro has been timing out constantly since the last update, our team at Wayne Analytics can't get work done."
980,2025-10-02,Cyberdyne Systems,Enterprise,MetricHub,onboarding,neutral,New team members at Cyberdyne Systems find the MetricHub admin console confusing at first.
981,2026-02-19,Acme Corp,SMB,QuickReport,bug,negative,QuickReport's new filter feature crashes the app when we select more than 5 tags.
982,2026-06-13,Stark Data Systems,Enterprise,InsightBoard,performance,negative,"InsightBoard has been timing out constantly since the last update, our team at Stark Data Systems can't get work done."
983,2025-11-16,Globex Inc,SMB,InsightBoard,onboarding,neutral,The onboarding docs for InsightBoard are a bit outdated but our team at Globex Inc figured it out eventually.
984,2026-08-26,Cyberdyne Systems,Enterprise,InsightBoard,praise,positive,"InsightBoard has completely streamlined reporting for Cyberdyne Systems, couldn't be happier with the results."
985,2026-02-27,Globex Inc,SMB,DataSync Pro,onboarding,neutral,"Setup for DataSync Pro took longer than expected, would be nice to have a clearer setup wizard."
986,2026-07-28,Globex Inc,Startup,QuickReport,bug,negative,QuickReport's new filter feature crashes the app when we select more than 5 tags.
987,2026-05-02,Hooli,SMB,DataSync Pro,onboarding,neutral,The onboarding docs for DataSync Pro are a bit outdated but our team at Hooli figured it out eventually.
988,2026-05-23,Cyberdyne Systems,SMB,QuickReport,support,negative,Support wait times for QuickReport have gotten noticeably worse this quarter.
989,2026-09-20,Initech,SMB,FlowPilot,performance,negative,"FlowPilot has been timing out constantly since the last update, our team at Initech can't get work done."
990,2026-01-26,Globex Inc,SMB,QuickReport,onboarding,neutral,New team members at Globex Inc find the QuickReport admin console confusing at first.
991,2026-04-19,Acme Corp,Enterprise,InsightBoard,bug,negative,Found a bug in InsightBoard where exported reports show the wrong currency symbol.
992,2025-10-13,Soylent Corp,SMB,FlowPilot,feature_request,neutral,Would love to see a dark mode added to FlowPilot in a future release.
993,2026-05-07,Acme Corp,SMB,QuickReport,onboarding,neutral,"Setup for QuickReport took longer than expected, would be nice to have a clearer setup wizard."
994,2026-06-24,Cyberdyne Systems,Startup,QuickReport,bug,negative,QuickReport's new filter feature crashes the app when we select more than 5 tags.
995,2026-09-14,Umbrella Labs,SMB,DataSync Pro,onboarding,neutral,The onboarding docs for DataSync Pro are a bit outdated but our team at Umbrella Labs figured it out eventually.
996,2026-07-14,Cyberdyne Systems,Enterprise,DataSync Pro,support,negative,Support wait times for DataSync Pro have gotten noticeably worse this quarter.
997,2026-02-20,Wayne Analytics,SMB,QuickReport,bug,negative,QuickReport's new filter feature crashes the app when we select more than 5 tags.
998,2026-06-27,Stark Data Systems,SMB,QuickReport,feature_request,neutral,Would love to see a dark mode added to QuickReport in a future release.
999,2025-09-27,Cyberdyne Systems,SMB,QuickReport,praise,positive,QuickReport just works. Rock solid uptime and the Cyberdyne Systems team is very satisfied.
1000,2025-10-04,Wayne Analytics,Startup,QuickReport,performance,neutral,"QuickReport has been timing out constantly since the last update, our team at Wayne Analytics can't get work done."
1001,2026-01-01,Umbrella Labs,Enterprise,MetricHub,feature_request,neutral,Would love to see a dark mode added to MetricHub in a future release.
1002,2026-04-01,Globex Inc,SMB,InsightBoard,support,negative,Support wait times for InsightBoard have gotten noticeably worse this quarter.
1003,2026-05-17,Soylent Corp,Enterprise,QuickReport,support,neutral,Opened a ticket about QuickReport five days ago and still no response from support.
1004,2026-08-05,Soylent Corp,Startup,FlowPilot,praise,neutral,"The new FlowPilot update is fantastic, our team at Soylent Corp loves the redesigned interface."
1005,2026-07-17,Initech,Startup,FlowPilot,feature_request,neutral,Any plans to add SSO support to FlowPilot? We'd need that to expand usage at Initech.
1006,2025-12-26,Acme Corp,SMB,DataSync Pro,billing,negative,The invoice for DataSync Pro doesn't match our contract pricing -- billing needs to fix this ASAP.
1007,2026-07-01,Stark Data Systems,SMB,DataSync Pro,feature_request,neutral,Any plans to add SSO support to DataSync Pro? We'd need that to expand usage at Stark Data Systems.
1008,2025-09-10,Stark Data Systems,Enterprise,InsightBoard,billing,negative,The invoice for InsightBoard doesn't match our contract pricing -- billing needs to fix this ASAP.
1009,2026-08-04,Umbrella Labs,Startup,FlowPilot,praise,positive,FlowPilot just works. Rock solid uptime and the Umbrella Labs team is very satisfied.
1010,2025-11-07,Cyberdyne Systems,Enterprise,MetricHub,support,negative,The support team at Cyberdyne Systems keeps closing our MetricHub tickets without actually resolving the issue.
1011,2025-12-17,Soylent Corp,Enterprise,DataSync Pro,onboarding,neutral,"Setup for DataSync Pro took longer than expected, would be nice to have a clearer setup wizard."
1012,2025-11-01,Massive Dynamic,Startup,FlowPilot,support,negative,The support team at Massive Dynamic keeps closing our FlowPilot tickets without actually resolving the issue.
1013,2026-01-08,Wayne Analytics,Startup,InsightBoard,support,negative,Support wait times for InsightBoard have gotten noticeably worse this quarter.
1014,2025-09-18,Initech,SMB,InsightBoard,onboarding,neutral,"Setup for InsightBoard took longer than expected, would be nice to have a clearer setup wizard."
1015,2026-07-05,Acme Corp,SMB,InsightBoard,support,negative,Opened a ticket about InsightBoard five days ago and still no response from support.
1016,2026-06-28,Hooli,Startup,MetricHub,billing,neutral,Getting a refund for the MetricHub overcharge took three weeks. Very frustrating billing process.
1017,2026-06-05,Umbrella Labs,Enterprise,FlowPilot,feature_request,neutral,Any plans to add SSO support to FlowPilot? We'd need that to expand usage at Umbrella Labs.
1018,2026-05-05,Cyberdyne Systems,SMB,InsightBoard,bug,negative,InsightBoard's new filter feature crashes the app when we select more than 5 tags.
1019,2026-07-26,Acme Corp,Startup,MetricHub,performance,negative,We're seeing frequent 500 errors in MetricHub during peak hours.
1020,2026-03-25,Stark Data Systems,Enterprise,MetricHub,performance,neutral,"MetricHub has been timing out constantly since the last update, our team at Stark Data Systems can't get work done."
1021,2025-10-18,Cyberdyne Systems,SMB,QuickReport,performance,negative,We're seeing frequent 500 errors in QuickReport during peak hours.
1022,2025-11-24,Globex Inc,SMB,QuickReport,onboarding,neutral,New team members at Globex Inc find the QuickReport admin console confusing at first.
1023,2026-04-24,Hooli,SMB,FlowPilot,billing,negative,The invoice for FlowPilot doesn't match our contract pricing -- billing needs to fix this ASAP.
1024,2025-11-06,Acme Corp,Enterprise,QuickReport,praise,positive,"The new QuickReport update is fantastic, our team at Acme Corp loves the redesigned interface."
1025,2026-06-20,Cyberdyne Systems,Startup,InsightBoard,billing,negative,Getting a refund for the InsightBoard overcharge took three weeks. Very frustrating billing process.
1026,2025-09-12,Umbrella Labs,Startup,QuickReport,performance,negative,We're seeing frequent 500 errors in QuickReport during peak hours.
1027,2026-06-16,Massive Dynamic,Startup,QuickReport,billing,negative,Getting a refund for the QuickReport overcharge took three weeks. Very frustrating billing process.
1028,2026-04-16,Wayne Analytics,SMB,QuickReport,feature_request,neutral,Any plans to add SSO support to QuickReport? We'd need that to expand usage at Wayne Analytics.
1029,2026-03-25,Umbrella Labs,Enterprise,QuickReport,performance,negative,"QuickReport has been timing out constantly since the last update, our team at Umbrella Labs can't get work done."
1030,2026-07-07,Hooli,Startup,QuickReport,billing,negative,The invoice for QuickReport doesn't match our contract pricing -- billing needs to fix this ASAP.
1031,2026-06-16,Globex Inc,SMB,QuickReport,praise,positive,Support resolved our QuickReport issue within the hour -- great experience overall.
1032,2026-03-25,Massive Dynamic,SMB,QuickReport,feature_request,positive,It would help Massive Dynamic a lot if QuickReport supported bulk export to Excel.
1033,2026-06-24,Hooli,SMB,InsightBoard,billing,negative,Getting a refund for the InsightBoard overcharge took three weeks. Very frustrating billing process.
1034,2026-08-26,Soylent Corp,Startup,MetricHub,onboarding,neutral,New team members at Soylent Corp find the MetricHub admin console confusing at first.
1035,2025-09-08,Globex Inc,SMB,FlowPilot,billing,negative,Getting a refund for the FlowPilot overcharge took three weeks. Very frustrating billing process.
1036,2026-03-17,Hooli,Startup,DataSync Pro,onboarding,neutral,New team members at Hooli find the DataSync Pro admin console confusing at first.
1037,2026-03-10,Umbrella Labs,SMB,InsightBoard,praise,positive,"InsightBoard has completely streamlined reporting for Umbrella Labs, couldn't be happier with the results."
1038,2026-01-20,Massive Dynamic,SMB,QuickReport,praise,positive,"The new QuickReport update is fantastic, our team at Massive Dynamic loves the redesigned interface."
1039,2026-07-15,Soylent Corp,SMB,QuickReport,billing,negative,Getting a refund for the QuickReport overcharge took three weeks. Very frustrating billing process.
1040,2026-09-19,Soylent Corp,Enterprise,DataSync Pro,billing,negative,Getting a refund for the DataSync Pro overcharge took three weeks. Very frustrating billing process.
1041,2026-02-15,Acme Corp,SMB,FlowPilot,feature_request,neutral,Any plans to add SSO support to FlowPilot? We'd need that to expand usage at Acme Corp.
1042,2025-12-15,Massive Dynamic,Startup,MetricHub,billing,negative,We were double-charged for MetricHub this month and support at Massive Dynamic has been slow to respond.
1043,2026-08-04,Wayne Analytics,Startup,QuickReport,billing,negative,The invoice for QuickReport doesn't match our contract pricing -- billing needs to fix this ASAP.
1044,2026-05-23,Massive Dynamic,Enterprise,InsightBoard,billing,negative,We were double-charged for InsightBoard this month and support at Massive Dynamic has been slow to respond.
1045,2026-03-18,Soylent Corp,Enterprise,MetricHub,bug,negative,Data sync between MetricHub and our CRM has been dropping records intermittently.
1046,2026-07-28,Acme Corp,Startup,InsightBoard,bug,negative,Found a bug in InsightBoard where exported reports show the wrong currency symbol.
1047,2025-09-14,Acme Corp,Startup,QuickReport,performance,negative,"QuickReport has been timing out constantly since the last update, our team at Acme Corp can't get work done."
1048,2025-11-04,Massive Dynamic,Startup,InsightBoard,support,negative,The support team at Massive Dynamic keeps closing our InsightBoard tickets without actually resolving the issue.
1049,2025-09-15,Initech,SMB,MetricHub,performance,neutral,"MetricHub has been timing out constantly since the last update, our team at Initech can't get work done."
1050,2026-04-08,Soylent Corp,Startup,DataSync Pro,bug,negative,DataSync Pro's new filter feature crashes the app when we select more than 5 tags.
1051,2026-04-03,Massive Dynamic,SMB,FlowPilot,performance,negative,We're seeing frequent 500 errors in FlowPilot during peak hours.
1052,2026-01-20,Initech,Startup,QuickReport,onboarding,neutral,New team members at Initech find the QuickReport admin console confusing at first.
1053,2025-11-02,Umbrella Labs,Enterprise,DataSync Pro,feature_request,neutral,Any plans to add SSO support to DataSync Pro? We'd need that to expand usage at Umbrella Labs.
1054,2026-07-19,Initech,Enterprise,QuickReport,feature_request,positive,It would help Initech a lot if QuickReport supported bulk export to Excel.
1055,2025-10-14,Wayne Analytics,Enterprise,DataSync Pro,praise,positive,"The new DataSync Pro update is fantastic, our team at Wayne Analytics loves the redesigned interface."
1056,2026-08-23,Stark Data Systems,Startup,MetricHub,performance,negative,"MetricHub has been timing out constantly since the last update, our team at Stark Data Systems can't get work done."
1057,2026-08-19,Soylent Corp,SMB,QuickReport,onboarding,positive,New team members at Soylent Corp find the QuickReport admin console confusing at first.
1058,2026-02-13,Globex Inc,SMB,InsightBoard,support,negative,Opened a ticket about InsightBoard five days ago and still no response from support.
1059,2026-01-16,Hooli,Enterprise,MetricHub,praise,positive,"MetricHub has completely streamlined reporting for Hooli, couldn't be happier with the results."
1060,2026-03-17,Stark Data Systems,Startup,InsightBoard,performance,negative,"InsightBoard has been timing out constantly since the last update, our team at Stark Data Systems can't get work done."
1061,2025-10-19,Umbrella Labs,Enterprise,MetricHub,performance,negative,We're seeing frequent 500 errors in MetricHub during peak hours.
1062,2026-08-23,Soylent Corp,SMB,DataSync Pro,feature_request,neutral,Any plans to add SSO support to DataSync Pro? We'd need that to expand usage at Soylent Corp.
1063,2026-02-09,Stark Data Systems,Startup,FlowPilot,onboarding,positive,New team members at Stark Data Systems find the FlowPilot admin console confusing at first.
1064,2026-06-19,Cyberdyne Systems,Enterprise,InsightBoard,onboarding,neutral,New team members at Cyberdyne Systems find the InsightBoard admin console confusing at first.
1065,2026-06-08,Massive Dynamic,Enterprise,FlowPilot,bug,neutral,Data sync between FlowPilot and our CRM has been dropping records intermittently.
1066,2025-09-15,Umbrella Labs,Enterprise,DataSync Pro,feature_request,neutral,It would help Umbrella Labs a lot if DataSync Pro supported bulk export to Excel.
1067,2026-03-02,Umbrella Labs,SMB,MetricHub,feature_request,neutral,Would love to see a dark mode added to MetricHub in a future release.
1068,2026-07-07,Soylent Corp,Enterprise,QuickReport,support,negative,The support team at Soylent Corp keeps closing our QuickReport tickets without actually resolving the issue.
1069,2026-01-17,Stark Data Systems,SMB,DataSync Pro,feature_request,neutral,It would help Stark Data Systems a lot if DataSync Pro supported bulk export to Excel.
1070,2026-02-11,Initech,Startup,DataSync Pro,onboarding,neutral,"Setup for DataSync Pro took longer than expected, would be nice to have a clearer setup wizard."
1071,2025-11-07,Cyberdyne Systems,Enterprise,MetricHub,bug,negative,Data sync between MetricHub and our CRM has been dropping records intermittently.
1072,2026-07-05,Massive Dynamic,Enterprise,FlowPilot,support,negative,The support team at Massive Dynamic keeps closing our FlowPilot tickets without actually resolving the issue.
1073,2026-04-26,Massive Dynamic,SMB,MetricHub,bug,negative,Found a bug in MetricHub where exported reports show the wrong currency symbol.
1074,2026-06-24,Initech,SMB,MetricHub,praise,positive,MetricHub just works. Rock solid uptime and the Initech team is very satisfied.
1075,2025-12-19,Soylent Corp,Enterprise,MetricHub,feature_request,neutral,It would help Soylent Corp a lot if MetricHub supported bulk export to Excel.
1076,2026-01-27,Wayne Analytics,Enterprise,DataSync Pro,feature_request,neutral,It would help Wayne Analytics a lot if DataSync Pro supported bulk export to Excel.
1077,2026-06-20,Hooli,Enterprise,MetricHub,billing,neutral,The invoice for MetricHub doesn't match our contract pricing -- billing needs to fix this ASAP.
1078,2026-08-28,Cyberdyne Systems,SMB,DataSync Pro,bug,negative,Found a bug in DataSync Pro where exported reports show the wrong currency symbol.
1079,2025-10-16,Initech,SMB,InsightBoard,support,negative,Support wait times for InsightBoard have gotten noticeably worse this quarter.
1080,2026-05-10,Massive Dynamic,Enterprise,InsightBoard,performance,negative,"Dashboard loads take over 30 seconds in InsightBoard, this is unacceptable for Massive Dynamic's reporting needs."
1081,2025-10-15,Wayne Analytics,Enterprise,DataSync Pro,performance,negative,"DataSync Pro has been timing out constantly since the last update, our team at Wayne Analytics can't get work done."
1082,2025-12-11,Massive Dynamic,Enterprise,MetricHub,onboarding,neutral,The onboarding docs for MetricHub are a bit outdated but our team at Massive Dynamic figured it out eventually.
1083,2025-11-25,Soylent Corp,SMB,InsightBoard,bug,neutral,Data sync between InsightBoard and our CRM has been dropping records intermittently.
1084,2026-08-02,Soylent Corp,Enterprise,QuickReport,praise,positive,"QuickReport has completely streamlined reporting for Soylent Corp, couldn't be happier with the results."
1085,2026-01-02,Soylent Corp,Enterprise,DataSync Pro,bug,negative,DataSync Pro's new filter feature crashes the app when we select more than 5 tags.
1086,2025-09-04,Globex Inc,SMB,InsightBoard,feature_request,neutral,Any plans to add SSO support to InsightBoard? We'd need that to expand usage at Globex Inc.
1087,2026-09-10,Stark Data Systems,Startup,DataSync Pro,onboarding,neutral,New team members at Stark Data Systems find the DataSync Pro admin console confusing at first.
1088,2026-01-09,Wayne Analytics,Enterprise,QuickReport,feature_request,neutral,Would love to see a dark mode added to QuickReport in a future release.
1089,2025-11-06,Massive Dynamic,SMB,DataSync Pro,onboarding,positive,"Setup for DataSync Pro took longer than expected, would be nice to have a clearer setup wizard."
1090,2026-05-04,Initech,Startup,MetricHub,support,negative,Opened a ticket about MetricHub five days ago and still no response from support.
1091,2026-01-05,Wayne Analytics,SMB,MetricHub,performance,negative,We're seeing frequent 500 errors in MetricHub during peak hours.
1092,2025-10-10,Cyberdyne Systems,Enterprise,QuickReport,feature_request,neutral,It would help Cyberdyne Systems a lot if QuickReport supported bulk export to Excel.
1093,2025-11-01,Soylent Corp,Enterprise,FlowPilot,onboarding,neutral,"Setup for FlowPilot took longer than expected, would be nice to have a clearer setup wizard."
1094,2025-09-03,Initech,SMB,DataSync Pro,bug,negative,Data sync between DataSync Pro and our CRM has been dropping records intermittently.
1095,2026-07-27,Acme Corp,Startup,MetricHub,bug,negative,MetricHub's new filter feature crashes the app when we select more than 5 tags.
1096,2026-01-11,Massive Dynamic,SMB,MetricHub,feature_request,neutral,Any plans to add SSO support to MetricHub? We'd need that to expand usage at Massive Dynamic.
1097,2026-06-05,Soylent Corp,SMB,DataSync Pro,praise,positive,Support resolved our DataSync Pro issue within the hour -- great experience overall.
1098,2026-01-22,Massive Dynamic,SMB,DataSync Pro,billing,negative,Getting a refund for the DataSync Pro overcharge took three weeks. Very frustrating billing process.
1099,2025-12-05,Massive Dynamic,Enterprise,FlowPilot,feature_request,neutral,Any plans to add SSO support to FlowPilot? We'd need that to expand usage at Massive Dynamic.
1100,2026-08-22,Wayne Analytics,Enterprise,FlowPilot,praise,positive,"The new FlowPilot update is fantastic, our team at Wayne Analytics loves the redesigned interface."
1101,2025-10-16,Massive Dynamic,Enterprise,FlowPilot,support,negative,The support team at Massive Dynamic keeps closing our FlowPilot tickets without actually resolving the issue.
1102,2026-01-25,Massive Dynamic,Enterprise,FlowPilot,billing,negative,The invoice for FlowPilot doesn't match our contract pricing -- billing needs to fix this ASAP.
1103,2025-10-13,Cyberdyne Systems,Startup,QuickReport,support,negative,Support wait times for QuickReport have gotten noticeably worse this quarter.
1104,2025-10-26,Wayne Analytics,Startup,MetricHub,praise,neutral,"MetricHub has completely streamlined reporting for Wayne Analytics, couldn't be happier with the results."
1105,2026-03-08,Massive Dynamic,Startup,FlowPilot,support,negative,Support wait times for FlowPilot have gotten noticeably worse this quarter.
1106,2026-03-03,Soylent Corp,SMB,QuickReport,onboarding,neutral,The onboarding docs for QuickReport are a bit outdated but our team at Soylent Corp figured it out eventually.
1107,2026-06-26,Cyberdyne Systems,SMB,FlowPilot,support,negative,Opened a ticket about FlowPilot five days ago and still no response from support.
1108,2026-07-03,Umbrella Labs,Startup,QuickReport,support,negative,Support wait times for QuickReport have gotten noticeably worse this quarter.
1109,2026-06-20,Cyberdyne Systems,Enterprise,FlowPilot,feature_request,positive,Any plans to add SSO support to FlowPilot? We'd need that to expand usage at Cyberdyne Systems.
1110,2025-11-10,Soylent Corp,SMB,DataSync Pro,bug,negative,DataSync Pro's new filter feature crashes the app when we select more than 5 tags.
1111,2026-06-25,Cyberdyne Systems,Startup,DataSync Pro,bug,negative,Found a bug in DataSync Pro where exported reports show the wrong currency symbol.
1112,2026-07-02,Wayne Analytics,Startup,FlowPilot,praise,neutral,FlowPilot just works. Rock solid uptime and the Wayne Analytics team is very satisfied.
1113,2026-09-01,Acme Corp,Startup,MetricHub,billing,negative,We were double-charged for MetricHub this month and support at Acme Corp has been slow to respond.
1114,2026-01-13,Acme Corp,Startup,FlowPilot,praise,positive,Support resolved our FlowPilot issue within the hour -- great experience overall.
1115,2026-07-11,Massive Dynamic,Enterprise,QuickReport,onboarding,neutral,New team members at Massive Dynamic find the QuickReport admin console confusing at first.
1116,2026-02-03,Stark Data Systems,Startup,FlowPilot,support,negative,Support wait times for FlowPilot have gotten noticeably worse this quarter.
1117,2025-11-28,Cyberdyne Systems,SMB,MetricHub,onboarding,neutral,The onboarding docs for MetricHub are a bit outdated but our team at Cyberdyne Systems figured it out eventually.
1118,2025-09-23,Wayne Analytics,Enterprise,MetricHub,support,negative,Opened a ticket about MetricHub five days ago and still no response from support.
1119,2025-12-14,Globex Inc,Enterprise,InsightBoard,onboarding,neutral,"Setup for InsightBoard took longer than expected, would be nice to have a clearer setup wizard."
1120,2026-03-13,Hooli,Startup,InsightBoard,feature_request,neutral,Any plans to add SSO support to InsightBoard? We'd need that to expand usage at Hooli.
1121,2025-11-16,Soylent Corp,Startup,QuickReport,bug,negative,QuickReport's new filter feature crashes the app when we select more than 5 tags.
1122,2026-03-05,Soylent Corp,SMB,FlowPilot,performance,negative,"FlowPilot has been timing out constantly since the last update, our team at Soylent Corp can't get work done."
1123,2025-10-21,Acme Corp,Enterprise,QuickReport,support,negative,Support wait times for QuickReport have gotten noticeably worse this quarter.
1124,2025-10-05,Massive Dynamic,Enterprise,FlowPilot,billing,neutral,We were double-charged for FlowPilot this month and support at Massive Dynamic has been slow to respond.
1125,2026-06-06,Massive Dynamic,SMB,MetricHub,feature_request,neutral,It would help Massive Dynamic a lot if MetricHub supported bulk export to Excel.
1126,2026-03-12,Hooli,SMB,MetricHub,bug,negative,Data sync between MetricHub and our CRM has been dropping records intermittently.
1127,2026-06-16,Hooli,Enterprise,MetricHub,performance,negative,"MetricHub has been timing out constantly since the last update, our team at Hooli can't get work done."
1128,2026-05-19,Soylent Corp,SMB,InsightBoard,praise,neutral,Support resolved our InsightBoard issue within the hour -- great experience overall.
1129,2026-08-12,Initech,SMB,MetricHub,support,negative,Opened a ticket about MetricHub five days ago and still no response from support.
1130,2026-08-24,Massive Dynamic,Enterprise,DataSync Pro,billing,negative,Getting a refund for the DataSync Pro overcharge took three weeks. Very frustrating billing process.
1131,2026-05-20,Massive Dynamic,Enterprise,MetricHub,onboarding,neutral,"Setup for MetricHub took longer than expected, would be nice to have a clearer setup wizard."
1132,2026-07-18,Massive Dynamic,Startup,DataSync Pro,billing,negative,We were double-charged for DataSync Pro this month and support at Massive Dynamic has been slow to respond.
1133,2026-05-25,Cyberdyne Systems,SMB,DataSync Pro,praise,positive,"The new DataSync Pro update is fantastic, our team at Cyberdyne Systems loves the redesigned interface."
1134,2026-06-24,Massive Dynamic,SMB,MetricHub,billing,negative,The invoice for MetricHub doesn't match our contract pricing -- billing needs to fix this ASAP.
1135,2025-11-02,Wayne Analytics,SMB,InsightBoard,support,negative,The support team at Wayne Analytics keeps closing our InsightBoard tickets without actually resolving the issue.
1136,2025-09-21,Stark Data Systems,SMB,MetricHub,feature_request,neutral,Any plans to add SSO support to MetricHub? We'd need that to expand usage at Stark Data Systems.
1137,2026-07-10,Acme Corp,Enterprise,MetricHub,bug,neutral,Data sync between MetricHub and our CRM has been dropping records intermittently.
1138,2025-11-17,Stark Data Systems,Enterprise,FlowPilot,praise,positive,"FlowPilot has completely streamlined reporting for Stark Data Systems, couldn't be happier with the results."
1139,2026-01-09,Stark Data Systems,Startup,QuickReport,billing,negative,The invoice for QuickReport doesn't match our contract pricing -- billing needs to fix this ASAP.
1140,2025-11-19,Initech,Startup,DataSync Pro,praise,neutral,"The new DataSync Pro update is fantastic, our team at Initech loves the redesigned interface."
1141,2026-01-26,Massive Dynamic,Enterprise,InsightBoard,feature_request,neutral,Would love to see a dark mode added to InsightBoard in a future release.
1142,2025-09-11,Massive Dynamic,Startup,QuickReport,feature_request,neutral,Would love to see a dark mode added to QuickReport in a future release.
1143,2026-09-14,Cyberdyne Systems,SMB,QuickReport,billing,negative,We were double-charged for QuickReport this month and support at Cyberdyne Systems has been slow to respond.
1144,2026-07-06,Umbrella Labs,Startup,FlowPilot,praise,positive,FlowPilot just works. Rock solid uptime and the Umbrella Labs team is very satisfied.
1145,2026-01-25,Wayne Analytics,Startup,DataSync Pro,performance,negative,We're seeing frequent 500 errors in DataSync Pro during peak hours.
1146,2026-03-16,Initech,SMB,QuickReport,praise,positive,"QuickReport has completely streamlined reporting for Initech, couldn't be happier with the results."
1147,2026-07-23,Soylent Corp,SMB,QuickReport,support,negative,The support team at Soylent Corp keeps closing our QuickReport tickets without actually resolving the issue.
1148,2026-03-01,Stark Data Systems,Startup,QuickReport,bug,negative,QuickReport's new filter feature crashes the app when we select more than 5 tags.
1149,2026-07-02,Hooli,Startup,InsightBoard,support,negative,The support team at Hooli keeps closing our InsightBoard tickets without actually resolving the issue.
1150,2026-07-28,Wayne Analytics,Startup,FlowPilot,billing,negative,Getting a refund for the FlowPilot overcharge took three weeks. Very frustrating billing process.
1151,2026-01-21,Stark Data Systems,Enterprise,InsightBoard,support,negative,The support team at Stark Data Systems keeps closing our InsightBoard tickets without actually resolving the issue.
1152,2026-07-19,Massive Dynamic,Startup,QuickReport,onboarding,neutral,"Setup for QuickReport took longer than expected, would be nice to have a clearer setup wizard."
1153,2026-08-06,Soylent Corp,Startup,InsightBoard,praise,positive,Support resolved our InsightBoard issue within the hour -- great experience overall.
1154,2025-09-14,Initech,Enterprise,DataSync Pro,support,negative,Support wait times for DataSync Pro have gotten noticeably worse this quarter.
1155,2025-12-24,Globex Inc,SMB,FlowPilot,billing,negative,Getting a refund for the FlowPilot overcharge took three weeks. Very frustrating billing process.
1156,2026-06-03,Umbrella Labs,Enterprise,DataSync Pro,support,negative,The support team at Umbrella Labs keeps closing our DataSync Pro tickets without actually resolving the issue.
1157,2025-10-23,Umbrella Labs,Startup,MetricHub,billing,negative,Getting a refund for the MetricHub overcharge took three weeks. Very frustrating billing process.
1158,2026-07-25,Cyberdyne Systems,SMB,QuickReport,billing,negative,We were double-charged for QuickReport this month and support at Cyberdyne Systems has been slow to respond.
1159,2025-11-09,Acme Corp,Startup,DataSync Pro,feature_request,neutral,Any plans to add SSO support to DataSync Pro? We'd need that to expand usage at Acme Corp.
1160,2026-09-14,Globex Inc,SMB,FlowPilot,support,negative,The support team at Globex Inc keeps closing our FlowPilot tickets without actually resolving the issue.
1161,2026-09-03,Wayne Analytics,Enterprise,InsightBoard,feature_request,neutral,Any plans to add SSO support to InsightBoard? We'd need that to expand usage at Wayne Analytics.
1162,2025-09-09,Hooli,SMB,FlowPilot,support,negative,Opened a ticket about FlowPilot five days ago and still no response from support.
1163,2026-04-07,Acme Corp,Enterprise,FlowPilot,praise,neutral,"The new FlowPilot update is fantastic, our team at Acme Corp loves the redesigned interface."
1164,2025-11-18,Acme Corp,Enterprise,FlowPilot,onboarding,neutral,"Setup for FlowPilot took longer than expected, would be nice to have a clearer setup wizard."
1165,2025-10-15,Umbrella Labs,Startup,MetricHub,praise,positive,MetricHub just works. Rock solid uptime and the Umbrella Labs team is very satisfied.
1166,2025-10-19,Globex Inc,Enterprise,DataSync Pro,feature_request,neutral,It would help Globex Inc a lot if DataSync Pro supported bulk export to Excel.
1167,2025-11-21,Massive Dynamic,SMB,DataSync Pro,feature_request,neutral,It would help Massive Dynamic a lot if DataSync Pro supported bulk export to Excel.
1168,2025-11-23,Initech,SMB,FlowPilot,feature_request,neutral,Would love to see a dark mode added to FlowPilot in a future release.
1169,2026-08-25,Cyberdyne Systems,Startup,DataSync Pro,support,negative,The support team at Cyberdyne Systems keeps closing our DataSync Pro tickets without actually resolving the issue.
1170,2026-09-26,Hooli,Startup,FlowPilot,bug,negative,FlowPilot's new filter feature crashes the app when we select more than 5 tags.
1171,2026-03-23,Soylent Corp,Enterprise,QuickReport,praise,positive,"QuickReport has completely streamlined reporting for Soylent Corp, couldn't be happier with the results."
1172,2026-02-11,Globex Inc,Startup,MetricHub,praise,positive,MetricHub just works. Rock solid uptime and the Globex Inc team is very satisfied.
1173,2026-07-03,Hooli,Startup,DataSync Pro,feature_request,neutral,It would help Hooli a lot if DataSync Pro supported bulk export to Excel.
1174,2026-09-25,Wayne Analytics,SMB,DataSync Pro,support,negative,Support wait times for DataSync Pro have gotten noticeably worse this quarter.
1175,2025-09-13,Umbrella Labs,Startup,QuickReport,support,negative,Support wait times for QuickReport have gotten noticeably worse this quarter.
1176,2026-07-23,Stark Data Systems,Enterprise,FlowPilot,feature_request,neutral,Would love to see a dark mode added to FlowPilot in a future release.
1177,2025-12-05,Globex Inc,Startup,FlowPilot,support,negative,The support team at Globex Inc keeps closing our FlowPilot tickets without actually resolving the issue.
1178,2026-04-13,Initech,Enterprise,MetricHub,billing,negative,We were double-charged for MetricHub this month and support at Initech has been slow to respond.
1179,2026-09-15,Stark Data Systems,Startup,FlowPilot,billing,negative,Getting a refund for the FlowPilot overcharge took three weeks. Very frustrating billing process.
1180,2026-09-24,Wayne Analytics,SMB,DataSync Pro,billing,negative,We were double-charged for DataSync Pro this month and support at Wayne Analytics has been slow to respond.
1181,2026-07-17,Globex Inc,Startup,QuickReport,billing,negative,The invoice for QuickReport doesn't match our contract pricing -- billing needs to fix this ASAP.
1182,2026-06-08,Soylent Corp,Startup,QuickReport,bug,neutral,Data sync between QuickReport and our CRM has been dropping records intermittently.
1183,2025-09-16,Acme Corp,Startup,FlowPilot,billing,negative,We were double-charged for FlowPilot this month and support at Acme Corp has been slow to respond.
1184,2025-11-21,Umbrella Labs,Enterprise,QuickReport,onboarding,neutral,The onboarding docs for QuickReport are a bit outdated but our team at Umbrella Labs figured it out eventually.
1185,2025-11-27,Globex Inc,Startup,FlowPilot,billing,negative,The invoice for FlowPilot doesn't match our contract pricing -- billing needs to fix this ASAP.
1186,2026-06-26,Globex Inc,SMB,DataSync Pro,onboarding,neutral,The onboarding docs for DataSync Pro are a bit outdated but our team at Globex Inc figured it out eventually.
1187,2026-02-26,Globex Inc,SMB,QuickReport,onboarding,neutral,The onboarding docs for QuickReport are a bit outdated but our team at Globex Inc figured it out eventually.
1188,2026-06-18,Wayne Analytics,Startup,DataSync Pro,praise,positive,DataSync Pro just works. Rock solid uptime and the Wayne Analytics team is very satisfied.
1189,2025-11-11,Umbrella Labs,Startup,DataSync Pro,performance,negative,"Dashboard loads take over 30 seconds in DataSync Pro, this is unacceptable for Umbrella Labs's reporting needs."
1190,2025-11-23,Stark Data Systems,SMB,QuickReport,billing,negative,We were double-charged for QuickReport this month and support at Stark Data Systems has been slow to respond.
1191,2026-06-02,Acme Corp,Enterprise,FlowPilot,support,negative,Support wait times for FlowPilot have gotten noticeably worse this quarter.
1192,2025-09-16,Cyberdyne Systems,Enterprise,FlowPilot,performance,negative,"FlowPilot has been timing out constantly since the last update, our team at Cyberdyne Systems can't get work done."
1193,2026-08-21,Initech,Enterprise,QuickReport,billing,neutral,We were double-charged for QuickReport this month and support at Initech has been slow to respond.
1194,2025-11-07,Hooli,Startup,FlowPilot,onboarding,neutral,"Setup for FlowPilot took longer than expected, would be nice to have a clearer setup wizard."
1195,2026-03-08,Stark Data Systems,SMB,MetricHub,performance,negative,We're seeing frequent 500 errors in MetricHub during peak hours.
1196,2026-08-16,Initech,Enterprise,MetricHub,performance,negative,We're seeing frequent 500 errors in MetricHub during peak hours.
1197,2025-09-18,Stark Data Systems,SMB,InsightBoard,onboarding,neutral,The onboarding docs for InsightBoard are a bit outdated but our team at Stark Data Systems figured it out eventually.
1198,2026-06-12,Globex Inc,Enterprise,MetricHub,performance,neutral,"MetricHub has been timing out constantly since the last update, our team at Globex Inc can't get work done."
1199,2025-09-07,Massive Dynamic,SMB,QuickReport,praise,positive,Support resolved our QuickReport issue within the hour -- great experience overall.
1200,2025-11-22,Massive Dynamic,Enterprise,FlowPilot,billing,negative,We were double-charged for FlowPilot this month and support at Massive Dynamic has been slow to respond.
1201,2026-03-09,Wayne Analytics,Enterprise,InsightBoard,billing,negative,We were double-charged for InsightBoard this month and support at Wayne Analytics has been slow to respond.
1202,2026-08-02,Massive Dynamic,Enterprise,DataSync Pro,support,negative,Support wait times for DataSync Pro have gotten noticeably worse this quarter.
1203,2026-05-04,Acme Corp,SMB,DataSync Pro,onboarding,neutral,The onboarding docs for DataSync Pro are a bit outdated but our team at Acme Corp figured it out eventually.
1204,2026-02-14,Massive Dynamic,Startup,MetricHub,billing,negative,We were double-charged for MetricHub this month and support at Massive Dynamic has been slow to respond.
1205,2026-02-08,Wayne Analytics,Enterprise,QuickReport,performance,negative,We're seeing frequent 500 errors in QuickReport during peak hours.
1206,2025-12-03,Hooli,SMB,QuickReport,billing,negative,We were double-charged for QuickReport this month and support at Hooli has been slow to respond.
1207,2025-11-07,Massive Dynamic,SMB,DataSync Pro,bug,negative,Data sync between DataSync Pro and our CRM has been dropping records intermittently.
1208,2025-11-15,Acme Corp,SMB,FlowPilot,onboarding,positive,"Setup for FlowPilot took longer than expected, would be nice to have a clearer setup wizard."
1209,2026-02-05,Wayne Analytics,Enterprise,InsightBoard,feature_request,neutral,Would love to see a dark mode added to InsightBoard in a future release.
1210,2025-11-04,Cyberdyne Systems,SMB,DataSync Pro,billing,neutral,Getting a refund for the DataSync Pro overcharge took three weeks. Very frustrating billing process.
1211,2026-09-11,Massive Dynamic,Enterprise,FlowPilot,praise,positive,FlowPilot just works. Rock solid uptime and the Massive Dynamic team is very satisfied.
1212,2026-06-06,Cyberdyne Systems,Startup,QuickReport,performance,negative,"Dashboard loads take over 30 seconds in QuickReport, this is unacceptable for Cyberdyne Systems's reporting needs."
1213,2026-05-16,Umbrella Labs,SMB,DataSync Pro,onboarding,neutral,New team members at Umbrella Labs find the DataSync Pro admin console confusing at first.
1214,2026-01-01,Cyberdyne Systems,SMB,FlowPilot,praise,positive,Support resolved our FlowPilot issue within the hour -- great experience overall.
1215,2026-03-19,Umbrella Labs,SMB,QuickReport,feature_request,neutral,It would help Umbrella Labs a lot if QuickReport supported bulk export to Excel.
1216,2026-03-02,Acme Corp,Enterprise,MetricHub,performance,negative,We're seeing frequent 500 errors in MetricHub during peak hours.
1217,2026-05-13,Soylent Corp,SMB,DataSync Pro,billing,negative,The invoice for DataSync Pro doesn't match our contract pricing -- billing needs to fix this ASAP.
1218,2025-12-03,Globex Inc,SMB,FlowPilot,bug,negative,Data sync between FlowPilot and our CRM has been dropping records intermittently.
1219,2026-02-10,Hooli,Enterprise,QuickReport,onboarding,neutral,The onboarding docs for QuickReport are a bit outdated but our team at Hooli figured it out eventually.
1220,2026-07-10,Globex Inc,SMB,DataSync Pro,performance,negative,We're seeing frequent 500 errors in DataSync Pro during peak hours.
1221,2026-06-01,Massive Dynamic,Startup,MetricHub,performance,negative,We're seeing frequent 500 errors in MetricHub during peak hours.
1222,2026-09-28,Acme Corp,Enterprise,FlowPilot,bug,negative,FlowPilot's new filter feature crashes the app when we select more than 5 tags.
1223,2025-10-13,Massive Dynamic,Startup,DataSync Pro,support,negative,Support wait times for DataSync Pro have gotten noticeably worse this quarter.
1224,2026-03-25,Soylent Corp,SMB,DataSync Pro,feature_request,neutral,It would help Soylent Corp a lot if DataSync Pro supported bulk export to Excel.
1225,2026-09-07,Cyberdyne Systems,Startup,MetricHub,support,negative,Support wait times for MetricHub have gotten noticeably worse this quarter.
1226,2025-09-17,Cyberdyne Systems,Startup,InsightBoard,praise,positive,"InsightBoard has completely streamlined reporting for Cyberdyne Systems, couldn't be happier with the results."
1227,2026-02-15,Initech,SMB,DataSync Pro,feature_request,neutral,It would help Initech a lot if DataSync Pro supported bulk export to Excel.
1228,2026-07-18,Wayne Analytics,Enterprise,InsightBoard,onboarding,positive,The onboarding docs for InsightBoard are a bit outdated but our team at Wayne Analytics figured it out eventually.
1229,2026-02-08,Soylent Corp,Enterprise,QuickReport,feature_request,positive,Would love to see a dark mode added to QuickReport in a future release.
1230,2025-12-25,Massive Dynamic,Startup,MetricHub,onboarding,positive,The onboarding docs for MetricHub are a bit outdated but our team at Massive Dynamic figured it out eventually.
1231,2026-05-22,Wayne Analytics,SMB,InsightBoard,feature_request,neutral,Would love to see a dark mode added to InsightBoard in a future release.
1232,2026-02-15,Initech,SMB,DataSync Pro,bug,negative,DataSync Pro's new filter feature crashes the app when we select more than 5 tags.
1233,2026-08-18,Soylent Corp,SMB,DataSync Pro,bug,negative,Data sync between DataSync Pro and our CRM has been dropping records intermittently.
1234,2026-02-26,Stark Data Systems,Startup,FlowPilot,feature_request,neutral,Any plans to add SSO support to FlowPilot? We'd need that to expand usage at Stark Data Systems.
1235,2025-10-03,Globex Inc,SMB,QuickReport,feature_request,neutral,Any plans to add SSO support to QuickReport? We'd need that to expand usage at Globex Inc.
1236,2025-11-09,Stark Data Systems,Enterprise,DataSync Pro,bug,negative,Found a bug in DataSync Pro where exported reports show the wrong currency symbol.
1237,2025-12-17,Acme Corp,Enterprise,FlowPilot,billing,negative,Getting a refund for the FlowPilot overcharge took three weeks. Very frustrating billing process.
1238,2026-05-05,Stark Data Systems,Startup,FlowPilot,feature_request,neutral,Would love to see a dark mode added to FlowPilot in a future release.
1239,2026-07-01,Hooli,Startup,FlowPilot,bug,negative,FlowPilot's new filter feature crashes the app when we select more than 5 tags.
1240,2026-05-21,Globex Inc,Enterprise,DataSync Pro,support,negative,Opened a ticket about DataSync Pro five days ago and still no response from support.
1241,2026-07-26,Cyberdyne Systems,Startup,InsightBoard,support,neutral,The support team at Cyberdyne Systems keeps closing our InsightBoard tickets without actually resolving the issue.
1242,2026-04-15,Cyberdyne Systems,Startup,MetricHub,support,negative,The support team at Cyberdyne Systems keeps closing our MetricHub tickets without actually resolving the issue.
1243,2026-09-09,Acme Corp,Enterprise,InsightBoard,support,negative,Support wait times for InsightBoard have gotten noticeably worse this quarter.
1244,2025-11-12,Wayne Analytics,Enterprise,InsightBoard,performance,neutral,"Dashboard loads take over 30 seconds in InsightBoard, this is unacceptable for Wayne Analytics's reporting needs."
1245,2026-08-18,Acme Corp,Enterprise,MetricHub,support,negative,The support team at Acme Corp keeps closing our MetricHub tickets without actually resolving the issue.
1246,2025-12-04,Acme Corp,Enterprise,QuickReport,support,negative,Opened a ticket about QuickReport five days ago and still no response from support.
1247,2026-01-12,Cyberdyne Systems,SMB,QuickReport,billing,negative,The invoice for QuickReport doesn't match our contract pricing -- billing needs to fix this ASAP.
1248,2026-02-12,Soylent Corp,Startup,DataSync Pro,performance,neutral,"DataSync Pro has been timing out constantly since the last update, our team at Soylent Corp can't get work done."
1249,2026-05-10,Massive Dynamic,Enterprise,MetricHub,performance,neutral,"Dashboard loads take over 30 seconds in MetricHub, this is unacceptable for Massive Dynamic's reporting needs."
1250,2026-04-11,Hooli,Enterprise,FlowPilot,billing,negative,We were double-charged for FlowPilot this month and support at Hooli has been slow to respond.
1251,2026-07-23,Soylent Corp,SMB,MetricHub,performance,neutral,"MetricHub has been timing out constantly since the last update, our team at Soylent Corp can't get work done."
1252,2025-11-26,Stark Data Systems,Startup,MetricHub,support,negative,The support team at Stark Data Systems keeps closing our MetricHub tickets without actually resolving the issue.
1253,2025-10-24,Massive Dynamic,Startup,InsightBoard,onboarding,neutral,New team members at Massive Dynamic find the InsightBoard admin console confusing at first.
1254,2026-01-01,Acme Corp,Enterprise,MetricHub,bug,negative,Found a bug in MetricHub where exported reports show the wrong currency symbol.
1255,2025-10-11,Umbrella Labs,SMB,FlowPilot,bug,neutral,Data sync between FlowPilot and our CRM has been dropping records intermittently.
1256,2025-12-26,Umbrella Labs,Startup,MetricHub,billing,negative,Getting a refund for the MetricHub overcharge took three weeks. Very frustrating billing process.
1257,2026-05-28,Umbrella Labs,Enterprise,DataSync Pro,praise,neutral,"The new DataSync Pro update is fantastic, our team at Umbrella Labs loves the redesigned interface."
1258,2025-12-16,Globex Inc,SMB,MetricHub,bug,negative,Data sync between MetricHub and our CRM has been dropping records intermittently.
1259,2026-07-12,Cyberdyne Systems,Enterprise,MetricHub,support,neutral,Support wait times for MetricHub have gotten noticeably worse this quarter.
1260,2026-02-01,Hooli,SMB,InsightBoard,bug,negative,Found a bug in InsightBoard where exported reports show the wrong currency symbol.
1261,2026-05-03,Wayne Analytics,SMB,InsightBoard,support,negative,The support team at Wayne Analytics keeps closing our InsightBoard tickets without actually resolving the issue.
1262,2026-01-06,Massive Dynamic,SMB,FlowPilot,performance,neutral,We're seeing frequent 500 errors in FlowPilot during peak hours.
1263,2026-06-03,Hooli,Startup,QuickReport,praise,positive,QuickReport just works. Rock solid uptime and the Hooli team is very satisfied.
1264,2026-02-03,Stark Data Systems,Startup,FlowPilot,performance,negative,"FlowPilot has been timing out constantly since the last update, our team at Stark Data Systems can't get work done."
1265,2026-07-09,Globex Inc,SMB,DataSync Pro,onboarding,positive,"Setup for DataSync Pro took longer than expected, would be nice to have a clearer setup wizard."
1266,2026-06-25,Soylent Corp,Startup,FlowPilot,bug,negative,Found a bug in FlowPilot where exported reports show the wrong currency symbol.
1267,2026-05-16,Acme Corp,SMB,FlowPilot,performance,neutral,"FlowPilot has been timing out constantly since the last update, our team at Acme Corp can't get work done."
1268,2026-05-24,Cyberdyne Systems,SMB,InsightBoard,billing,negative,The invoice for InsightBoard doesn't match our contract pricing -- billing needs to fix this ASAP.
1269,2026-01-10,Initech,Enterprise,DataSync Pro,bug,negative,Found a bug in DataSync Pro where exported reports show the wrong currency symbol.
1270,2026-07-10,Massive Dynamic,Startup,DataSync Pro,feature_request,neutral,Any plans to add SSO support to DataSync Pro? We'd need that to expand usage at Massive Dynamic.
1271,2025-10-25,Massive Dynamic,Enterprise,QuickReport,bug,negative,Found a bug in QuickReport where exported reports show the wrong currency symbol.
1272,2026-02-19,Globex Inc,Startup,MetricHub,support,negative,The support team at Globex Inc keeps closing our MetricHub tickets without actually resolving the issue.
1273,2026-07-16,Hooli,Startup,InsightBoard,bug,negative,Data sync between InsightBoard and our CRM has been dropping records intermittently.
1274,2026-06-01,Wayne Analytics,Startup,MetricHub,feature_request,neutral,Would love to see a dark mode added to MetricHub in a future release.
1275,2025-11-11,Acme Corp,Enterprise,MetricHub,praise,positive,"The new MetricHub update is fantastic, our team at Acme Corp loves the redesigned interface."
1276,2025-09-09,Acme Corp,Enterprise,InsightBoard,bug,negative,Data sync between InsightBoard and our CRM has been dropping records intermittently.
1277,2026-01-17,Wayne Analytics,SMB,DataSync Pro,support,negative,The support team at Wayne Analytics keeps closing our DataSync Pro tickets without actually resolving the issue.
1278,2025-11-25,Soylent Corp,Startup,QuickReport,feature_request,neutral,Would love to see a dark mode added to QuickReport in a future release.
1279,2026-02-27,Acme Corp,SMB,MetricHub,billing,negative,Getting a refund for the MetricHub overcharge took three weeks. Very frustrating billing process.
1280,2026-05-19,Stark Data Systems,Enterprise,InsightBoard,praise,positive,"The new InsightBoard update is fantastic, our team at Stark Data Systems loves the redesigned interface."
1281,2026-01-12,Initech,Startup,QuickReport,support,negative,Opened a ticket about QuickReport five days ago and still no response from support.
1282,2025-10-07,Hooli,Enterprise,InsightBoard,praise,positive,InsightBoard just works. Rock solid uptime and the Hooli team is very satisfied.
1283,2026-06-23,Umbrella Labs,Startup,QuickReport,performance,negative,We're seeing frequent 500 errors in QuickReport during peak hours.
1284,2025-10-27,Hooli,Enterprise,FlowPilot,praise,positive,"FlowPilot has completely streamlined reporting for Hooli, couldn't be happier with the results."
1285,2026-08-12,Massive Dynamic,SMB,InsightBoard,performance,negative,"InsightBoard has been timing out constantly since the last update, our team at Massive Dynamic can't get work done."
1286,2025-11-23,Cyberdyne Systems,SMB,MetricHub,performance,negative,"Dashboard loads take over 30 seconds in MetricHub, this is unacceptable for Cyberdyne Systems's reporting needs."
1287,2026-08-05,Globex Inc,Enterprise,QuickReport,support,negative,Opened a ticket about QuickReport five days ago and still no response from support.
1288,2025-11-03,Stark Data Systems,Enterprise,QuickReport,feature_request,positive,Would love to see a dark mode added to QuickReport in a future release.
1289,2026-09-16,Globex Inc,Enterprise,DataSync Pro,bug,negative,Data sync between DataSync Pro and our CRM has been dropping records intermittently.
1290,2025-09-26,Initech,Enterprise,QuickReport,praise,positive,QuickReport just works. Rock solid uptime and the Initech team is very satisfied.
1291,2025-10-09,Cyberdyne Systems,SMB,DataSync Pro,feature_request,neutral,Any plans to add SSO support to DataSync Pro? We'd need that to expand usage at Cyberdyne Systems.
1292,2026-09-04,Stark Data Systems,Enterprise,DataSync Pro,billing,neutral,We were double-charged for DataSync Pro this month and support at Stark Data Systems has been slow to respond.
1293,2026-07-12,Cyberdyne Systems,Enterprise,QuickReport,onboarding,neutral,The onboarding docs for QuickReport are a bit outdated but our team at Cyberdyne Systems figured it out eventually.
1294,2026-02-12,Acme Corp,Startup,InsightBoard,billing,negative,We were double-charged for InsightBoard this month and support at Acme Corp has been slow to respond.
1295,2026-06-03,Cyberdyne Systems,Startup,QuickReport,performance,negative,We're seeing frequent 500 errors in QuickReport during peak hours.
1296,2026-08-07,Initech,Enterprise,MetricHub,billing,negative,Getting a refund for the MetricHub overcharge took three weeks. Very frustrating billing process.
1297,2025-10-07,Soylent Corp,Startup,DataSync Pro,support,negative,Opened a ticket about DataSync Pro five days ago and still no response from support.
1298,2026-06-06,Massive Dynamic,Startup,InsightBoard,onboarding,neutral,New team members at Massive Dynamic find the InsightBoard admin console confusing at first.
1299,2026-03-14,Globex Inc,SMB,QuickReport,bug,negative,Data sync between QuickReport and our CRM has been dropping records intermittently.
1300,2026-09-11,Umbrella Labs,Enterprise,FlowPilot,performance,negative,We're seeing frequent 500 errors in FlowPilot during peak hours.
1301,2026-04-25,Globex Inc,Enterprise,MetricHub,billing,negative,The invoice for MetricHub doesn't match our contract pricing -- billing needs to fix this ASAP.
1302,2025-09-03,Stark Data Systems,Startup,MetricHub,support,negative,Support wait times for MetricHub have gotten noticeably worse this quarter.
1303,2026-04-20,Globex Inc,SMB,FlowPilot,support,negative,The support team at Globex Inc keeps closing our FlowPilot tickets without actually resolving the issue.
1304,2026-03-10,Massive Dynamic,Startup,QuickReport,feature_request,neutral,It would help Massive Dynamic a lot if QuickReport supported bulk export to Excel.
1305,2026-07-12,Umbrella Labs,SMB,DataSync Pro,praise,positive,DataSync Pro just works. Rock solid uptime and the Umbrella Labs team is very satisfied.
1306,2026-04-17,Massive Dynamic,SMB,DataSync Pro,performance,negative,"DataSync Pro has been timing out constantly since the last update, our team at Massive Dynamic can't get work done."
1307,2026-03-13,Globex Inc,Enterprise,DataSync Pro,feature_request,positive,Any plans to add SSO support to DataSync Pro? We'd need that to expand usage at Globex Inc.
1308,2026-02-07,Globex Inc,Enterprise,QuickReport,feature_request,positive,Any plans to add SSO support to QuickReport? We'd need that to expand usage at Globex Inc.
1309,2025-12-27,Cyberdyne Systems,Enterprise,FlowPilot,support,negative,Opened a ticket about FlowPilot five days ago and still no response from support.
1310,2026-09-19,Massive Dynamic,Startup,InsightBoard,bug,negative,Data sync between InsightBoard and our CRM has been dropping records intermittently.
1311,2026-07-20,Hooli,SMB,InsightBoard,onboarding,positive,"Setup for InsightBoard took longer than expected, would be nice to have a clearer setup wizard."
1312,2026-09-15,Soylent Corp,Enterprise,InsightBoard,bug,negative,InsightBoard's new filter feature crashes the app when we select more than 5 tags.
1313,2025-12-21,Stark Data Systems,SMB,FlowPilot,billing,negative,We were double-charged for FlowPilot this month and support at Stark Data Systems has been slow to respond.
1314,2026-04-22,Globex Inc,Enterprise,DataSync Pro,performance,negative,"DataSync Pro has been timing out constantly since the last update, our team at Globex Inc can't get work done."
1315,2026-02-05,Hooli,Startup,MetricHub,billing,negative,We were double-charged for MetricHub this month and support at Hooli has been slow to respond.
1316,2026-07-25,Cyberdyne Systems,Enterprise,DataSync Pro,support,negative,Support wait times for DataSync Pro have gotten noticeably worse this quarter.
1317,2026-07-16,Massive Dynamic,SMB,QuickReport,onboarding,neutral,"Setup for QuickReport took longer than expected, would be nice to have a clearer setup wizard."
1318,2026-09-28,Stark Data Systems,SMB,MetricHub,bug,negative,Data sync between MetricHub and our CRM has been dropping records intermittently.
1319,2025-10-13,Initech,SMB,DataSync Pro,onboarding,positive,New team members at Initech find the DataSync Pro admin console confusing at first.
1320,2025-09-02,Hooli,SMB,FlowPilot,bug,negative,FlowPilot's new filter feature crashes the app when we select more than 5 tags.
1321,2026-03-05,Stark Data Systems,SMB,QuickReport,performance,negative,We're seeing frequent 500 errors in QuickReport during peak hours.
1322,2026-06-22,Hooli,Enterprise,FlowPilot,support,negative,Support wait times for FlowPilot have gotten noticeably worse this quarter.
1323,2026-04-16,Soylent Corp,Startup,MetricHub,bug,negative,Data sync between MetricHub and our CRM has been dropping records intermittently.
1324,2026-01-16,Soylent Corp,SMB,DataSync Pro,onboarding,neutral,The onboarding docs for DataSync Pro are a bit outdated but our team at Soylent Corp figured it out eventually.
1325,2026-02-02,Cyberdyne Systems,SMB,InsightBoard,onboarding,neutral,"Setup for InsightBoard took longer than expected, would be nice to have a clearer setup wizard."
1326,2026-02-26,Initech,SMB,QuickReport,billing,negative,Getting a refund for the QuickReport overcharge took three weeks. Very frustrating billing process.
1327,2025-10-14,Initech,SMB,InsightBoard,feature_request,positive,Any plans to add SSO support to InsightBoard? We'd need that to expand usage at Initech.
1328,2026-07-08,Hooli,Enterprise,InsightBoard,support,negative,The support team at Hooli keeps closing our InsightBoard tickets without actually resolving the issue.
1329,2026-08-03,Stark Data Systems,Enterprise,MetricHub,performance,negative,"MetricHub has been timing out constantly since the last update, our team at Stark Data Systems can't get work done."
1330,2025-09-18,Globex Inc,Enterprise,InsightBoard,praise,positive,"The new InsightBoard update is fantastic, our team at Globex Inc loves the redesigned interface."
1331,2026-05-14,Massive Dynamic,Startup,FlowPilot,support,negative,Opened a ticket about FlowPilot five days ago and still no response from support.
1332,2026-02-13,Massive Dynamic,Enterprise,MetricHub,support,negative,Opened a ticket about MetricHub five days ago and still no response from support.
1333,2026-09-16,Wayne Analytics,Enterprise,MetricHub,onboarding,neutral,"Setup for MetricHub took longer than expected, would be nice to have a clearer setup wizard."
1334,2026-05-26,Umbrella Labs,SMB,InsightBoard,billing,neutral,Getting a refund for the InsightBoard overcharge took three weeks. Very frustrating billing process.
1335,2026-02-14,Acme Corp,SMB,MetricHub,praise,neutral,"The new MetricHub update is fantastic, our team at Acme Corp loves the redesigned interface."
1336,2026-01-09,Globex Inc,Enterprise,MetricHub,performance,negative,"Dashboard loads take over 30 seconds in MetricHub, this is unacceptable for Globex Inc's reporting needs."
1337,2026-06-24,Cyberdyne Systems,Enterprise,FlowPilot,billing,negative,The invoice for FlowPilot doesn't match our contract pricing -- billing needs to fix this ASAP.
1338,2026-02-09,Cyberdyne Systems,Startup,DataSync Pro,billing,negative,Getting a refund for the DataSync Pro overcharge took three weeks. Very frustrating billing process.
1339,2025-12-12,Soylent Corp,SMB,FlowPilot,billing,negative,Getting a refund for the FlowPilot overcharge took three weeks. Very frustrating billing process.
1340,2026-03-22,Stark Data Systems,SMB,MetricHub,praise,positive,"MetricHub has completely streamlined reporting for Stark Data Systems, couldn't be happier with the results."
1341,2026-01-20,Umbrella Labs,SMB,FlowPilot,onboarding,neutral,"Setup for FlowPilot took longer than expected, would be nice to have a clearer setup wizard."
1342,2026-07-23,Soylent Corp,Enterprise,QuickReport,onboarding,neutral,"Setup for QuickReport took longer than expected, would be nice to have a clearer setup wizard."
1343,2026-07-27,Cyberdyne Systems,Enterprise,FlowPilot,onboarding,neutral,The onboarding docs for FlowPilot are a bit outdated but our team at Cyberdyne Systems figured it out eventually.
1344,2026-09-14,Stark Data Systems,Startup,MetricHub,feature_request,neutral,It would help Stark Data Systems a lot if MetricHub supported bulk export to Excel.
1345,2026-02-15,Initech,Enterprise,MetricHub,onboarding,neutral,New team members at Initech find the MetricHub admin console confusing at first.
1346,2026-03-11,Acme Corp,SMB,InsightBoard,performance,negative,"InsightBoard has been timing out constantly since the last update, our team at Acme Corp can't get work done."
1347,2026-01-21,Umbrella Labs,SMB,FlowPilot,praise,neutral,"FlowPilot has completely streamlined reporting for Umbrella Labs, couldn't be happier with the results."
1348,2025-12-04,Cyberdyne Systems,SMB,QuickReport,performance,negative,"Dashboard loads take over 30 seconds in QuickReport, this is unacceptable for Cyberdyne Systems's reporting needs."
1349,2026-04-16,Initech,SMB,QuickReport,performance,negative,"QuickReport has been timing out constantly since the last update, our team at Initech can't get work done."
1350,2025-11-09,Hooli,Enterprise,DataSync Pro,onboarding,positive,"Setup for DataSync Pro took longer than expected, would be nice to have a clearer setup wizard."
1351,2026-05-06,Stark Data Systems,Startup,InsightBoard,performance,negative,"InsightBoard has been timing out constantly since the last update, our team at Stark Data Systems can't get work done."
1352,2025-10-11,Massive Dynamic,Enterprise,DataSync Pro,feature_request,neutral,Would love to see a dark mode added to DataSync Pro in a future release.
1353,2026-07-22,Globex Inc,SMB,FlowPilot,onboarding,neutral,"Setup for FlowPilot took longer than expected, would be nice to have a clearer setup wizard."
1354,2026-06-24,Acme Corp,Enterprise,QuickReport,billing,negative,The invoice for QuickReport doesn't match our contract pricing -- billing needs to fix this ASAP.
1355,2026-01-16,Soylent Corp,Startup,MetricHub,onboarding,positive,The onboarding docs for MetricHub are a bit outdated but our team at Soylent Corp figured it out eventually.
1356,2026-02-27,Cyberdyne Systems,SMB,DataSync Pro,billing,negative,We were double-charged for DataSync Pro this month and support at Cyberdyne Systems has been slow to respond.
1357,2025-12-05,Hooli,SMB,QuickReport,onboarding,neutral,New team members at Hooli find the QuickReport admin console confusing at first.
1358,2026-03-09,Umbrella Labs,SMB,InsightBoard,billing,negative,We were double-charged for InsightBoard this month and support at Umbrella Labs has been slow to respond.
1359,2026-08-04,Massive Dynamic,SMB,MetricHub,praise,positive,"MetricHub has completely streamlined reporting for Massive Dynamic, couldn't be happier with the results."
1360,2025-12-09,Hooli,Startup,FlowPilot,support,negative,Support wait times for FlowPilot have gotten noticeably worse this quarter.
1361,2026-02-27,Wayne Analytics,Startup,FlowPilot,praise,positive,Support resolved our FlowPilot issue within the hour -- great experience overall.
1362,2026-07-26,Cyberdyne Systems,Startup,DataSync Pro,support,negative,Opened a ticket about DataSync Pro five days ago and still no response from support.
1363,2026-03-10,Umbrella Labs,Startup,InsightBoard,billing,negative,Getting a refund for the InsightBoard overcharge took three weeks. Very frustrating billing process.
1364,2025-12-28,Wayne Analytics,Startup,DataSync Pro,feature_request,neutral,Any plans to add SSO support to DataSync Pro? We'd need that to expand usage at Wayne Analytics.
1365,2026-01-03,Initech,SMB,FlowPilot,bug,negative,FlowPilot's new filter feature crashes the app when we select more than 5 tags.
1366,2026-04-21,Stark Data Systems,Enterprise,QuickReport,praise,positive,Support resolved our QuickReport issue within the hour -- great experience overall.
1367,2025-10-27,Hooli,SMB,DataSync Pro,support,neutral,Support wait times for DataSync Pro have gotten noticeably worse this quarter.
1368,2026-08-14,Massive Dynamic,SMB,FlowPilot,praise,positive,FlowPilot just works. Rock solid uptime and the Massive Dynamic team is very satisfied.
1369,2025-10-12,Acme Corp,Startup,InsightBoard,praise,positive,"InsightBoard has completely streamlined reporting for Acme Corp, couldn't be happier with the results."
1370,2026-08-01,Soylent Corp,SMB,InsightBoard,bug,negative,Data sync between InsightBoard and our CRM has been dropping records intermittently.
1371,2025-11-01,Acme Corp,Startup,FlowPilot,praise,positive,"FlowPilot has completely streamlined reporting for Acme Corp, couldn't be happier with the results."
1372,2025-10-04,Stark Data Systems,Startup,InsightBoard,bug,negative,Found a bug in InsightBoard where exported reports show the wrong currency symbol.
1373,2026-07-14,Soylent Corp,Startup,QuickReport,performance,negative,"QuickReport has been timing out constantly since the last update, our team at Soylent Corp can't get work done."
1374,2025-11-09,Massive Dynamic,Startup,FlowPilot,praise,positive,"The new FlowPilot update is fantastic, our team at Massive Dynamic loves the redesigned interface."
1375,2025-12-03,Cyberdyne Systems,SMB,InsightBoard,performance,negative,We're seeing frequent 500 errors in InsightBoard during peak hours.
1376,2026-06-08,Acme Corp,SMB,FlowPilot,bug,negative,FlowPilot's new filter feature crashes the app when we select more than 5 tags.
1377,2025-12-03,Soylent Corp,Startup,MetricHub,billing,negative,We were double-charged for MetricHub this month and support at Soylent Corp has been slow to respond.
1378,2026-03-20,Stark Data Systems,Enterprise,QuickReport,bug,negative,Found a bug in QuickReport where exported reports show the wrong currency symbol.
1379,2026-02-06,Stark Data Systems,Enterprise,QuickReport,bug,negative,Data sync between QuickReport and our CRM has been dropping records intermittently.
1380,2026-09-15,Initech,SMB,MetricHub,onboarding,neutral,The onboarding docs for MetricHub are a bit outdated but our team at Initech figured it out eventually.
1381,2025-12-07,Globex Inc,Startup,QuickReport,praise,positive,QuickReport just works. Rock solid uptime and the Globex Inc team is very satisfied.
1382,2025-11-14,Stark Data Systems,SMB,FlowPilot,praise,positive,"The new FlowPilot update is fantastic, our team at Stark Data Systems loves the redesigned interface."
1383,2026-08-22,Cyberdyne Systems,SMB,QuickReport,praise,positive,Support resolved our QuickReport issue within the hour -- great experience overall.
1384,2025-09-10,Acme Corp,Enterprise,FlowPilot,performance,negative,"Dashboard loads take over 30 seconds in FlowPilot, this is unacceptable for Acme Corp's reporting needs."
1385,2026-02-19,Cyberdyne Systems,Enterprise,FlowPilot,support,negative,Opened a ticket about FlowPilot five days ago and still no response from support.
1386,2026-04-05,Massive Dynamic,Enterprise,DataSync Pro,feature_request,neutral,Any plans to add SSO support to DataSync Pro? We'd need that to expand usage at Massive Dynamic.
1387,2026-03-23,Hooli,Startup,QuickReport,praise,positive,"The new QuickReport update is fantastic, our team at Hooli loves the redesigned interface."
1388,2025-10-18,Cyberdyne Systems,Enterprise,InsightBoard,bug,negative,Data sync between InsightBoard and our CRM has been dropping records intermittently.
1389,2026-02-20,Wayne Analytics,SMB,QuickReport,billing,negative,We were double-charged for QuickReport this month and support at Wayne Analytics has been slow to respond.
1390,2026-05-20,Initech,SMB,DataSync Pro,feature_request,neutral,Any plans to add SSO support to DataSync Pro? We'd need that to expand usage at Initech.
1391,2026-05-02,Hooli,Enterprise,InsightBoard,bug,negative,InsightBoard's new filter feature crashes the app when we select more than 5 tags.
1392,2026-04-11,Stark Data Systems,Startup,QuickReport,onboarding,neutral,The onboarding docs for QuickReport are a bit outdated but our team at Stark Data Systems figured it out eventually.
1393,2026-05-14,Globex Inc,Startup,InsightBoard,bug,negative,Found a bug in InsightBoard where exported reports show the wrong currency symbol.
1394,2025-11-16,Globex Inc,Enterprise,InsightBoard,performance,negative,"Dashboard loads take over 30 seconds in InsightBoard, this is unacceptable for Globex Inc's reporting needs."
1395,2026-01-20,Wayne Analytics,SMB,FlowPilot,praise,positive,"The new FlowPilot update is fantastic, our team at Wayne Analytics loves the redesigned interface."
1396,2025-11-11,Soylent Corp,SMB,InsightBoard,praise,positive,"The new InsightBoard update is fantastic, our team at Soylent Corp loves the redesigned interface."
1397,2026-07-26,Acme Corp,Startup,MetricHub,feature_request,neutral,It would help Acme Corp a lot if MetricHub supported bulk export to Excel.
1398,2025-12-06,Umbrella Labs,Enterprise,QuickReport,bug,neutral,Found a bug in QuickReport where exported reports show the wrong currency symbol.
1399,2026-04-14,Stark Data Systems,Startup,QuickReport,billing,negative,The invoice for QuickReport doesn't match our contract pricing -- billing needs to fix this ASAP.
1400,2026-08-18,Initech,SMB,FlowPilot,billing,negative,The invoice for FlowPilot doesn't match our contract pricing -- billing needs to fix this ASAP.
1401,2025-11-04,Massive Dynamic,Startup,DataSync Pro,bug,negative,DataSync Pro's new filter feature crashes the app when we select more than 5 tags.
1402,2025-11-24,Umbrella Labs,Enterprise,InsightBoard,support,negative,Opened a ticket about InsightBoard five days ago and still no response from support.
1403,2026-06-01,Cyberdyne Systems,Enterprise,MetricHub,onboarding,positive,"Setup for MetricHub took longer than expected, would be nice to have a clearer setup wizard."
1404,2025-12-25,Acme Corp,Enterprise,FlowPilot,onboarding,neutral,New team members at Acme Corp find the FlowPilot admin console confusing at first.
1405,2026-01-22,Globex Inc,Enterprise,InsightBoard,bug,negative,Data sync between InsightBoard and our CRM has been dropping records intermittently.
1406,2025-10-27,Hooli,Startup,InsightBoard,feature_request,neutral,Would love to see a dark mode added to InsightBoard in a future release.
1407,2026-08-22,Initech,SMB,DataSync Pro,support,negative,Opened a ticket about DataSync Pro five days ago and still no response from support.
1408,2025-09-11,Stark Data Systems,Startup,MetricHub,bug,negative,MetricHub's new filter feature crashes the app when we select more than 5 tags.
1409,2026-08-24,Cyberdyne Systems,SMB,FlowPilot,billing,negative,Getting a refund for the FlowPilot overcharge took three weeks. Very frustrating billing process.
1410,2026-01-11,Umbrella Labs,Startup,DataSync Pro,praise,neutral,Support resolved our DataSync Pro issue within the hour -- great experience overall.
1411,2026-03-03,Globex Inc,Startup,MetricHub,praise,positive,"MetricHub has completely streamlined reporting for Globex Inc, couldn't be happier with the results."
1412,2025-10-01,Acme Corp,SMB,QuickReport,bug,negative,QuickReport's new filter feature crashes the app when we select more than 5 tags.
1413,2026-01-21,Acme Corp,SMB,FlowPilot,praise,positive,Support resolved our FlowPilot issue within the hour -- great experience overall.
1414,2026-09-14,Globex Inc,SMB,InsightBoard,praise,positive,Support resolved our InsightBoard issue within the hour -- great experience overall.
1415,2026-07-04,Cyberdyne Systems,SMB,QuickReport,feature_request,neutral,It would help Cyberdyne Systems a lot if QuickReport supported bulk export to Excel.
1416,2026-04-13,Soylent Corp,SMB,QuickReport,praise,positive,"The new QuickReport update is fantastic, our team at Soylent Corp loves the redesigned interface."
1417,2025-10-25,Cyberdyne Systems,SMB,MetricHub,bug,negative,MetricHub's new filter feature crashes the app when we select more than 5 tags.
1418,2026-07-14,Cyberdyne Systems,SMB,QuickReport,bug,negative,QuickReport's new filter feature crashes the app when we select more than 5 tags.
1419,2026-07-08,Soylent Corp,SMB,InsightBoard,billing,negative,We were double-charged for InsightBoard this month and support at Soylent Corp has been slow to respond.
1420,2026-07-21,Acme Corp,Startup,FlowPilot,feature_request,neutral,Any plans to add SSO support to FlowPilot? We'd need that to expand usage at Acme Corp.
1421,2025-10-26,Stark Data Systems,SMB,FlowPilot,onboarding,neutral,The onboarding docs for FlowPilot are a bit outdated but our team at Stark Data Systems figured it out eventually.
1422,2026-01-27,Acme Corp,Startup,QuickReport,bug,negative,QuickReport's new filter feature crashes the app when we select more than 5 tags.
1423,2025-09-18,Hooli,Startup,InsightBoard,performance,negative,We're seeing frequent 500 errors in InsightBoard during peak hours.
1424,2026-03-14,Soylent Corp,Startup,DataSync Pro,billing,negative,We were double-charged for DataSync Pro this month and support at Soylent Corp has been slow to respond.
1425,2026-01-19,Cyberdyne Systems,SMB,InsightBoard,billing,negative,The invoice for InsightBoard doesn't match our contract pricing -- billing needs to fix this ASAP.
1426,2026-07-15,Initech,Startup,DataSync Pro,billing,negative,Getting a refund for the DataSync Pro overcharge took three weeks. Very frustrating billing process.
1427,2026-03-23,Hooli,Enterprise,DataSync Pro,performance,negative,"DataSync Pro has been timing out constantly since the last update, our team at Hooli can't get work done."
1428,2026-04-20,Cyberdyne Systems,Startup,FlowPilot,support,negative,The support team at Cyberdyne Systems keeps closing our FlowPilot tickets without actually resolving the issue.
1429,2025-11-03,Wayne Analytics,Enterprise,QuickReport,praise,positive,"The new QuickReport update is fantastic, our team at Wayne Analytics loves the redesigned interface."
1430,2026-05-01,Stark Data Systems,SMB,DataSync Pro,feature_request,neutral,Any plans to add SSO support to DataSync Pro? We'd need that to expand usage at Stark Data Systems.
1431,2026-07-16,Globex Inc,Enterprise,DataSync Pro,billing,negative,The invoice for DataSync Pro doesn't match our contract pricing -- billing needs to fix this ASAP.
1432,2026-04-10,Hooli,Startup,MetricHub,bug,negative,Data sync between MetricHub and our CRM has been dropping records intermittently.
1433,2025-10-05,Wayne Analytics,SMB,FlowPilot,onboarding,neutral,New team members at Wayne Analytics find the FlowPilot admin console confusing at first.
1434,2026-08-07,Umbrella Labs,Enterprise,DataSync Pro,performance,negative,"DataSync Pro has been timing out constantly since the last update, our team at Umbrella Labs can't get work done."
1435,2025-11-21,Umbrella Labs,Startup,FlowPilot,praise,positive,"FlowPilot has completely streamlined reporting for Umbrella Labs, couldn't be happier with the results."
1436,2026-01-25,Soylent Corp,Enterprise,QuickReport,performance,negative,"Dashboard loads take over 30 seconds in QuickReport, this is unacceptable for Soylent Corp's reporting needs."
1437,2025-10-06,Massive Dynamic,Enterprise,FlowPilot,bug,negative,Found a bug in FlowPilot where exported reports show the wrong currency symbol.
1438,2025-09-28,Massive Dynamic,SMB,FlowPilot,performance,negative,We're seeing frequent 500 errors in FlowPilot during peak hours.
1439,2026-06-27,Umbrella Labs,SMB,QuickReport,bug,negative,Data sync between QuickReport and our CRM has been dropping records intermittently.
1440,2025-10-21,Initech,Enterprise,InsightBoard,praise,positive,InsightBoard just works. Rock solid uptime and the Initech team is very satisfied.
1441,2026-06-20,Hooli,Startup,FlowPilot,praise,positive,FlowPilot just works. Rock solid uptime and the Hooli team is very satisfied.
1442,2026-03-16,Stark Data Systems,SMB,DataSync Pro,feature_request,neutral,Any plans to add SSO support to DataSync Pro? We'd need that to expand usage at Stark Data Systems.
1443,2026-08-02,Cyberdyne Systems,Enterprise,FlowPilot,onboarding,neutral,New team members at Cyberdyne Systems find the FlowPilot admin console confusing at first.
1444,2026-05-03,Hooli,SMB,MetricHub,onboarding,neutral,The onboarding docs for MetricHub are a bit outdated but our team at Hooli figured it out eventually.
1445,2026-04-20,Hooli,Enterprise,FlowPilot,support,negative,Support wait times for FlowPilot have gotten noticeably worse this quarter.
1446,2025-11-10,Massive Dynamic,Enterprise,FlowPilot,feature_request,neutral,It would help Massive Dynamic a lot if FlowPilot supported bulk export to Excel.
1447,2025-12-17,Massive Dynamic,SMB,InsightBoard,feature_request,neutral,Would love to see a dark mode added to InsightBoard in a future release.
1448,2026-07-15,Wayne Analytics,Startup,MetricHub,performance,negative,We're seeing frequent 500 errors in MetricHub during peak hours.
1449,2026-07-24,Hooli,Startup,FlowPilot,performance,neutral,"Dashboard loads take over 30 seconds in FlowPilot, this is unacceptable for Hooli's reporting needs."
1450,2026-01-23,Acme Corp,Enterprise,MetricHub,support,neutral,The support team at Acme Corp keeps closing our MetricHub tickets without actually resolving the issue.
1451,2025-12-06,Massive Dynamic,Enterprise,QuickReport,feature_request,neutral,Would love to see a dark mode added to QuickReport in a future release.
1452,2026-01-08,Globex Inc,SMB,FlowPilot,onboarding,neutral,"Setup for FlowPilot took longer than expected, would be nice to have a clearer setup wizard."
1453,2026-01-12,Initech,SMB,DataSync Pro,performance,negative,We're seeing frequent 500 errors in DataSync Pro during peak hours.
1454,2026-09-03,Acme Corp,Enterprise,MetricHub,feature_request,neutral,Would love to see a dark mode added to MetricHub in a future release.
1455,2025-10-18,Globex Inc,Enterprise,MetricHub,support,negative,The support team at Globex Inc keeps closing our MetricHub tickets without actually resolving the issue.
1456,2026-09-02,Stark Data Systems,SMB,InsightBoard,performance,negative,"Dashboard loads take over 30 seconds in InsightBoard, this is unacceptable for Stark Data Systems's reporting needs."
1457,2026-07-04,Acme Corp,Startup,MetricHub,praise,positive,"The new MetricHub update is fantastic, our team at Acme Corp loves the redesigned interface."
1458,2025-10-26,Massive Dynamic,Enterprise,FlowPilot,feature_request,neutral,Would love to see a dark mode added to FlowPilot in a future release.
1459,2026-05-04,Globex Inc,Enterprise,MetricHub,onboarding,neutral,New team members at Globex Inc find the MetricHub admin console confusing at first.
1460,2025-11-24,Globex Inc,SMB,QuickReport,performance,negative,We're seeing frequent 500 errors in QuickReport during peak hours.
1461,2026-08-28,Massive Dynamic,SMB,MetricHub,support,neutral,Support wait times for MetricHub have gotten noticeably worse this quarter.
1462,2025-10-28,Wayne Analytics,Enterprise,InsightBoard,billing,negative,We were double-charged for InsightBoard this month and support at Wayne Analytics has been slow to respond.
1463,2026-09-16,Hooli,Enterprise,DataSync Pro,performance,negative,"Dashboard loads take over 30 seconds in DataSync Pro, this is unacceptable for Hooli's reporting needs."
1464,2026-01-12,Soylent Corp,Enterprise,QuickReport,support,negative,The support team at Soylent Corp keeps closing our QuickReport tickets without actually resolving the issue.
1465,2026-09-25,Wayne Analytics,Enterprise,QuickReport,feature_request,neutral,It would help Wayne Analytics a lot if QuickReport supported bulk export to Excel.
1466,2026-03-14,Umbrella Labs,SMB,QuickReport,onboarding,neutral,"Setup for QuickReport took longer than expected, would be nice to have a clearer setup wizard."
1467,2025-11-25,Wayne Analytics,SMB,DataSync Pro,bug,negative,Data sync between DataSync Pro and our CRM has been dropping records intermittently.
1468,2026-02-11,Soylent Corp,Enterprise,DataSync Pro,billing,negative,Getting a refund for the DataSync Pro overcharge took three weeks. Very frustrating billing process.
1469,2026-09-02,Hooli,SMB,DataSync Pro,bug,negative,Found a bug in DataSync Pro where exported reports show the wrong currency symbol.
1470,2026-07-23,Acme Corp,Enterprise,MetricHub,feature_request,neutral,Any plans to add SSO support to MetricHub? We'd need that to expand usage at Acme Corp.
1471,2026-08-18,Hooli,Startup,FlowPilot,praise,positive,"The new FlowPilot update is fantastic, our team at Hooli loves the redesigned interface."
1472,2026-01-17,Wayne Analytics,Enterprise,InsightBoard,praise,positive,"The new InsightBoard update is fantastic, our team at Wayne Analytics loves the redesigned interface."
1473,2025-12-18,Hooli,Startup,FlowPilot,onboarding,neutral,The onboarding docs for FlowPilot are a bit outdated but our team at Hooli figured it out eventually.
1474,2026-03-25,Massive Dynamic,Startup,InsightBoard,onboarding,neutral,New team members at Massive Dynamic find the InsightBoard admin console confusing at first.
1475,2026-02-13,Globex Inc,Startup,DataSync Pro,performance,negative,"Dashboard loads take over 30 seconds in DataSync Pro, this is unacceptable for Globex Inc's reporting needs."
1476,2026-01-07,Acme Corp,Startup,MetricHub,feature_request,neutral,Any plans to add SSO support to MetricHub? We'd need that to expand usage at Acme Corp.
1477,2026-02-25,Soylent Corp,Startup,InsightBoard,billing,negative,Getting a refund for the InsightBoard overcharge took three weeks. Very frustrating billing process.
1478,2026-06-09,Initech,Startup,DataSync Pro,feature_request,neutral,Would love to see a dark mode added to DataSync Pro in a future release.
1479,2026-08-02,Hooli,Enterprise,MetricHub,performance,negative,"Dashboard loads take over 30 seconds in MetricHub, this is unacceptable for Hooli's reporting needs."
1480,2025-10-02,Stark Data Systems,SMB,MetricHub,praise,positive,"The new MetricHub update is fantastic, our team at Stark Data Systems loves the redesigned interface."
1481,2026-08-01,Massive Dynamic,Startup,InsightBoard,praise,positive,"InsightBoard has completely streamlined reporting for Massive Dynamic, couldn't be happier with the results."
1482,2026-08-21,Umbrella Labs,Startup,MetricHub,bug,negative,MetricHub's new filter feature crashes the app when we select more than 5 tags.
1483,2026-01-10,Cyberdyne Systems,SMB,QuickReport,feature_request,neutral,Any plans to add SSO support to QuickReport? We'd need that to expand usage at Cyberdyne Systems.
1484,2026-03-17,Cyberdyne Systems,Startup,QuickReport,feature_request,neutral,Any plans to add SSO support to QuickReport? We'd need that to expand usage at Cyberdyne Systems.
1485,2026-06-07,Globex Inc,Startup,InsightBoard,feature_request,neutral,Would love to see a dark mode added to InsightBoard in a future release.
1486,2026-08-14,Massive Dynamic,Enterprise,DataSync Pro,praise,neutral,"The new DataSync Pro update is fantastic, our team at Massive Dynamic loves the redesigned interface."
1487,2026-03-05,Globex Inc,Enterprise,DataSync Pro,praise,positive,DataSync Pro just works. Rock solid uptime and the Globex Inc team is very satisfied.
1488,2026-07-17,Massive Dynamic,SMB,DataSync Pro,bug,negative,Found a bug in DataSync Pro where exported reports show the wrong currency symbol.
1489,2026-01-19,Soylent Corp,SMB,MetricHub,bug,negative,Data sync between MetricHub and our CRM has been dropping records intermittently.
1490,2026-04-24,Hooli,Startup,FlowPilot,bug,neutral,Data sync between FlowPilot and our CRM has been dropping records intermittently.
1491,2026-04-23,Acme Corp,Enterprise,MetricHub,bug,negative,Found a bug in MetricHub where exported reports show the wrong currency symbol.
1492,2026-08-07,Soylent Corp,Enterprise,MetricHub,bug,neutral,Found a bug in MetricHub where exported reports show the wrong currency symbol.
1493,2026-02-04,Initech,Startup,QuickReport,bug,negative,QuickReport's new filter feature crashes the app when we select more than 5 tags.
1494,2026-06-10,Globex Inc,SMB,DataSync Pro,onboarding,neutral,"Setup for DataSync Pro took longer than expected, would be nice to have a clearer setup wizard."
1495,2026-01-12,Acme Corp,SMB,DataSync Pro,billing,negative,Getting a refund for the DataSync Pro overcharge took three weeks. Very frustrating billing process.
1496,2025-11-26,Massive Dynamic,Enterprise,DataSync Pro,support,negative,The support team at Massive Dynamic keeps closing our DataSync Pro tickets without actually resolving the issue.
1497,2025-12-06,Initech,SMB,InsightBoard,onboarding,neutral,"Setup for InsightBoard took longer than expected, would be nice to have a clearer setup wizard."
1498,2026-02-03,Initech,Startup,DataSync Pro,praise,positive,DataSync Pro just works. Rock solid uptime and the Initech team is very satisfied.
1499,2026-01-19,Hooli,Startup,FlowPilot,praise,positive,"FlowPilot has completely streamlined reporting for Hooli, couldn't be happier with the results."
1500,2026-06-05,Hooli,Startup,FlowPilot,bug,negative,FlowPilot's new filter feature crashes the app when we select more than 5 tags.
1501,2026-07-15,Soylent Corp,SMB,FlowPilot,praise,positive,Support resolved our FlowPilot issue within the hour -- great experience overall.
1502,2026-07-20,Wayne Analytics,Startup,DataSync Pro,performance,negative,We're seeing frequent 500 errors in DataSync Pro during peak hours.
1503,2026-05-02,Umbrella Labs,SMB,FlowPilot,bug,negative,FlowPilot's new filter feature crashes the app when we select more than 5 tags.
1504,2026-08-01,Stark Data Systems,Enterprise,DataSync Pro,feature_request,neutral,It would help Stark Data Systems a lot if DataSync Pro supported bulk export to Excel.
1505,2025-10-21,Stark Data Systems,Startup,MetricHub,onboarding,neutral,New team members at Stark Data Systems find the MetricHub admin console confusing at first.
1506,2026-06-25,Umbrella Labs,Startup,MetricHub,onboarding,neutral,The onboarding docs for MetricHub are a bit outdated but our team at Umbrella Labs figured it out eventually.
1507,2026-05-01,Soylent Corp,SMB,QuickReport,billing,negative,Getting a refund for the QuickReport overcharge took three weeks. Very frustrating billing process.
1508,2026-01-26,Soylent Corp,Enterprise,QuickReport,billing,negative,Getting a refund for the QuickReport overcharge took three weeks. Very frustrating billing process.
1509,2026-09-18,Cyberdyne Systems,Enterprise,FlowPilot,performance,negative,"FlowPilot has been timing out constantly since the last update, our team at Cyberdyne Systems can't get work done."
1510,2026-04-28,Hooli,Enterprise,MetricHub,onboarding,neutral,"Setup for MetricHub took longer than expected, would be nice to have a clearer setup wizard."
1511,2025-09-28,Hooli,SMB,QuickReport,billing,negative,The invoice for QuickReport doesn't match our contract pricing -- billing needs to fix this ASAP.
1512,2025-10-04,Hooli,Enterprise,InsightBoard,onboarding,neutral,"Setup for InsightBoard took longer than expected, would be nice to have a clearer setup wizard."
1513,2026-01-25,Stark Data Systems,Enterprise,QuickReport,onboarding,neutral,The onboarding docs for QuickReport are a bit outdated but our team at Stark Data Systems figured it out eventually.
1514,2025-11-02,Stark Data Systems,Startup,FlowPilot,billing,negative,We were double-charged for FlowPilot this month and support at Stark Data Systems has been slow to respond.
1515,2025-09-10,Acme Corp,Startup,DataSync Pro,onboarding,neutral,"Setup for DataSync Pro took longer than expected, would be nice to have a clearer setup wizard."
1516,2026-02-09,Wayne Analytics,SMB,QuickReport,bug,negative,Found a bug in QuickReport where exported reports show the wrong currency symbol.
1517,2026-09-20,Initech,Enterprise,QuickReport,bug,negative,Found a bug in QuickReport where exported reports show the wrong currency symbol.
1518,2026-03-04,Massive Dynamic,Startup,MetricHub,onboarding,neutral,The onboarding docs for MetricHub are a bit outdated but our team at Massive Dynamic figured it out eventually.
1519,2026-03-03,Wayne Analytics,Startup,FlowPilot,support,neutral,Opened a ticket about FlowPilot five days ago and still no response from support.
1520,2026-01-18,Hooli,Enterprise,QuickReport,bug,neutral,Found a bug in QuickReport where exported reports show the wrong currency symbol.
1521,2026-07-26,Globex Inc,Startup,QuickReport,onboarding,neutral,New team members at Globex Inc find the QuickReport admin console confusing at first.
1522,2025-10-28,Cyberdyne Systems,SMB,FlowPilot,performance,negative,"Dashboard loads take over 30 seconds in FlowPilot, this is unacceptable for Cyberdyne Systems's reporting needs."
1523,2026-05-06,Umbrella Labs,SMB,QuickReport,feature_request,neutral,Any plans to add SSO support to QuickReport? We'd need that to expand usage at Umbrella Labs.
1524,2026-04-02,Soylent Corp,Startup,FlowPilot,praise,positive,Support resolved our FlowPilot issue within the hour -- great experience overall.
1525,2025-11-01,Cyberdyne Systems,Startup,InsightBoard,billing,negative,The invoice for InsightBoard doesn't match our contract pricing -- billing needs to fix this ASAP.
1526,2026-07-13,Stark Data Systems,SMB,MetricHub,billing,negative,The invoice for MetricHub doesn't match our contract pricing -- billing needs to fix this ASAP.
1527,2026-01-02,Umbrella Labs,Startup,MetricHub,support,negative,Support wait times for MetricHub have gotten noticeably worse this quarter.
1528,2026-01-03,Soylent Corp,Enterprise,MetricHub,performance,negative,We're seeing frequent 500 errors in MetricHub during peak hours.
1529,2026-05-09,Globex Inc,Startup,QuickReport,bug,negative,Data sync between QuickReport and our CRM has been dropping records intermittently.
1530,2026-07-11,Cyberdyne Systems,SMB,MetricHub,bug,neutral,Found a bug in MetricHub where exported reports show the wrong currency symbol.
1531,2026-07-11,Massive Dynamic,Enterprise,InsightBoard,feature_request,neutral,It would help Massive Dynamic a lot if InsightBoard supported bulk export to Excel.
1532,2025-09-23,Massive Dynamic,SMB,MetricHub,support,negative,Opened a ticket about MetricHub five days ago and still no response from support.
1533,2025-09-01,Initech,SMB,MetricHub,performance,negative,We're seeing frequent 500 errors in MetricHub during peak hours.
1534,2026-08-16,Hooli,Startup,MetricHub,feature_request,positive,Would love to see a dark mode added to MetricHub in a future release.
1535,2026-07-03,Soylent Corp,Startup,DataSync Pro,praise,positive,DataSync Pro just works. Rock solid uptime and the Soylent Corp team is very satisfied.
1536,2026-03-27,Massive Dynamic,SMB,DataSync Pro,onboarding,neutral,The onboarding docs for DataSync Pro are a bit outdated but our team at Massive Dynamic figured it out eventually.
1537,2025-09-04,Hooli,Startup,QuickReport,onboarding,neutral,"Setup for QuickReport took longer than expected, would be nice to have a clearer setup wizard."
1538,2025-12-24,Umbrella Labs,Enterprise,FlowPilot,bug,negative,FlowPilot's new filter feature crashes the app when we select more than 5 tags.
1539,2026-06-21,Wayne Analytics,Enterprise,QuickReport,billing,negative,The invoice for QuickReport doesn't match our contract pricing -- billing needs to fix this ASAP.
1540,2026-02-02,Umbrella Labs,SMB,QuickReport,support,negative,Support wait times for QuickReport have gotten noticeably worse this quarter.
1541,2025-12-27,Cyberdyne Systems,Enterprise,QuickReport,support,negative,The support team at Cyberdyne Systems keeps closing our QuickReport tickets without actually resolving the issue.
1542,2026-05-16,Globex Inc,Startup,InsightBoard,feature_request,neutral,It would help Globex Inc a lot if InsightBoard supported bulk export to Excel.
1543,2026-07-20,Umbrella Labs,Startup,MetricHub,performance,negative,We're seeing frequent 500 errors in MetricHub during peak hours.
1544,2026-08-03,Globex Inc,Enterprise,MetricHub,onboarding,neutral,The onboarding docs for MetricHub are a bit outdated but our team at Globex Inc figured it out eventually.
1545,2026-08-26,Cyberdyne Systems,Startup,QuickReport,performance,negative,"Dashboard loads take over 30 seconds in QuickReport, this is unacceptable for Cyberdyne Systems's reporting needs."
1546,2026-01-22,Initech,Startup,MetricHub,support,negative,Opened a ticket about MetricHub five days ago and still no response from support.
1547,2026-07-21,Initech,Startup,FlowPilot,onboarding,neutral,"Setup for FlowPilot took longer than expected, would be nice to have a clearer setup wizard."
1548,2025-10-22,Hooli,SMB,FlowPilot,billing,negative,The invoice for FlowPilot doesn't match our contract pricing -- billing needs to fix this ASAP.
1549,2026-09-02,Massive Dynamic,Startup,InsightBoard,onboarding,positive,"Setup for InsightBoard took longer than expected, would be nice to have a clearer setup wizard."
1550,2026-05-15,Initech,SMB,InsightBoard,feature_request,neutral,Would love to see a dark mode added to InsightBoard in a future release.
1551,2025-10-19,Hooli,SMB,QuickReport,support,negative,Opened a ticket about QuickReport five days ago and still no response from support.
1552,2025-12-07,Umbrella Labs,Enterprise,FlowPilot,praise,positive,"FlowPilot has completely streamlined reporting for Umbrella Labs, couldn't be happier with the results."
1553,2026-07-04,Stark Data Systems,Startup,DataSync Pro,performance,negative,"Dashboard loads take over 30 seconds in DataSync Pro, this is unacceptable for Stark Data Systems's reporting needs."
1554,2026-09-21,Hooli,Startup,DataSync Pro,billing,negative,The invoice for DataSync Pro doesn't match our contract pricing -- billing needs to fix this ASAP.
1555,2025-12-11,Umbrella Labs,SMB,DataSync Pro,support,negative,The support team at Umbrella Labs keeps closing our DataSync Pro tickets without actually resolving the issue.
1556,2025-10-25,Wayne Analytics,Enterprise,MetricHub,praise,neutral,"MetricHub has completely streamlined reporting for Wayne Analytics, couldn't be happier with the results."
1557,2026-04-19,Massive Dynamic,Startup,DataSync Pro,onboarding,neutral,New team members at Massive Dynamic find the DataSync Pro admin console confusing at first.
1558,2026-02-28,Initech,SMB,DataSync Pro,billing,negative,We were double-charged for DataSync Pro this month and support at Initech has been slow to respond.
1559,2025-09-10,Acme Corp,SMB,DataSync Pro,feature_request,neutral,Would love to see a dark mode added to DataSync Pro in a future release.
1560,2026-07-02,Hooli,Enterprise,DataSync Pro,onboarding,neutral,New team members at Hooli find the DataSync Pro admin console confusing at first.
1561,2025-10-20,Stark Data Systems,SMB,FlowPilot,onboarding,neutral,The onboarding docs for FlowPilot are a bit outdated but our team at Stark Data Systems figured it out eventually.
1562,2026-06-01,Umbrella Labs,Startup,MetricHub,praise,positive,MetricHub just works. Rock solid uptime and the Umbrella Labs team is very satisfied.
1563,2026-06-04,Massive Dynamic,Startup,FlowPilot,bug,negative,FlowPilot's new filter feature crashes the app when we select more than 5 tags.
1564,2026-02-19,Initech,Startup,FlowPilot,support,negative,Support wait times for FlowPilot have gotten noticeably worse this quarter.
1565,2026-08-03,Globex Inc,Startup,DataSync Pro,performance,negative,"DataSync Pro has been timing out constantly since the last update, our team at Globex Inc can't get work done."
1566,2026-05-09,Cyberdyne Systems,Startup,QuickReport,onboarding,neutral,The onboarding docs for QuickReport are a bit outdated but our team at Cyberdyne Systems figured it out eventually.
1567,2025-11-08,Massive Dynamic,SMB,MetricHub,support,neutral,The support team at Massive Dynamic keeps closing our MetricHub tickets without actually resolving the issue.
1568,2026-06-14,Initech,SMB,QuickReport,performance,negative,"QuickReport has been timing out constantly since the last update, our team at Initech can't get work done."
1569,2026-05-25,Wayne Analytics,Startup,InsightBoard,onboarding,neutral,New team members at Wayne Analytics find the InsightBoard admin console confusing at first.
1570,2026-02-10,Massive Dynamic,Startup,InsightBoard,performance,negative,"InsightBoard has been timing out constantly since the last update, our team at Massive Dynamic can't get work done."
1571,2026-07-05,Soylent Corp,Startup,MetricHub,support,negative,Opened a ticket about MetricHub five days ago and still no response from support.
1572,2026-03-12,Soylent Corp,Enterprise,MetricHub,billing,negative,We were double-charged for MetricHub this month and support at Soylent Corp has been slow to respond.
1573,2025-12-22,Umbrella Labs,SMB,DataSync Pro,performance,negative,"DataSync Pro has been timing out constantly since the last update, our team at Umbrella Labs can't get work done."
1574,2026-02-28,Massive Dynamic,Startup,MetricHub,bug,neutral,Data sync between MetricHub and our CRM has been dropping records intermittently.
1575,2026-03-11,Wayne Analytics,SMB,MetricHub,onboarding,neutral,New team members at Wayne Analytics find the MetricHub admin console confusing at first.
1576,2025-12-01,Massive Dynamic,SMB,DataSync Pro,performance,negative,"DataSync Pro has been timing out constantly since the last update, our team at Massive Dynamic can't get work done."
1577,2025-12-08,Umbrella Labs,Startup,FlowPilot,feature_request,neutral,Would love to see a dark mode added to FlowPilot in a future release.
1578,2026-03-06,Wayne Analytics,Enterprise,FlowPilot,bug,negative,Data sync between FlowPilot and our CRM has been dropping records intermittently.
1579,2026-02-01,Wayne Analytics,Enterprise,DataSync Pro,praise,positive,"DataSync Pro has completely streamlined reporting for Wayne Analytics, couldn't be happier with the results."
1580,2025-12-21,Acme Corp,SMB,InsightBoard,onboarding,neutral,The onboarding docs for InsightBoard are a bit outdated but our team at Acme Corp figured it out eventually.
1581,2025-12-10,Initech,Enterprise,DataSync Pro,onboarding,neutral,"Setup for DataSync Pro took longer than expected, would be nice to have a clearer setup wizard."
1582,2026-05-08,Stark Data Systems,SMB,QuickReport,performance,negative,"QuickReport has been timing out constantly since the last update, our team at Stark Data Systems can't get work done."
1583,2025-10-01,Initech,SMB,QuickReport,performance,negative,"QuickReport has been timing out constantly since the last update, our team at Initech can't get work done."
1584,2025-12-10,Hooli,SMB,DataSync Pro,praise,positive,Support resolved our DataSync Pro issue within the hour -- great experience overall.
1585,2025-11-17,Wayne Analytics,Startup,InsightBoard,bug,negative,Found a bug in InsightBoard where exported reports show the wrong currency symbol.
1586,2025-11-26,Globex Inc,Enterprise,DataSync Pro,praise,positive,DataSync Pro just works. Rock solid uptime and the Globex Inc team is very satisfied.
1587,2026-02-11,Soylent Corp,Startup,FlowPilot,performance,negative,"FlowPilot has been timing out constantly since the last update, our team at Soylent Corp can't get work done."
1588,2026-06-07,Umbrella Labs,Startup,DataSync Pro,onboarding,neutral,"Setup for DataSync Pro took longer than expected, would be nice to have a clearer setup wizard."
1589,2025-09-21,Acme Corp,Enterprise,InsightBoard,praise,positive,"The new InsightBoard update is fantastic, our team at Acme Corp loves the redesigned interface."
1590,2026-04-07,Acme Corp,Startup,MetricHub,praise,positive,"The new MetricHub update is fantastic, our team at Acme Corp loves the redesigned interface."
1591,2025-11-17,Massive Dynamic,Enterprise,MetricHub,feature_request,neutral,Would love to see a dark mode added to MetricHub in a future release.
1592,2026-05-15,Soylent Corp,SMB,InsightBoard,bug,negative,Data sync between InsightBoard and our CRM has been dropping records intermittently.
1593,2026-04-23,Wayne Analytics,Startup,MetricHub,performance,negative,"Dashboard loads take over 30 seconds in MetricHub, this is unacceptable for Wayne Analytics's reporting needs."
1594,2026-07-26,Stark Data Systems,SMB,MetricHub,bug,negative,MetricHub's new filter feature crashes the app when we select more than 5 tags.
1595,2025-12-15,Initech,Enterprise,QuickReport,onboarding,neutral,New team members at Initech find the QuickReport admin console confusing at first.
1596,2026-03-13,Hooli,SMB,QuickReport,praise,positive,Support resolved our QuickReport issue within the hour -- great experience overall.
1597,2025-10-05,Wayne Analytics,Startup,InsightBoard,onboarding,neutral,The onboarding docs for InsightBoard are a bit outdated but our team at Wayne Analytics figured it out eventually.
1598,2026-02-08,Stark Data Systems,Startup,FlowPilot,praise,positive,"FlowPilot has completely streamlined reporting for Stark Data Systems, couldn't be happier with the results."
1599,2026-02-14,Massive Dynamic,Startup,MetricHub,onboarding,neutral,The onboarding docs for MetricHub are a bit outdated but our team at Massive Dynamic figured it out eventually.
1600,2026-09-16,Hooli,SMB,FlowPilot,bug,negative,FlowPilot's new filter feature crashes the app when we select more than 5 tags.
1601,2026-04-08,Hooli,Enterprise,DataSync Pro,support,negative,The support team at Hooli keeps closing our DataSync Pro tickets without actually resolving the issue.
1602,2026-01-27,Globex Inc,Enterprise,InsightBoard,support,negative,Support wait times for InsightBoard have gotten noticeably worse this quarter.
1603,2025-12-04,Soylent Corp,SMB,DataSync Pro,onboarding,neutral,New team members at Soylent Corp find the DataSync Pro admin console confusing at first.
1604,2025-12-11,Wayne Analytics,Startup,DataSync Pro,billing,negative,We were double-charged for DataSync Pro this month and support at Wayne Analytics has been slow to respond.
1605,2026-08-27,Wayne Analytics,SMB,InsightBoard,performance,negative,We're seeing frequent 500 errors in InsightBoard during peak hours.
1606,2026-09-23,Umbrella Labs,Enterprise,MetricHub,praise,positive,"The new MetricHub update is fantastic, our team at Umbrella Labs loves the redesigned interface."
1607,2026-01-27,Stark Data Systems,SMB,DataSync Pro,feature_request,neutral,Any plans to add SSO support to DataSync Pro? We'd need that to expand usage at Stark Data Systems.
1608,2025-09-16,Hooli,Startup,MetricHub,support,negative,The support team at Hooli keeps closing our MetricHub tickets without actually resolving the issue.
1609,2025-12-24,Acme Corp,Enterprise,FlowPilot,feature_request,neutral,Any plans to add SSO support to FlowPilot? We'd need that to expand usage at Acme Corp.
1610,2026-06-26,Massive Dynamic,Startup,QuickReport,feature_request,neutral,Would love to see a dark mode added to QuickReport in a future release.
1611,2026-02-28,Massive Dynamic,Enterprise,InsightBoard,onboarding,neutral,"Setup for InsightBoard took longer than expected, would be nice to have a clearer setup wizard."
1612,2026-04-28,Hooli,SMB,QuickReport,performance,neutral,"Dashboard loads take over 30 seconds in QuickReport, this is unacceptable for Hooli's reporting needs."
1613,2025-11-10,Wayne Analytics,Startup,QuickReport,onboarding,neutral,The onboarding docs for QuickReport are a bit outdated but our team at Wayne Analytics figured it out eventually.
1614,2025-12-14,Massive Dynamic,SMB,InsightBoard,feature_request,neutral,Would love to see a dark mode added to InsightBoard in a future release.
1615,2026-02-19,Hooli,SMB,MetricHub,bug,negative,Data sync between MetricHub and our CRM has been dropping records intermittently.
1616,2026-02-19,Initech,Enterprise,QuickReport,billing,negative,Getting a refund for the QuickReport overcharge took three weeks. Very frustrating billing process.
1617,2026-03-07,Cyberdyne Systems,SMB,MetricHub,feature_request,neutral,Any plans to add SSO support to MetricHub? We'd need that to expand usage at Cyberdyne Systems.
1618,2026-04-04,Soylent Corp,Enterprise,FlowPilot,bug,negative,Found a bug in FlowPilot where exported reports show the wrong currency symbol.
1619,2025-11-04,Massive Dynamic,Enterprise,InsightBoard,support,negative,Support wait times for InsightBoard have gotten noticeably worse this quarter.
1620,2026-06-16,Acme Corp,Startup,DataSync Pro,feature_request,neutral,Any plans to add SSO support to DataSync Pro? We'd need that to expand usage at Acme Corp.
1621,2026-01-07,Umbrella Labs,SMB,DataSync Pro,billing,negative,We were double-charged for DataSync Pro this month and support at Umbrella Labs has been slow to respond.
1622,2025-09-12,Soylent Corp,SMB,DataSync Pro,performance,negative,"Dashboard loads take over 30 seconds in DataSync Pro, this is unacceptable for Soylent Corp's reporting needs."
1623,2026-03-06,Acme Corp,SMB,InsightBoard,onboarding,positive,The onboarding docs for InsightBoard are a bit outdated but our team at Acme Corp figured it out eventually.
1624,2026-08-03,Soylent Corp,SMB,FlowPilot,billing,negative,We were double-charged for FlowPilot this month and support at Soylent Corp has been slow to respond.
1625,2026-03-27,Acme Corp,SMB,QuickReport,bug,negative,Found a bug in QuickReport where exported reports show the wrong currency symbol.
1626,2026-06-10,Massive Dynamic,Startup,QuickReport,feature_request,neutral,Any plans to add SSO support to QuickReport? We'd need that to expand usage at Massive Dynamic.
1627,2025-12-01,Soylent Corp,SMB,FlowPilot,onboarding,neutral,The onboarding docs for FlowPilot are a bit outdated but our team at Soylent Corp figured it out eventually.
1628,2026-09-08,Globex Inc,Startup,FlowPilot,performance,negative,"Dashboard loads take over 30 seconds in FlowPilot, this is unacceptable for Globex Inc's reporting needs."
1629,2026-04-19,Cyberdyne Systems,SMB,FlowPilot,onboarding,neutral,"Setup for FlowPilot took longer than expected, would be nice to have a clearer setup wizard."
1630,2026-04-12,Globex Inc,Startup,InsightBoard,billing,negative,Getting a refund for the InsightBoard overcharge took three weeks. Very frustrating billing process.
1631,2026-09-28,Stark Data Systems,Startup,FlowPilot,feature_request,neutral,Any plans to add SSO support to FlowPilot? We'd need that to expand usage at Stark Data Systems.
1632,2026-08-14,Umbrella Labs,Startup,QuickReport,performance,negative,"Dashboard loads take over 30 seconds in QuickReport, this is unacceptable for Umbrella Labs's reporting needs."
1633,2026-03-23,Acme Corp,Enterprise,MetricHub,bug,neutral,MetricHub's new filter feature crashes the app when we select more than 5 tags.
1634,2026-05-10,Acme Corp,Startup,InsightBoard,billing,negative,We were double-charged for InsightBoard this month and support at Acme Corp has been slow to respond.
1635,2026-09-18,Umbrella Labs,SMB,FlowPilot,feature_request,neutral,Would love to see a dark mode added to FlowPilot in a future release.
1636,2026-09-25,Globex Inc,Startup,DataSync Pro,billing,negative,The invoice for DataSync Pro doesn't match our contract pricing -- billing needs to fix this ASAP.
1637,2025-12-17,Massive Dynamic,SMB,QuickReport,support,negative,The support team at Massive Dynamic keeps closing our QuickReport tickets without actually resolving the issue.
1638,2026-08-22,Initech,Startup,DataSync Pro,billing,negative,The invoice for DataSync Pro doesn't match our contract pricing -- billing needs to fix this ASAP.
1639,2026-03-28,Hooli,Startup,InsightBoard,feature_request,neutral,It would help Hooli a lot if InsightBoard supported bulk export to Excel.
1640,2025-10-23,Initech,SMB,DataSync Pro,performance,negative,"Dashboard loads take over 30 seconds in DataSync Pro, this is unacceptable for Initech's reporting needs."
1641,2025-10-03,Massive Dynamic,SMB,FlowPilot,performance,negative,"Dashboard loads take over 30 seconds in FlowPilot, this is unacceptable for Massive Dynamic's reporting needs."
1642,2026-04-27,Umbrella Labs,Enterprise,FlowPilot,onboarding,neutral,New team members at Umbrella Labs find the FlowPilot admin console confusing at first.
1643,2025-10-06,Acme Corp,Startup,DataSync Pro,support,negative,Opened a ticket about DataSync Pro five days ago and still no response from support.
1644,2025-10-22,Soylent Corp,Enterprise,FlowPilot,support,negative,Opened a ticket about FlowPilot five days ago and still no response from support.
1645,2026-02-06,Stark Data Systems,SMB,QuickReport,praise,positive,"QuickReport has completely streamlined reporting for Stark Data Systems, couldn't be happier with the results."
1646,2026-04-23,Initech,Enterprise,MetricHub,performance,negative,We're seeing frequent 500 errors in MetricHub during peak hours.
1647,2026-08-10,Soylent Corp,SMB,DataSync Pro,billing,negative,Getting a refund for the DataSync Pro overcharge took three weeks. Very frustrating billing process.
1648,2026-09-13,Cyberdyne Systems,Enterprise,DataSync Pro,bug,negative,Found a bug in DataSync Pro where exported reports show the wrong currency symbol.
1649,2025-12-03,Umbrella Labs,Enterprise,InsightBoard,praise,positive,Support resolved our InsightBoard issue within the hour -- great experience overall.
1650,2025-12-22,Initech,SMB,DataSync Pro,billing,negative,The invoice for DataSync Pro doesn't match our contract pricing -- billing needs to fix this ASAP.
1651,2025-11-24,Umbrella Labs,Startup,DataSync Pro,feature_request,neutral,Would love to see a dark mode added to DataSync Pro in a future release.
1652,2026-02-11,Hooli,Enterprise,MetricHub,performance,negative,"MetricHub has been timing out constantly since the last update, our team at Hooli can't get work done."
1653,2026-05-13,Umbrella Labs,Enterprise,MetricHub,onboarding,neutral,New team members at Umbrella Labs find the MetricHub admin console confusing at first.
1654,2026-02-11,Umbrella Labs,Enterprise,QuickReport,bug,negative,Found a bug in QuickReport where exported reports show the wrong currency symbol.
1655,2026-03-07,Hooli,Enterprise,InsightBoard,performance,negative,"InsightBoard has been timing out constantly since the last update, our team at Hooli can't get work done."
1656,2026-06-12,Globex Inc,Startup,InsightBoard,bug,neutral,Found a bug in InsightBoard where exported reports show the wrong currency symbol.
1657,2026-09-20,Umbrella Labs,SMB,FlowPilot,billing,negative,We were double-charged for FlowPilot this month and support at Umbrella Labs has been slow to respond.
1658,2026-01-04,Soylent Corp,Enterprise,MetricHub,bug,negative,Found a bug in MetricHub where exported reports show the wrong currency symbol.
1659,2025-11-21,Hooli,SMB,QuickReport,onboarding,neutral,"Setup for QuickReport took longer than expected, would be nice to have a clearer setup wizard."
1660,2025-09-20,Massive Dynamic,SMB,DataSync Pro,praise,positive,"The new DataSync Pro update is fantastic, our team at Massive Dynamic loves the redesigned interface."
1661,2026-08-08,Hooli,Startup,MetricHub,onboarding,neutral,"Setup for MetricHub took longer than expected, would be nice to have a clearer setup wizard."
1662,2026-06-25,Initech,Enterprise,QuickReport,onboarding,neutral,New team members at Initech find the QuickReport admin console confusing at first.
1663,2026-06-03,Umbrella Labs,Enterprise,FlowPilot,billing,neutral,The invoice for FlowPilot doesn't match our contract pricing -- billing needs to fix this ASAP.
1664,2025-12-05,Wayne Analytics,SMB,FlowPilot,billing,negative,We were double-charged for FlowPilot this month and support at Wayne Analytics has been slow to respond.
1665,2026-06-15,Initech,Startup,QuickReport,bug,negative,Found a bug in QuickReport where exported reports show the wrong currency symbol.
1666,2026-07-26,Acme Corp,SMB,InsightBoard,feature_request,neutral,It would help Acme Corp a lot if InsightBoard supported bulk export to Excel.
1667,2026-01-25,Soylent Corp,Startup,FlowPilot,praise,positive,"FlowPilot has completely streamlined reporting for Soylent Corp, couldn't be happier with the results."
1668,2025-12-18,Wayne Analytics,Enterprise,InsightBoard,billing,neutral,We were double-charged for InsightBoard this month and support at Wayne Analytics has been slow to respond.
1669,2026-03-17,Umbrella Labs,Startup,QuickReport,billing,negative,Getting a refund for the QuickReport overcharge took three weeks. Very frustrating billing process.
1670,2026-04-03,Massive Dynamic,Enterprise,DataSync Pro,support,negative,Opened a ticket about DataSync Pro five days ago and still no response from support.
1671,2025-10-06,Acme Corp,Enterprise,QuickReport,performance,negative,"QuickReport has been timing out constantly since the last update, our team at Acme Corp can't get work done."
1672,2025-10-14,Umbrella Labs,Startup,QuickReport,onboarding,neutral,New team members at Umbrella Labs find the QuickReport admin console confusing at first.
1673,2025-12-08,Stark Data Systems,Startup,QuickReport,feature_request,neutral,It would help Stark Data Systems a lot if QuickReport supported bulk export to Excel.
1674,2026-01-19,Cyberdyne Systems,SMB,QuickReport,bug,negative,Found a bug in QuickReport where exported reports show the wrong currency symbol.
1675,2025-10-12,Umbrella Labs,SMB,InsightBoard,bug,neutral,Data sync between InsightBoard and our CRM has been dropping records intermittently.
1676,2026-03-17,Acme Corp,SMB,FlowPilot,bug,negative,FlowPilot's new filter feature crashes the app when we select more than 5 tags.
1677,2025-09-25,Hooli,SMB,QuickReport,onboarding,neutral,New team members at Hooli find the QuickReport admin console confusing at first.
1678,2026-05-05,Globex Inc,Startup,InsightBoard,bug,negative,InsightBoard's new filter feature crashes the app when we select more than 5 tags.
1679,2026-04-10,Acme Corp,SMB,InsightBoard,onboarding,neutral,New team members at Acme Corp find the InsightBoard admin console confusing at first.
1680,2026-04-03,Hooli,Startup,MetricHub,bug,negative,MetricHub's new filter feature crashes the app when we select more than 5 tags.
1681,2025-12-01,Massive Dynamic,Enterprise,QuickReport,support,negative,Opened a ticket about QuickReport five days ago and still no response from support.
1682,2026-03-13,Wayne Analytics,SMB,FlowPilot,billing,negative,Getting a refund for the FlowPilot overcharge took three weeks. Very frustrating billing process.
1683,2026-07-19,Hooli,SMB,FlowPilot,feature_request,neutral,It would help Hooli a lot if FlowPilot supported bulk export to Excel.
1684,2026-06-06,Initech,SMB,DataSync Pro,billing,negative,The invoice for DataSync Pro doesn't match our contract pricing -- billing needs to fix this ASAP.
1685,2026-08-16,Stark Data Systems,Startup,InsightBoard,performance,negative,"Dashboard loads take over 30 seconds in InsightBoard, this is unacceptable for Stark Data Systems's reporting needs."
1686,2026-03-14,Wayne Analytics,Startup,DataSync Pro,feature_request,neutral,Any plans to add SSO support to DataSync Pro? We'd need that to expand usage at Wayne Analytics.
1687,2026-02-21,Umbrella Labs,Enterprise,FlowPilot,feature_request,neutral,Would love to see a dark mode added to FlowPilot in a future release.
1688,2026-06-15,Initech,SMB,QuickReport,feature_request,neutral,Any plans to add SSO support to QuickReport? We'd need that to expand usage at Initech.
1689,2026-06-22,Stark Data Systems,Startup,QuickReport,feature_request,neutral,Would love to see a dark mode added to QuickReport in a future release.
1690,2026-07-23,Initech,Enterprise,DataSync Pro,praise,positive,Support resolved our DataSync Pro issue within the hour -- great experience overall.
1691,2025-12-14,Cyberdyne Systems,Startup,DataSync Pro,bug,negative,DataSync Pro's new filter feature crashes the app when we select more than 5 tags.
1692,2026-05-22,Stark Data Systems,Startup,InsightBoard,performance,negative,"Dashboard loads take over 30 seconds in InsightBoard, this is unacceptable for Stark Data Systems's reporting needs."
1693,2025-10-04,Stark Data Systems,Startup,FlowPilot,bug,negative,Data sync between FlowPilot and our CRM has been dropping records intermittently.
1694,2026-08-07,Wayne Analytics,SMB,QuickReport,feature_request,neutral,Any plans to add SSO support to QuickReport? We'd need that to expand usage at Wayne Analytics.
1695,2026-04-01,Stark Data Systems,Enterprise,DataSync Pro,feature_request,neutral,It would help Stark Data Systems a lot if DataSync Pro supported bulk export to Excel.
1696,2026-07-10,Hooli,SMB,MetricHub,billing,negative,We were double-charged for MetricHub this month and support at Hooli has been slow to respond.
1697,2025-11-23,Acme Corp,SMB,QuickReport,feature_request,neutral,It would help Acme Corp a lot if QuickReport supported bulk export to Excel.
1698,2025-10-15,Massive Dynamic,Startup,QuickReport,performance,negative,"QuickReport has been timing out constantly since the last update, our team at Massive Dynamic can't get work done."
1699,2026-08-06,Acme Corp,Enterprise,QuickReport,onboarding,neutral,The onboarding docs for QuickReport are a bit outdated but our team at Acme Corp figured it out eventually.
1700,2026-07-20,Stark Data Systems,SMB,FlowPilot,praise,positive,Support resolved our FlowPilot issue within the hour -- great experience overall.
1701,2025-10-13,Acme Corp,SMB,DataSync Pro,billing,negative,Getting a refund for the DataSync Pro overcharge took three weeks. Very frustrating billing process.
1702,2026-06-08,Globex Inc,Enterprise,InsightBoard,billing,negative,The invoice for InsightBoard doesn't match our contract pricing -- billing needs to fix this ASAP.
1703,2026-01-25,Globex Inc,Enterprise,DataSync Pro,bug,negative,DataSync Pro's new filter feature crashes the app when we select more than 5 tags.
1704,2025-12-17,Cyberdyne Systems,Enterprise,DataSync Pro,billing,negative,Getting a refund for the DataSync Pro overcharge took three weeks. Very frustrating billing process.
1705,2026-09-09,Hooli,Startup,MetricHub,praise,positive,"MetricHub has completely streamlined reporting for Hooli, couldn't be happier with the results."
1706,2026-02-12,Wayne Analytics,SMB,MetricHub,bug,negative,MetricHub's new filter feature crashes the app when we select more than 5 tags.
1707,2026-07-13,Wayne Analytics,SMB,QuickReport,feature_request,neutral,It would help Wayne Analytics a lot if QuickReport supported bulk export to Excel.
1708,2026-09-04,Initech,SMB,InsightBoard,bug,neutral,Data sync between InsightBoard and our CRM has been dropping records intermittently.
1709,2026-06-04,Hooli,Enterprise,QuickReport,billing,neutral,The invoice for QuickReport doesn't match our contract pricing -- billing needs to fix this ASAP.
1710,2026-06-22,Umbrella Labs,SMB,InsightBoard,praise,positive,"The new InsightBoard update is fantastic, our team at Umbrella Labs loves the redesigned interface."
1711,2025-12-01,Soylent Corp,Startup,FlowPilot,feature_request,neutral,It would help Soylent Corp a lot if FlowPilot supported bulk export to Excel.
1712,2026-09-24,Initech,Enterprise,InsightBoard,feature_request,neutral,It would help Initech a lot if InsightBoard supported bulk export to Excel.
1713,2026-04-13,Massive Dynamic,Startup,QuickReport,support,negative,Support wait times for QuickReport have gotten noticeably worse this quarter.
1714,2026-04-22,Globex Inc,SMB,InsightBoard,feature_request,neutral,Any plans to add SSO support to InsightBoard? We'd need that to expand usage at Globex Inc.
1715,2025-12-23,Hooli,Startup,InsightBoard,praise,positive,"InsightBoard has completely streamlined reporting for Hooli, couldn't be happier with the results."
1716,2025-11-16,Cyberdyne Systems,Enterprise,MetricHub,performance,negative,We're seeing frequent 500 errors in MetricHub during peak hours.
1717,2025-11-15,Stark Data Systems,SMB,MetricHub,praise,positive,"MetricHub has completely streamlined reporting for Stark Data Systems, couldn't be happier with the results."
1718,2025-12-06,Soylent Corp,Enterprise,QuickReport,billing,negative,The invoice for QuickReport doesn't match our contract pricing -- billing needs to fix this ASAP.
1719,2025-09-06,Globex Inc,Startup,FlowPilot,praise,positive,"FlowPilot has completely streamlined reporting for Globex Inc, couldn't be happier with the results."
1720,2026-01-22,Stark Data Systems,Startup,QuickReport,support,negative,The support team at Stark Data Systems keeps closing our QuickReport tickets without actually resolving the issue.
1721,2026-07-24,Globex Inc,Startup,QuickReport,bug,negative,Data sync between QuickReport and our CRM has been dropping records intermittently.
1722,2026-09-20,Wayne Analytics,Startup,QuickReport,bug,negative,Found a bug in QuickReport where exported reports show the wrong currency symbol.
1723,2026-08-24,Wayne Analytics,Startup,FlowPilot,billing,negative,Getting a refund for the FlowPilot overcharge took three weeks. Very frustrating billing process.
1724,2025-12-09,Soylent Corp,Enterprise,FlowPilot,feature_request,neutral,It would help Soylent Corp a lot if FlowPilot supported bulk export to Excel.
1725,2026-02-24,Globex Inc,Enterprise,DataSync Pro,billing,negative,The invoice for DataSync Pro doesn't match our contract pricing -- billing needs to fix this ASAP.
1726,2025-11-28,Globex Inc,SMB,MetricHub,onboarding,neutral,The onboarding docs for MetricHub are a bit outdated but our team at Globex Inc figured it out eventually.
1727,2025-09-19,Cyberdyne Systems,SMB,DataSync Pro,support,negative,The support team at Cyberdyne Systems keeps closing our DataSync Pro tickets without actually resolving the issue.
1728,2026-09-12,Hooli,SMB,FlowPilot,onboarding,neutral,The onboarding docs for FlowPilot are a bit outdated but our team at Hooli figured it out eventually.
1729,2025-12-04,Soylent Corp,Startup,MetricHub,praise,positive,Support resolved our MetricHub issue within the hour -- great experience overall.
1730,2025-11-27,Soylent Corp,SMB,FlowPilot,bug,negative,Found a bug in FlowPilot where exported reports show the wrong currency symbol.
1731,2026-06-10,Massive Dynamic,Enterprise,FlowPilot,support,negative,Opened a ticket about FlowPilot five days ago and still no response from support.
1732,2026-01-17,Initech,SMB,MetricHub,performance,negative,We're seeing frequent 500 errors in MetricHub during peak hours.
1733,2026-07-27,Stark Data Systems,SMB,MetricHub,feature_request,neutral,Would love to see a dark mode added to MetricHub in a future release.
1734,2026-09-11,Stark Data Systems,Enterprise,FlowPilot,performance,negative,"Dashboard loads take over 30 seconds in FlowPilot, this is unacceptable for Stark Data Systems's reporting needs."
1735,2026-08-02,Umbrella Labs,Startup,QuickReport,performance,negative,We're seeing frequent 500 errors in QuickReport during peak hours.
1736,2026-07-28,Massive Dynamic,SMB,FlowPilot,praise,positive,Support resolved our FlowPilot issue within the hour -- great experience overall.
1737,2026-03-22,Soylent Corp,SMB,FlowPilot,performance,negative,"FlowPilot has been timing out constantly since the last update, our team at Soylent Corp can't get work done."
1738,2026-05-24,Hooli,Enterprise,FlowPilot,bug,negative,FlowPilot's new filter feature crashes the app when we select more than 5 tags.
1739,2025-10-05,Umbrella Labs,SMB,MetricHub,support,negative,The support team at Umbrella Labs keeps closing our MetricHub tickets without actually resolving the issue.
1740,2026-07-06,Initech,SMB,InsightBoard,support,negative,Support wait times for InsightBoard have gotten noticeably worse this quarter.
1741,2025-11-07,Massive Dynamic,SMB,FlowPilot,onboarding,neutral,The onboarding docs for FlowPilot are a bit outdated but our team at Massive Dynamic figured it out eventually.
1742,2026-08-28,Umbrella Labs,SMB,DataSync Pro,performance,negative,We're seeing frequent 500 errors in DataSync Pro during peak hours.
1743,2026-07-27,Acme Corp,SMB,FlowPilot,onboarding,positive,The onboarding docs for FlowPilot are a bit outdated but our team at Acme Corp figured it out eventually.
1744,2025-11-02,Globex Inc,SMB,InsightBoard,performance,negative,"InsightBoard has been timing out constantly since the last update, our team at Globex Inc can't get work done."
1745,2025-11-21,Wayne Analytics,SMB,MetricHub,billing,negative,Getting a refund for the MetricHub overcharge took three weeks. Very frustrating billing process.
1746,2025-12-13,Umbrella Labs,Enterprise,DataSync Pro,feature_request,neutral,It would help Umbrella Labs a lot if DataSync Pro supported bulk export to Excel.
1747,2026-08-13,Cyberdyne Systems,Startup,QuickReport,bug,negative,QuickReport's new filter feature crashes the app when we select more than 5 tags.
1748,2026-07-21,Massive Dynamic,SMB,FlowPilot,praise,positive,"FlowPilot has completely streamlined reporting for Massive Dynamic, couldn't be happier with the results."
1749,2025-10-04,Initech,Enterprise,DataSync Pro,bug,negative,DataSync Pro's new filter feature crashes the app when we select more than 5 tags.
1750,2026-06-19,Soylent Corp,Enterprise,QuickReport,bug,negative,Data sync between QuickReport and our CRM has been dropping records intermittently.
1751,2025-11-13,Stark Data Systems,Startup,DataSync Pro,onboarding,neutral,"Setup for DataSync Pro took longer than expected, would be nice to have a clearer setup wizard."
1752,2025-11-04,Hooli,Startup,InsightBoard,bug,neutral,Data sync between InsightBoard and our CRM has been dropping records intermittently.
1753,2026-08-01,Soylent Corp,SMB,QuickReport,support,negative,Opened a ticket about QuickReport five days ago and still no response from support.
1754,2025-10-17,Soylent Corp,SMB,MetricHub,bug,negative,Data sync between MetricHub and our CRM has been dropping records intermittently.
1755,2026-06-23,Umbrella Labs,Enterprise,DataSync Pro,praise,positive,"DataSync Pro has completely streamlined reporting for Umbrella Labs, couldn't be happier with the results."
1756,2025-10-02,Soylent Corp,SMB,FlowPilot,performance,negative,"FlowPilot has been timing out constantly since the last update, our team at Soylent Corp can't get work done."
1757,2026-05-09,Umbrella Labs,Enterprise,QuickReport,performance,negative,We're seeing frequent 500 errors in QuickReport during peak hours.
1758,2026-01-12,Globex Inc,Startup,DataSync Pro,praise,positive,"DataSync Pro has completely streamlined reporting for Globex Inc, couldn't be happier with the results."
1759,2026-01-02,Hooli,Enterprise,DataSync Pro,onboarding,neutral,The onboarding docs for DataSync Pro are a bit outdated but our team at Hooli figured it out eventually.
1760,2026-06-16,Soylent Corp,Enterprise,FlowPilot,onboarding,neutral,"Setup for FlowPilot took longer than expected, would be nice to have a clearer setup wizard."
1761,2026-05-17,Soylent Corp,Startup,InsightBoard,feature_request,positive,It would help Soylent Corp a lot if InsightBoard supported bulk export to Excel.
1762,2025-09-07,Globex Inc,Enterprise,DataSync Pro,performance,negative,We're seeing frequent 500 errors in DataSync Pro during peak hours.
1763,2026-05-07,Umbrella Labs,Startup,QuickReport,performance,negative,"Dashboard loads take over 30 seconds in QuickReport, this is unacceptable for Umbrella Labs's reporting needs."
1764,2026-06-14,Stark Data Systems,Startup,QuickReport,onboarding,neutral,"Setup for QuickReport took longer than expected, would be nice to have a clearer setup wizard."
1765,2026-07-06,Stark Data Systems,SMB,InsightBoard,billing,negative,Getting a refund for the InsightBoard overcharge took three weeks. Very frustrating billing process.
1766,2026-03-23,Globex Inc,Startup,InsightBoard,bug,negative,InsightBoard's new filter feature crashes the app when we select more than 5 tags.
1767,2026-08-09,Umbrella Labs,Startup,DataSync Pro,performance,negative,We're seeing frequent 500 errors in DataSync Pro during peak hours.
1768,2026-07-21,Umbrella Labs,Startup,InsightBoard,feature_request,neutral,Any plans to add SSO support to InsightBoard? We'd need that to expand usage at Umbrella Labs.
1769,2026-09-14,Hooli,SMB,QuickReport,praise,positive,Support resolved our QuickReport issue within the hour -- great experience overall.
1770,2026-01-04,Cyberdyne Systems,Enterprise,QuickReport,bug,neutral,Found a bug in QuickReport where exported reports show the wrong currency symbol.
1771,2026-02-21,Soylent Corp,Enterprise,FlowPilot,onboarding,neutral,The onboarding docs for FlowPilot are a bit outdated but our team at Soylent Corp figured it out eventually.
1772,2026-09-08,Wayne Analytics,Enterprise,InsightBoard,billing,negative,The invoice for InsightBoard doesn't match our contract pricing -- billing needs to fix this ASAP.
1773,2026-03-04,Globex Inc,Enterprise,FlowPilot,support,negative,Opened a ticket about FlowPilot five days ago and still no response from support.
1774,2026-01-19,Acme Corp,Startup,MetricHub,praise,positive,"MetricHub has completely streamlined reporting for Acme Corp, couldn't be happier with the results."
1775,2026-08-19,Globex Inc,SMB,MetricHub,praise,positive,MetricHub just works. Rock solid uptime and the Globex Inc team is very satisfied.
1776,2025-10-02,Soylent Corp,Startup,InsightBoard,praise,positive,"The new InsightBoard update is fantastic, our team at Soylent Corp loves the redesigned interface."
1777,2026-09-24,Hooli,SMB,QuickReport,performance,negative,"Dashboard loads take over 30 seconds in QuickReport, this is unacceptable for Hooli's reporting needs."
1778,2026-04-19,Soylent Corp,SMB,MetricHub,feature_request,neutral,Any plans to add SSO support to MetricHub? We'd need that to expand usage at Soylent Corp.
1779,2025-11-22,Initech,Startup,MetricHub,performance,negative,"Dashboard loads take over 30 seconds in MetricHub, this is unacceptable for Initech's reporting needs."
1780,2026-01-02,Hooli,Startup,MetricHub,performance,negative,"MetricHub has been timing out constantly since the last update, our team at Hooli can't get work done."
1781,2026-06-14,Wayne Analytics,Startup,QuickReport,feature_request,neutral,Any plans to add SSO support to QuickReport? We'd need that to expand usage at Wayne Analytics.
1782,2026-09-15,Acme Corp,SMB,FlowPilot,feature_request,neutral,It would help Acme Corp a lot if FlowPilot supported bulk export to Excel.
1783,2026-08-27,Stark Data Systems,Startup,FlowPilot,onboarding,neutral,"Setup for FlowPilot took longer than expected, would be nice to have a clearer setup wizard."
1784,2026-09-11,Globex Inc,SMB,InsightBoard,performance,negative,"Dashboard loads take over 30 seconds in InsightBoard, this is unacceptable for Globex Inc's reporting needs."
1785,2025-12-03,Globex Inc,Startup,DataSync Pro,praise,positive,"DataSync Pro has completely streamlined reporting for Globex Inc, couldn't be happier with the results."
1786,2026-01-18,Initech,Startup,DataSync Pro,performance,negative,We're seeing frequent 500 errors in DataSync Pro during peak hours.
1787,2025-11-16,Hooli,Startup,MetricHub,bug,negative,Found a bug in MetricHub where exported reports show the wrong currency symbol.
1788,2025-09-20,Soylent Corp,SMB,DataSync Pro,bug,negative,Data sync between DataSync Pro and our CRM has been dropping records intermittently.
1789,2026-05-24,Initech,Startup,FlowPilot,performance,negative,We're seeing frequent 500 errors in FlowPilot during peak hours.
1790,2026-06-15,Soylent Corp,Enterprise,MetricHub,support,negative,Opened a ticket about MetricHub five days ago and still no response from support.
1791,2025-10-12,Soylent Corp,Enterprise,QuickReport,performance,negative,We're seeing frequent 500 errors in QuickReport during peak hours.
1792,2026-03-16,Soylent Corp,Enterprise,InsightBoard,praise,positive,Support resolved our InsightBoard issue within the hour -- great experience overall.
1793,2026-07-08,Wayne Analytics,SMB,DataSync Pro,bug,negative,Found a bug in DataSync Pro where exported reports show the wrong currency symbol.
1794,2026-01-09,Stark Data Systems,SMB,InsightBoard,praise,positive,"InsightBoard has completely streamlined reporting for Stark Data Systems, couldn't be happier with the results."
1795,2026-01-21,Cyberdyne Systems,Enterprise,FlowPilot,performance,negative,"FlowPilot has been timing out constantly since the last update, our team at Cyberdyne Systems can't get work done."
1796,2025-09-12,Massive Dynamic,SMB,MetricHub,onboarding,neutral,The onboarding docs for MetricHub are a bit outdated but our team at Massive Dynamic figured it out eventually.
1797,2026-02-04,Massive Dynamic,SMB,InsightBoard,billing,negative,Getting a refund for the InsightBoard overcharge took three weeks. Very frustrating billing process.
1798,2025-09-04,Acme Corp,SMB,FlowPilot,billing,negative,The invoice for FlowPilot doesn't match our contract pricing -- billing needs to fix this ASAP.
1799,2026-05-05,Umbrella Labs,Startup,DataSync Pro,bug,negative,DataSync Pro's new filter feature crashes the app when we select more than 5 tags.
1800,2026-09-22,Massive Dynamic,Enterprise,DataSync Pro,bug,negative,Found a bug in DataSync Pro where exported reports show the wrong currency symbol.
1801,2026-01-12,Massive Dynamic,SMB,FlowPilot,support,negative,Opened a ticket about FlowPilot five days ago and still no response from support.
1802,2026-04-22,Soylent Corp,Enterprise,InsightBoard,bug,neutral,Found a bug in InsightBoard where exported reports show the wrong currency symbol.
1803,2026-08-14,Acme Corp,SMB,QuickReport,praise,neutral,QuickReport just works. Rock solid uptime and the Acme Corp team is very satisfied.
1804,2026-01-02,Umbrella Labs,Enterprise,DataSync Pro,billing,negative,The invoice for DataSync Pro doesn't match our contract pricing -- billing needs to fix this ASAP.
1805,2025-11-22,Hooli,Enterprise,InsightBoard,performance,negative,"Dashboard loads take over 30 seconds in InsightBoard, this is unacceptable for Hooli's reporting needs."
1806,2026-04-18,Stark Data Systems,SMB,DataSync Pro,performance,negative,"Dashboard loads take over 30 seconds in DataSync Pro, this is unacceptable for Stark Data Systems's reporting needs."
1807,2026-05-24,Acme Corp,SMB,InsightBoard,bug,negative,Data sync between InsightBoard and our CRM has been dropping records intermittently.
1808,2026-09-01,Acme Corp,Enterprise,DataSync Pro,feature_request,neutral,It would help Acme Corp a lot if DataSync Pro supported bulk export to Excel.
1809,2026-09-22,Wayne Analytics,Enterprise,MetricHub,performance,negative,"MetricHub has been timing out constantly since the last update, our team at Wayne Analytics can't get work done."
1810,2026-08-01,Wayne Analytics,Startup,FlowPilot,performance,negative,"FlowPilot has been timing out constantly since the last update, our team at Wayne Analytics can't get work done."
1811,2025-10-25,Stark Data Systems,SMB,InsightBoard,bug,neutral,InsightBoard's new filter feature crashes the app when we select more than 5 tags.
1812,2026-05-06,Cyberdyne Systems,Startup,QuickReport,bug,negative,Found a bug in QuickReport where exported reports show the wrong currency symbol.
1813,2025-12-22,Globex Inc,Startup,InsightBoard,performance,negative,"Dashboard loads take over 30 seconds in InsightBoard, this is unacceptable for Globex Inc's reporting needs."
1814,2026-09-26,Umbrella Labs,Startup,FlowPilot,praise,neutral,FlowPilot just works. Rock solid uptime and the Umbrella Labs team is very satisfied.
1815,2025-12-28,Soylent Corp,Enterprise,MetricHub,billing,negative,Getting a refund for the MetricHub overcharge took three weeks. Very frustrating billing process.
1816,2025-11-13,Acme Corp,Enterprise,QuickReport,onboarding,positive,New team members at Acme Corp find the QuickReport admin console confusing at first.
1817,2025-09-20,Umbrella Labs,SMB,QuickReport,billing,negative,The invoice for QuickReport doesn't match our contract pricing -- billing needs to fix this ASAP.
1818,2026-05-10,Initech,SMB,FlowPilot,performance,negative,"FlowPilot has been timing out constantly since the last update, our team at Initech can't get work done."
1819,2026-03-16,Umbrella Labs,SMB,QuickReport,feature_request,neutral,Any plans to add SSO support to QuickReport? We'd need that to expand usage at Umbrella Labs.
1820,2025-10-09,Hooli,SMB,DataSync Pro,billing,negative,Getting a refund for the DataSync Pro overcharge took three weeks. Very frustrating billing process.
1821,2026-02-02,Wayne Analytics,Enterprise,FlowPilot,support,negative,The support team at Wayne Analytics keeps closing our FlowPilot tickets without actually resolving the issue.
1822,2026-08-11,Initech,Startup,DataSync Pro,performance,neutral,"DataSync Pro has been timing out constantly since the last update, our team at Initech can't get work done."
1823,2025-10-14,Massive Dynamic,Startup,InsightBoard,performance,negative,"Dashboard loads take over 30 seconds in InsightBoard, this is unacceptable for Massive Dynamic's reporting needs."
1824,2026-01-04,Massive Dynamic,SMB,InsightBoard,performance,negative,"Dashboard loads take over 30 seconds in InsightBoard, this is unacceptable for Massive Dynamic's reporting needs."
1825,2026-02-12,Initech,Enterprise,MetricHub,billing,negative,Getting a refund for the MetricHub overcharge took three weeks. Very frustrating billing process.
1826,2026-02-08,Cyberdyne Systems,Startup,MetricHub,feature_request,neutral,It would help Cyberdyne Systems a lot if MetricHub supported bulk export to Excel.
1827,2025-10-04,Umbrella Labs,SMB,MetricHub,feature_request,neutral,It would help Umbrella Labs a lot if MetricHub supported bulk export to Excel.
1828,2026-06-21,Cyberdyne Systems,Enterprise,DataSync Pro,performance,negative,We're seeing frequent 500 errors in DataSync Pro during peak hours.
1829,2025-10-18,Umbrella Labs,Enterprise,FlowPilot,praise,positive,Support resolved our FlowPilot issue within the hour -- great experience overall.
1830,2026-05-24,Stark Data Systems,Enterprise,FlowPilot,onboarding,positive,"Setup for FlowPilot took longer than expected, would be nice to have a clearer setup wizard."
1831,2026-05-23,Acme Corp,SMB,QuickReport,performance,negative,"QuickReport has been timing out constantly since the last update, our team at Acme Corp can't get work done."
1832,2026-07-23,Wayne Analytics,SMB,InsightBoard,support,negative,Support wait times for InsightBoard have gotten noticeably worse this quarter.
1833,2026-05-17,Globex Inc,SMB,FlowPilot,billing,negative,The invoice for FlowPilot doesn't match our contract pricing -- billing needs to fix this ASAP.
1834,2026-08-05,Acme Corp,SMB,MetricHub,praise,positive,"MetricHub has completely streamlined reporting for Acme Corp, couldn't be happier with the results."
1835,2025-12-24,Cyberdyne Systems,Startup,DataSync Pro,support,negative,Opened a ticket about DataSync Pro five days ago and still no response from support.
1836,2025-10-06,Massive Dynamic,Startup,MetricHub,praise,positive,MetricHub just works. Rock solid uptime and the Massive Dynamic team is very satisfied.
1837,2026-03-20,Hooli,SMB,MetricHub,bug,negative,Data sync between MetricHub and our CRM has been dropping records intermittently.
1838,2026-06-07,Acme Corp,Enterprise,DataSync Pro,support,negative,Opened a ticket about DataSync Pro five days ago and still no response from support.
1839,2026-05-23,Initech,SMB,MetricHub,onboarding,neutral,New team members at Initech find the MetricHub admin console confusing at first.
1840,2026-01-23,Stark Data Systems,Enterprise,InsightBoard,feature_request,neutral,Any plans to add SSO support to InsightBoard? We'd need that to expand usage at Stark Data Systems.
1841,2025-09-18,Globex Inc,Enterprise,QuickReport,support,negative,Support wait times for QuickReport have gotten noticeably worse this quarter.
1842,2025-11-09,Initech,SMB,QuickReport,performance,negative,"Dashboard loads take over 30 seconds in QuickReport, this is unacceptable for Initech's reporting needs."
1843,2025-10-01,Umbrella Labs,Startup,QuickReport,praise,neutral,"QuickReport has completely streamlined reporting for Umbrella Labs, couldn't be happier with the results."
1844,2025-10-23,Cyberdyne Systems,SMB,InsightBoard,feature_request,neutral,It would help Cyberdyne Systems a lot if InsightBoard supported bulk export to Excel.
1845,2026-01-11,Acme Corp,Startup,FlowPilot,onboarding,positive,"Setup for FlowPilot took longer than expected, would be nice to have a clearer setup wizard."
1846,2026-08-09,Initech,Enterprise,InsightBoard,billing,negative,Getting a refund for the InsightBoard overcharge took three weeks. Very frustrating billing process.
1847,2026-09-25,Initech,Startup,MetricHub,performance,negative,"Dashboard loads take over 30 seconds in MetricHub, this is unacceptable for Initech's reporting needs."
1848,2026-07-20,Hooli,Startup,InsightBoard,onboarding,neutral,The onboarding docs for InsightBoard are a bit outdated but our team at Hooli figured it out eventually.
1849,2026-01-07,Massive Dynamic,SMB,QuickReport,onboarding,neutral,The onboarding docs for QuickReport are a bit outdated but our team at Massive Dynamic figured it out eventually.
1850,2025-12-24,Hooli,SMB,QuickReport,onboarding,neutral,New team members at Hooli find the QuickReport admin console confusing at first.
1851,2025-10-16,Wayne Analytics,SMB,QuickReport,feature_request,neutral,It would help Wayne Analytics a lot if QuickReport supported bulk export to Excel.
1852,2026-06-16,Acme Corp,Enterprise,QuickReport,performance,negative,"Dashboard loads take over 30 seconds in QuickReport, this is unacceptable for Acme Corp's reporting needs."
1853,2025-11-06,Stark Data Systems,SMB,DataSync Pro,feature_request,neutral,Would love to see a dark mode added to DataSync Pro in a future release.
1854,2025-11-03,Cyberdyne Systems,Enterprise,QuickReport,praise,positive,QuickReport just works. Rock solid uptime and the Cyberdyne Systems team is very satisfied.
1855,2026-08-17,Massive Dynamic,Enterprise,FlowPilot,bug,negative,Found a bug in FlowPilot where exported reports show the wrong currency symbol.
1856,2026-03-13,Initech,Enterprise,MetricHub,performance,negative,We're seeing frequent 500 errors in MetricHub during peak hours.
1857,2025-12-25,Initech,Enterprise,DataSync Pro,billing,negative,We were double-charged for DataSync Pro this month and support at Initech has been slow to respond.
1858,2026-09-01,Acme Corp,Enterprise,MetricHub,billing,negative,The invoice for MetricHub doesn't match our contract pricing -- billing needs to fix this ASAP.
1859,2025-10-07,Soylent Corp,Startup,InsightBoard,praise,positive,"InsightBoard has completely streamlined reporting for Soylent Corp, couldn't be happier with the results."
1860,2026-01-11,Cyberdyne Systems,Enterprise,FlowPilot,performance,negative,"Dashboard loads take over 30 seconds in FlowPilot, this is unacceptable for Cyberdyne Systems's reporting needs."
1861,2026-08-09,Umbrella Labs,Startup,DataSync Pro,bug,negative,Found a bug in DataSync Pro where exported reports show the wrong currency symbol.
1862,2025-10-18,Globex Inc,Enterprise,DataSync Pro,feature_request,neutral,Any plans to add SSO support to DataSync Pro? We'd need that to expand usage at Globex Inc.
1863,2025-09-08,Soylent Corp,Enterprise,FlowPilot,support,negative,Opened a ticket about FlowPilot five days ago and still no response from support.
1864,2026-02-21,Hooli,Enterprise,FlowPilot,billing,negative,We were double-charged for FlowPilot this month and support at Hooli has been slow to respond.
1865,2025-11-04,Hooli,SMB,DataSync Pro,support,negative,Opened a ticket about DataSync Pro five days ago and still no response from support.
1866,2026-06-11,Stark Data Systems,Enterprise,InsightBoard,performance,negative,"InsightBoard has been timing out constantly since the last update, our team at Stark Data Systems can't get work done."
1867,2025-11-06,Globex Inc,Startup,DataSync Pro,billing,negative,The invoice for DataSync Pro doesn't match our contract pricing -- billing needs to fix this ASAP.
1868,2026-07-14,Wayne Analytics,Enterprise,MetricHub,bug,negative,Data sync between MetricHub and our CRM has been dropping records intermittently.
1869,2026-02-04,Stark Data Systems,SMB,MetricHub,performance,neutral,We're seeing frequent 500 errors in MetricHub during peak hours.
1870,2026-09-03,Wayne Analytics,Startup,InsightBoard,support,negative,The support team at Wayne Analytics keeps closing our InsightBoard tickets without actually resolving the issue.
1871,2025-11-13,Acme Corp,SMB,QuickReport,praise,positive,"QuickReport has completely streamlined reporting for Acme Corp, couldn't be happier with the results."
1872,2026-06-14,Massive Dynamic,Enterprise,DataSync Pro,bug,neutral,Data sync between DataSync Pro and our CRM has been dropping records intermittently.
1873,2025-11-06,Acme Corp,SMB,DataSync Pro,feature_request,neutral,It would help Acme Corp a lot if DataSync Pro supported bulk export to Excel.
1874,2026-03-16,Wayne Analytics,SMB,InsightBoard,praise,positive,InsightBoard just works. Rock solid uptime and the Wayne Analytics team is very satisfied.
1875,2026-09-21,Cyberdyne Systems,Enterprise,InsightBoard,feature_request,neutral,It would help Cyberdyne Systems a lot if InsightBoard supported bulk export to Excel.
1876,2026-05-18,Hooli,SMB,MetricHub,performance,negative,"Dashboard loads take over 30 seconds in MetricHub, this is unacceptable for Hooli's reporting needs."
1877,2025-10-19,Soylent Corp,SMB,QuickReport,bug,negative,Data sync between QuickReport and our CRM has been dropping records intermittently.
1878,2026-09-24,Soylent Corp,Startup,MetricHub,feature_request,neutral,It would help Soylent Corp a lot if MetricHub supported bulk export to Excel.
1879,2025-09-07,Globex Inc,SMB,QuickReport,performance,negative,We're seeing frequent 500 errors in QuickReport during peak hours.
1880,2025-11-04,Wayne Analytics,SMB,MetricHub,praise,positive,"MetricHub has completely streamlined reporting for Wayne Analytics, couldn't be happier with the results."
1881,2026-04-05,Wayne Analytics,SMB,QuickReport,billing,negative,The invoice for QuickReport doesn't match our contract pricing -- billing needs to fix this ASAP.
1882,2025-09-24,Umbrella Labs,Enterprise,QuickReport,praise,neutral,QuickReport just works. Rock solid uptime and the Umbrella Labs team is very satisfied.
1883,2025-09-23,Acme Corp,Startup,FlowPilot,performance,negative,"FlowPilot has been timing out constantly since the last update, our team at Acme Corp can't get work done."
1884,2026-06-03,Initech,Startup,DataSync Pro,bug,negative,DataSync Pro's new filter feature crashes the app when we select more than 5 tags.
1885,2026-02-05,Acme Corp,Enterprise,DataSync Pro,bug,negative,Data sync between DataSync Pro and our CRM has been dropping records intermittently.
1886,2026-03-05,Globex Inc,Startup,DataSync Pro,billing,negative,We were double-charged for DataSync Pro this month and support at Globex Inc has been slow to respond.
1887,2026-05-23,Massive Dynamic,Startup,QuickReport,praise,positive,Support resolved our QuickReport issue within the hour -- great experience overall.
1888,2026-09-21,Hooli,SMB,InsightBoard,support,negative,The support team at Hooli keeps closing our InsightBoard tickets without actually resolving the issue.
1889,2025-09-21,Stark Data Systems,Enterprise,DataSync Pro,feature_request,neutral,Would love to see a dark mode added to DataSync Pro in a future release.
1890,2025-09-13,Acme Corp,Enterprise,MetricHub,billing,negative,Getting a refund for the MetricHub overcharge took three weeks. Very frustrating billing process.
1891,2026-01-19,Massive Dynamic,Startup,MetricHub,praise,positive,MetricHub just works. Rock solid uptime and the Massive Dynamic team is very satisfied.
1892,2026-01-03,Umbrella Labs,Enterprise,FlowPilot,onboarding,neutral,"Setup for FlowPilot took longer than expected, would be nice to have a clearer setup wizard."
1893,2026-06-02,Acme Corp,SMB,QuickReport,onboarding,neutral,"Setup for QuickReport took longer than expected, would be nice to have a clearer setup wizard."
1894,2025-10-27,Acme Corp,Startup,MetricHub,performance,negative,"Dashboard loads take over 30 seconds in MetricHub, this is unacceptable for Acme Corp's reporting needs."
1895,2026-07-13,Massive Dynamic,Startup,InsightBoard,feature_request,neutral,It would help Massive Dynamic a lot if InsightBoard supported bulk export to Excel.
1896,2026-07-14,Acme Corp,SMB,DataSync Pro,praise,positive,DataSync Pro just works. Rock solid uptime and the Acme Corp team is very satisfied.
1897,2026-02-20,Globex Inc,Enterprise,DataSync Pro,performance,negative,"Dashboard loads take over 30 seconds in DataSync Pro, this is unacceptable for Globex Inc's reporting needs."
1898,2025-11-18,Initech,SMB,QuickReport,praise,positive,"The new QuickReport update is fantastic, our team at Initech loves the redesigned interface."
1899,2026-09-10,Umbrella Labs,Enterprise,MetricHub,billing,negative,We were double-charged for MetricHub this month and support at Umbrella Labs has been slow to respond.
1900,2026-01-03,Umbrella Labs,Enterprise,DataSync Pro,performance,negative,We're seeing frequent 500 errors in DataSync Pro during peak hours.
1901,2025-09-02,Initech,SMB,MetricHub,onboarding,neutral,New team members at Initech find the MetricHub admin console confusing at first.
1902,2026-09-10,Stark Data Systems,SMB,DataSync Pro,support,neutral,Opened a ticket about DataSync Pro five days ago and still no response from support.
1903,2026-08-12,Umbrella Labs,SMB,InsightBoard,bug,negative,Data sync between InsightBoard and our CRM has been dropping records intermittently.
1904,2026-08-17,Globex Inc,SMB,InsightBoard,performance,negative,We're seeing frequent 500 errors in InsightBoard during peak hours.
1905,2026-09-13,Acme Corp,Startup,DataSync Pro,billing,negative,Getting a refund for the DataSync Pro overcharge took three weeks. Very frustrating billing process.
1906,2025-11-22,Initech,Enterprise,InsightBoard,bug,negative,Data sync between InsightBoard and our CRM has been dropping records intermittently.
1907,2026-09-22,Globex Inc,Enterprise,QuickReport,bug,negative,Found a bug in QuickReport where exported reports show the wrong currency symbol.
1908,2026-08-20,Acme Corp,Startup,MetricHub,feature_request,neutral,Would love to see a dark mode added to MetricHub in a future release.
1909,2026-02-10,Wayne Analytics,Enterprise,FlowPilot,feature_request,neutral,Any plans to add SSO support to FlowPilot? We'd need that to expand usage at Wayne Analytics.
1910,2026-09-22,Hooli,Startup,DataSync Pro,support,negative,Support wait times for DataSync Pro have gotten noticeably worse this quarter.
1911,2025-10-05,Umbrella Labs,Startup,MetricHub,bug,negative,Found a bug in MetricHub where exported reports show the wrong currency symbol.
1912,2025-11-25,Massive Dynamic,Enterprise,DataSync Pro,onboarding,neutral,New team members at Massive Dynamic find the DataSync Pro admin console confusing at first.
1913,2025-10-15,Soylent Corp,SMB,DataSync Pro,praise,positive,"The new DataSync Pro update is fantastic, our team at Soylent Corp loves the redesigned interface."
1914,2026-01-19,Stark Data Systems,Enterprise,QuickReport,support,negative,Opened a ticket about QuickReport five days ago and still no response from support.
1915,2026-08-25,Globex Inc,Enterprise,DataSync Pro,support,negative,The support team at Globex Inc keeps closing our DataSync Pro tickets without actually resolving the issue.
1916,2026-07-05,Massive Dynamic,SMB,InsightBoard,bug,negative,InsightBoard's new filter feature crashes the app when we select more than 5 tags.
1917,2026-01-13,Massive Dynamic,SMB,DataSync Pro,billing,negative,Getting a refund for the DataSync Pro overcharge took three weeks. Very frustrating billing process.
1918,2026-05-28,Acme Corp,SMB,FlowPilot,bug,negative,Data sync between FlowPilot and our CRM has been dropping records intermittently.
1919,2026-03-17,Wayne Analytics,Startup,DataSync Pro,onboarding,neutral,"Setup for DataSync Pro took longer than expected, would be nice to have a clearer setup wizard."
1920,2025-09-24,Initech,Startup,MetricHub,bug,negative,MetricHub's new filter feature crashes the app when we select more than 5 tags.
1921,2025-10-10,Soylent Corp,Enterprise,DataSync Pro,praise,positive,Support resolved our DataSync Pro issue within the hour -- great experience overall.
1922,2025-12-13,Cyberdyne Systems,Enterprise,FlowPilot,bug,negative,Found a bug in FlowPilot where exported reports show the wrong currency symbol.
1923,2026-04-21,Globex Inc,SMB,InsightBoard,praise,positive,InsightBoard just works. Rock solid uptime and the Globex Inc team is very satisfied.
1924,2026-08-04,Globex Inc,Enterprise,DataSync Pro,onboarding,neutral,"Setup for DataSync Pro took longer than expected, would be nice to have a clearer setup wizard."
1925,2025-10-11,Umbrella Labs,SMB,FlowPilot,bug,negative,FlowPilot's new filter feature crashes the app when we select more than 5 tags.
1926,2026-08-16,Massive Dynamic,Startup,QuickReport,support,negative,Support wait times for QuickReport have gotten noticeably worse this quarter.
1927,2025-11-16,Massive Dynamic,Startup,DataSync Pro,billing,negative,The invoice for DataSync Pro doesn't match our contract pricing -- billing needs to fix this ASAP.
1928,2025-09-20,Umbrella Labs,Startup,InsightBoard,performance,neutral,We're seeing frequent 500 errors in InsightBoard during peak hours.
1929,2026-04-07,Initech,SMB,InsightBoard,praise,positive,InsightBoard just works. Rock solid uptime and the Initech team is very satisfied.
1930,2026-01-21,Initech,SMB,FlowPilot,billing,negative,We were double-charged for FlowPilot this month and support at Initech has been slow to respond.
1931,2026-03-03,Acme Corp,SMB,DataSync Pro,performance,negative,"DataSync Pro has been timing out constantly since the last update, our team at Acme Corp can't get work done."
1932,2025-12-22,Massive Dynamic,Startup,FlowPilot,support,negative,Support wait times for FlowPilot have gotten noticeably worse this quarter.
1933,2026-02-25,Initech,SMB,DataSync Pro,support,neutral,Opened a ticket about DataSync Pro five days ago and still no response from support.
1934,2026-04-16,Umbrella Labs,SMB,InsightBoard,support,neutral,Opened a ticket about InsightBoard five days ago and still no response from support.
1935,2026-08-19,Acme Corp,SMB,FlowPilot,onboarding,neutral,New team members at Acme Corp find the FlowPilot admin console confusing at first.
1936,2025-10-24,Soylent Corp,Enterprise,MetricHub,bug,negative,Found a bug in MetricHub where exported reports show the wrong currency symbol.
1937,2026-07-27,Cyberdyne Systems,SMB,QuickReport,feature_request,neutral,Any plans to add SSO support to QuickReport? We'd need that to expand usage at Cyberdyne Systems.
1938,2026-04-05,Wayne Analytics,Enterprise,DataSync Pro,feature_request,neutral,Any plans to add SSO support to DataSync Pro? We'd need that to expand usage at Wayne Analytics.
1939,2026-05-24,Globex Inc,SMB,FlowPilot,bug,negative,FlowPilot's new filter feature crashes the app when we select more than 5 tags.
1940,2026-06-04,Acme Corp,Startup,FlowPilot,billing,negative,The invoice for FlowPilot doesn't match our contract pricing -- billing needs to fix this ASAP.
1941,2026-05-25,Umbrella Labs,Startup,FlowPilot,billing,neutral,We were double-charged for FlowPilot this month and support at Umbrella Labs has been slow to respond.
1942,2025-12-07,Hooli,SMB,QuickReport,performance,negative,We're seeing frequent 500 errors in QuickReport during peak hours.
1943,2025-09-10,Initech,SMB,InsightBoard,feature_request,neutral,Any plans to add SSO support to InsightBoard? We'd need that to expand usage at Initech.
1944,2026-04-14,Globex Inc,Startup,FlowPilot,support,negative,Support wait times for FlowPilot have gotten noticeably worse this quarter.
1945,2026-05-25,Wayne Analytics,SMB,MetricHub,bug,negative,MetricHub's new filter feature crashes the app when we select more than 5 tags.
1946,2026-02-06,Acme Corp,SMB,FlowPilot,support,negative,Opened a ticket about FlowPilot five days ago and still no response from support.
1947,2026-03-10,Acme Corp,SMB,MetricHub,onboarding,positive,New team members at Acme Corp find the MetricHub admin console confusing at first.
1948,2025-10-26,Stark Data Systems,Enterprise,MetricHub,praise,positive,MetricHub just works. Rock solid uptime and the Stark Data Systems team is very satisfied.
1949,2026-03-04,Globex Inc,Startup,DataSync Pro,praise,positive,"DataSync Pro has completely streamlined reporting for Globex Inc, couldn't be happier with the results."
1950,2026-07-15,Cyberdyne Systems,Enterprise,MetricHub,bug,neutral,Data sync between MetricHub and our CRM has been dropping records intermittently.
1951,2025-12-08,Initech,SMB,InsightBoard,onboarding,neutral,New team members at Initech find the InsightBoard admin console confusing at first.
1952,2025-12-28,Soylent Corp,Enterprise,FlowPilot,praise,positive,FlowPilot just works. Rock solid uptime and the Soylent Corp team is very satisfied.
1953,2026-07-23,Wayne Analytics,SMB,FlowPilot,bug,negative,Found a bug in FlowPilot where exported reports show the wrong currency symbol.
1954,2026-05-10,Initech,Enterprise,InsightBoard,praise,neutral,InsightBoard just works. Rock solid uptime and the Initech team is very satisfied.
1955,2026-07-08,Stark Data Systems,SMB,InsightBoard,support,neutral,Support wait times for InsightBoard have gotten noticeably worse this quarter.
1956,2025-11-26,Initech,Enterprise,DataSync Pro,billing,negative,The invoice for DataSync Pro doesn't match our contract pricing -- billing needs to fix this ASAP.
1957,2025-11-19,Cyberdyne Systems,SMB,InsightBoard,support,negative,Support wait times for InsightBoard have gotten noticeably worse this quarter.
1958,2026-06-21,Soylent Corp,Enterprise,FlowPilot,bug,negative,Found a bug in FlowPilot where exported reports show the wrong currency symbol.
1959,2026-07-13,Cyberdyne Systems,Enterprise,FlowPilot,bug,negative,Found a bug in FlowPilot where exported reports show the wrong currency symbol.
1960,2025-11-14,Hooli,Startup,InsightBoard,feature_request,positive,Would love to see a dark mode added to InsightBoard in a future release.
1961,2026-07-19,Acme Corp,Enterprise,MetricHub,performance,negative,"MetricHub has been timing out constantly since the last update, our team at Acme Corp can't get work done."
1962,2026-02-07,Stark Data Systems,Enterprise,MetricHub,praise,positive,MetricHub just works. Rock solid uptime and the Stark Data Systems team is very satisfied.
1963,2026-07-25,Initech,Enterprise,FlowPilot,billing,negative,We were double-charged for FlowPilot this month and support at Initech has been slow to respond.
1964,2026-05-03,Initech,Startup,MetricHub,onboarding,neutral,The onboarding docs for MetricHub are a bit outdated but our team at Initech figured it out eventually.
1965,2026-07-21,Initech,SMB,QuickReport,onboarding,neutral,"Setup for QuickReport took longer than expected, would be nice to have a clearer setup wizard."
1966,2025-12-10,Acme Corp,Startup,QuickReport,praise,positive,"The new QuickReport update is fantastic, our team at Acme Corp loves the redesigned interface."
1967,2026-07-02,Umbrella Labs,SMB,FlowPilot,performance,negative,We're seeing frequent 500 errors in FlowPilot during peak hours.
1968,2026-06-28,Acme Corp,Startup,DataSync Pro,support,negative,Opened a ticket about DataSync Pro five days ago and still no response from support.
1969,2025-10-05,Massive Dynamic,Enterprise,MetricHub,billing,negative,We were double-charged for MetricHub this month and support at Massive Dynamic has been slow to respond.
1970,2026-04-28,Acme Corp,Enterprise,DataSync Pro,support,negative,The support team at Acme Corp keeps closing our DataSync Pro tickets without actually resolving the issue.
1971,2026-09-01,Hooli,SMB,DataSync Pro,support,negative,Opened a ticket about DataSync Pro five days ago and still no response from support.
1972,2026-07-14,Massive Dynamic,Enterprise,DataSync Pro,bug,negative,Found a bug in DataSync Pro where exported reports show the wrong currency symbol.
1973,2026-01-01,Massive Dynamic,Enterprise,QuickReport,bug,negative,QuickReport's new filter feature crashes the app when we select more than 5 tags.
1974,2025-10-11,Cyberdyne Systems,Enterprise,MetricHub,performance,negative,We're seeing frequent 500 errors in MetricHub during peak hours.
1975,2025-09-06,Cyberdyne Systems,Startup,MetricHub,support,neutral,The support team at Cyberdyne Systems keeps closing our MetricHub tickets without actually resolving the issue.
1976,2026-06-01,Stark Data Systems,Enterprise,DataSync Pro,onboarding,neutral,New team members at Stark Data Systems find the DataSync Pro admin console confusing at first.
1977,2025-12-28,Soylent Corp,Enterprise,MetricHub,onboarding,neutral,The onboarding docs for MetricHub are a bit outdated but our team at Soylent Corp figured it out eventually.
1978,2025-11-08,Umbrella Labs,SMB,DataSync Pro,support,negative,Opened a ticket about DataSync Pro five days ago and still no response from support.
1979,2026-04-07,Acme Corp,SMB,InsightBoard,billing,negative,Getting a refund for the InsightBoard overcharge took three weeks. Very frustrating billing process.
1980,2026-08-26,Soylent Corp,SMB,InsightBoard,billing,neutral,The invoice for InsightBoard doesn't match our contract pricing -- billing needs to fix this ASAP.
1981,2026-01-06,Soylent Corp,Enterprise,FlowPilot,bug,negative,FlowPilot's new filter feature crashes the app when we select more than 5 tags.
1982,2026-06-26,Stark Data Systems,Enterprise,FlowPilot,performance,negative,We're seeing frequent 500 errors in FlowPilot during peak hours.
1983,2026-04-14,Acme Corp,Startup,QuickReport,praise,neutral,"The new QuickReport update is fantastic, our team at Acme Corp loves the redesigned interface."
1984,2026-06-04,Cyberdyne Systems,SMB,InsightBoard,bug,negative,InsightBoard's new filter feature crashes the app when we select more than 5 tags.
1985,2026-02-12,Hooli,Startup,QuickReport,onboarding,neutral,"Setup for QuickReport took longer than expected, would be nice to have a clearer setup wizard."
1986,2026-05-09,Massive Dynamic,Enterprise,QuickReport,feature_request,neutral,Would love to see a dark mode added to QuickReport in a future release.
1987,2026-05-12,Stark Data Systems,Startup,MetricHub,onboarding,neutral,"Setup for MetricHub took longer than expected, would be nice to have a clearer setup wizard."
1988,2026-03-26,Globex Inc,SMB,QuickReport,bug,neutral,Found a bug in QuickReport where exported reports show the wrong currency symbol.
1989,2026-07-12,Umbrella Labs,Enterprise,DataSync Pro,performance,negative,"Dashboard loads take over 30 seconds in DataSync Pro, this is unacceptable for Umbrella Labs's reporting needs."
1990,2026-02-23,Wayne Analytics,Enterprise,DataSync Pro,support,negative,Opened a ticket about DataSync Pro five days ago and still no response from support.
1991,2026-06-26,Wayne Analytics,SMB,QuickReport,billing,negative,Getting a refund for the QuickReport overcharge took three weeks. Very frustrating billing process.
1992,2026-01-20,Soylent Corp,SMB,DataSync Pro,support,negative,Opened a ticket about DataSync Pro five days ago and still no response from support.
1993,2026-01-23,Umbrella Labs,Startup,DataSync Pro,performance,negative,We're seeing frequent 500 errors in DataSync Pro during peak hours.
1994,2026-03-22,Globex Inc,Startup,MetricHub,onboarding,neutral,New team members at Globex Inc find the MetricHub admin console confusing at first.
1995,2025-12-02,Wayne Analytics,Enterprise,InsightBoard,praise,positive,InsightBoard just works. Rock solid uptime and the Wayne Analytics team is very satisfied.
1996,2026-03-04,Massive Dynamic,SMB,DataSync Pro,praise,neutral,DataSync Pro just works. Rock solid uptime and the Massive Dynamic team is very satisfied.
1997,2026-06-13,Acme Corp,SMB,MetricHub,billing,negative,The invoice for MetricHub doesn't match our contract pricing -- billing needs to fix this ASAP.
1998,2026-07-26,Initech,Enterprise,InsightBoard,performance,neutral,We're seeing frequent 500 errors in InsightBoard during peak hours.
1999,2026-03-02,Massive Dynamic,Enterprise,InsightBoard,praise,positive,"InsightBoard has completely streamlined reporting for Massive Dynamic, couldn't be happier with the results."
2000,2025-09-03,Initech,Startup,InsightBoard,onboarding,neutral,New team members at Initech find the InsightBoard admin console confusing at first.
2001,2026-02-25,Hooli,SMB,InsightBoard,bug,negative,Found a bug in InsightBoard where exported reports show the wrong currency symbol.
2002,2026-04-20,Globex Inc,SMB,MetricHub,support,negative,The support team at Globex Inc keeps closing our MetricHub tickets without actually resolving the issue.
2003,2026-07-04,Stark Data Systems,SMB,FlowPilot,billing,negative,The invoice for FlowPilot doesn't match our contract pricing -- billing needs to fix this ASAP.
2004,2025-12-02,Cyberdyne Systems,Enterprise,DataSync Pro,praise,positive,"The new DataSync Pro update is fantastic, our team at Cyberdyne Systems loves the redesigned interface."
2005,2026-08-24,Acme Corp,SMB,DataSync Pro,praise,positive,"DataSync Pro has completely streamlined reporting for Acme Corp, couldn't be happier with the results."
2006,2026-08-26,Acme Corp,Enterprise,DataSync Pro,bug,negative,Found a bug in DataSync Pro where exported reports show the wrong currency symbol.
2007,2026-09-02,Initech,SMB,DataSync Pro,support,negative,Support wait times for DataSync Pro have gotten noticeably worse this quarter.
2008,2026-02-23,Stark Data Systems,SMB,DataSync Pro,billing,negative,We were double-charged for DataSync Pro this month and support at Stark Data Systems has been slow to respond.
2009,2026-06-15,Stark Data Systems,Enterprise,QuickReport,onboarding,neutral,"Setup for QuickReport took longer than expected, would be nice to have a clearer setup wizard."
2010,2026-03-21,Wayne Analytics,Startup,QuickReport,billing,negative,We were double-charged for QuickReport this month and support at Wayne Analytics has been slow to respond.
2011,2025-12-19,Globex Inc,Startup,MetricHub,bug,negative,Data sync between MetricHub and our CRM has been dropping records intermittently.
2012,2026-09-24,Massive Dynamic,SMB,InsightBoard,bug,negative,Data sync between InsightBoard and our CRM has been dropping records intermittently.
2013,2026-08-03,Globex Inc,SMB,InsightBoard,bug,negative,Found a bug in InsightBoard where exported reports show the wrong currency symbol.
2014,2025-10-03,Umbrella Labs,Startup,QuickReport,support,neutral,Support wait times for QuickReport have gotten noticeably worse this quarter.
2015,2025-12-15,Umbrella Labs,Startup,DataSync Pro,bug,negative,Found a bug in DataSync Pro where exported reports show the wrong currency symbol.
2016,2026-02-07,Umbrella Labs,Enterprise,FlowPilot,praise,positive,FlowPilot just works. Rock solid uptime and the Umbrella Labs team is very satisfied.
2017,2025-11-28,Stark Data Systems,Startup,FlowPilot,praise,positive,"The new FlowPilot update is fantastic, our team at Stark Data Systems loves the redesigned interface."
2018,2026-03-15,Acme Corp,SMB,QuickReport,onboarding,positive,The onboarding docs for QuickReport are a bit outdated but our team at Acme Corp figured it out eventually.
2019,2026-01-14,Hooli,Enterprise,QuickReport,praise,positive,Support resolved our QuickReport issue within the hour -- great experience overall.
2020,2025-10-05,Stark Data Systems,Startup,MetricHub,performance,negative,We're seeing frequent 500 errors in MetricHub during peak hours.
2021,2026-04-06,Globex Inc,Enterprise,QuickReport,bug,negative,Found a bug in QuickReport where exported reports show the wrong currency symbol.
2022,2026-02-09,Massive Dynamic,SMB,MetricHub,support,negative,Opened a ticket about MetricHub five days ago and still no response from support.
2023,2025-12-05,Globex Inc,SMB,InsightBoard,billing,negative,Getting a refund for the InsightBoard overcharge took three weeks. Very frustrating billing process.
2024,2025-09-15,Hooli,SMB,MetricHub,bug,negative,Data sync between MetricHub and our CRM has been dropping records intermittently.
2025,2026-03-24,Globex Inc,Startup,DataSync Pro,support,negative,The support team at Globex Inc keeps closing our DataSync Pro tickets without actually resolving the issue.
2026,2025-11-20,Stark Data Systems,SMB,QuickReport,bug,negative,Found a bug in QuickReport where exported reports show the wrong currency symbol.
2027,2026-03-04,Cyberdyne Systems,Startup,FlowPilot,support,negative,Support wait times for FlowPilot have gotten noticeably worse this quarter.
2028,2025-10-02,Umbrella Labs,Enterprise,DataSync Pro,feature_request,neutral,Would love to see a dark mode added to DataSync Pro in a future release.
2029,2026-05-04,Stark Data Systems,Enterprise,QuickReport,billing,negative,Getting a refund for the QuickReport overcharge took three weeks. Very frustrating billing process.
2030,2026-03-04,Cyberdyne Systems,SMB,FlowPilot,support,negative,Opened a ticket about FlowPilot five days ago and still no response from support.
2031,2025-11-26,Stark Data Systems,Enterprise,FlowPilot,performance,neutral,We're seeing frequent 500 errors in FlowPilot during peak hours.
2032,2026-08-01,Stark Data Systems,SMB,MetricHub,performance,negative,"Dashboard loads take over 30 seconds in MetricHub, this is unacceptable for Stark Data Systems's reporting needs."
2033,2026-08-10,Soylent Corp,SMB,MetricHub,billing,negative,We were double-charged for MetricHub this month and support at Soylent Corp has been slow to respond.
2034,2025-10-06,Acme Corp,Startup,InsightBoard,praise,positive,Support resolved our InsightBoard issue within the hour -- great experience overall.
2035,2026-07-16,Massive Dynamic,Enterprise,QuickReport,performance,negative,"Dashboard loads take over 30 seconds in QuickReport, this is unacceptable for Massive Dynamic's reporting needs."
2036,2025-10-06,Initech,SMB,QuickReport,bug,negative,QuickReport's new filter feature crashes the app when we select more than 5 tags.
2037,2026-06-01,Cyberdyne Systems,SMB,InsightBoard,feature_request,neutral,Would love to see a dark mode added to InsightBoard in a future release.
2038,2025-09-19,Massive Dynamic,Enterprise,DataSync Pro,bug,negative,Found a bug in DataSync Pro where exported reports show the wrong currency symbol.
2039,2025-11-25,Umbrella Labs,Startup,MetricHub,feature_request,neutral,It would help Umbrella Labs a lot if MetricHub supported bulk export to Excel.
2040,2026-02-15,Globex Inc,Startup,InsightBoard,performance,negative,"InsightBoard has been timing out constantly since the last update, our team at Globex Inc can't get work done."
2041,2026-07-16,Wayne Analytics,SMB,MetricHub,bug,negative,Data sync between MetricHub and our CRM has been dropping records intermittently.
2042,2026-01-23,Massive Dynamic,SMB,DataSync Pro,support,negative,The support team at Massive Dynamic keeps closing our DataSync Pro tickets without actually resolving the issue.
2043,2026-01-22,Cyberdyne Systems,Enterprise,FlowPilot,support,negative,Support wait times for FlowPilot have gotten noticeably worse this quarter.
2044,2025-12-22,Initech,SMB,QuickReport,onboarding,positive,New team members at Initech find the QuickReport admin console confusing at first.
2045,2026-06-24,Massive Dynamic,Enterprise,DataSync Pro,performance,negative,"Dashboard loads take over 30 seconds in DataSync Pro, this is unacceptable for Massive Dynamic's reporting needs."
2046,2025-10-07,Wayne Analytics,Startup,QuickReport,feature_request,neutral,It would help Wayne Analytics a lot if QuickReport supported bulk export to Excel.
2047,2026-07-18,Globex Inc,Startup,InsightBoard,bug,negative,Data sync between InsightBoard and our CRM has been dropping records intermittently.
2048,2026-02-11,Acme Corp,Startup,InsightBoard,bug,negative,Data sync between InsightBoard and our CRM has been dropping records intermittently.
2049,2025-12-02,Hooli,SMB,InsightBoard,bug,negative,Data sync between InsightBoard and our CRM has been dropping records intermittently.
2050,2026-03-26,Wayne Analytics,Enterprise,MetricHub,onboarding,neutral,New team members at Wayne Analytics find the MetricHub admin console confusing at first.
2051,2025-09-16,Wayne Analytics,Enterprise,InsightBoard,bug,negative,Data sync between InsightBoard and our CRM has been dropping records intermittently.
2052,2026-01-20,Massive Dynamic,Startup,QuickReport,feature_request,neutral,Would love to see a dark mode added to QuickReport in a future release.
2053,2026-01-03,Acme Corp,SMB,InsightBoard,onboarding,positive,New team members at Acme Corp find the InsightBoard admin console confusing at first.
2054,2025-12-10,Initech,Enterprise,FlowPilot,praise,positive,"The new FlowPilot update is fantastic, our team at Initech loves the redesigned interface."
2055,2025-09-14,Initech,SMB,FlowPilot,praise,positive,"FlowPilot has completely streamlined reporting for Initech, couldn't be happier with the results."
2056,2025-11-12,Initech,SMB,DataSync Pro,support,neutral,Support wait times for DataSync Pro have gotten noticeably worse this quarter.
2057,2026-08-09,Soylent Corp,Enterprise,QuickReport,support,negative,Support wait times for QuickReport have gotten noticeably worse this quarter.
2058,2025-10-10,Umbrella Labs,Startup,FlowPilot,performance,negative,We're seeing frequent 500 errors in FlowPilot during peak hours.
2059,2026-09-22,Massive Dynamic,Enterprise,InsightBoard,performance,negative,"InsightBoard has been timing out constantly since the last update, our team at Massive Dynamic can't get work done."
2060,2026-01-10,Hooli,Enterprise,FlowPilot,feature_request,neutral,It would help Hooli a lot if FlowPilot supported bulk export to Excel.
2061,2026-07-11,Acme Corp,SMB,MetricHub,onboarding,positive,"Setup for MetricHub took longer than expected, would be nice to have a clearer setup wizard."
2062,2026-03-18,Umbrella Labs,Enterprise,InsightBoard,praise,positive,Support resolved our InsightBoard issue within the hour -- great experience overall.
2063,2026-06-21,Stark Data Systems,SMB,DataSync Pro,performance,negative,"Dashboard loads take over 30 seconds in DataSync Pro, this is unacceptable for Stark Data Systems's reporting needs."
2064,2025-10-05,Acme Corp,SMB,FlowPilot,bug,negative,Data sync between FlowPilot and our CRM has been dropping records intermittently.
2065,2026-08-12,Wayne Analytics,Startup,MetricHub,onboarding,neutral,"Setup for MetricHub took longer than expected, would be nice to have a clearer setup wizard."
2066,2026-03-15,Hooli,SMB,FlowPilot,bug,negative,FlowPilot's new filter feature crashes the app when we select more than 5 tags.
2067,2026-09-05,Initech,Enterprise,FlowPilot,billing,negative,Getting a refund for the FlowPilot overcharge took three weeks. Very frustrating billing process.
2068,2026-02-05,Umbrella Labs,Startup,MetricHub,onboarding,neutral,"Setup for MetricHub took longer than expected, would be nice to have a clearer setup wizard."
2069,2026-09-28,Cyberdyne Systems,Enterprise,InsightBoard,onboarding,neutral,New team members at Cyberdyne Systems find the InsightBoard admin console confusing at first.
2070,2026-09-25,Hooli,SMB,DataSync Pro,bug,negative,Found a bug in DataSync Pro where exported reports show the wrong currency symbol.
2071,2026-01-27,Initech,Enterprise,DataSync Pro,praise,positive,DataSync Pro just works. Rock solid uptime and the Initech team is very satisfied.
2072,2026-01-19,Wayne Analytics,Enterprise,MetricHub,feature_request,neutral,Would love to see a dark mode added to MetricHub in a future release.
2073,2026-08-19,Wayne Analytics,Enterprise,DataSync Pro,bug,negative,Data sync between DataSync Pro and our CRM has been dropping records intermittently.
2074,2025-11-18,Initech,Startup,QuickReport,feature_request,neutral,Any plans to add SSO support to QuickReport? We'd need that to expand usage at Initech.
2075,2026-07-28,Acme Corp,Startup,QuickReport,feature_request,neutral,It would help Acme Corp a lot if QuickReport supported bulk export to Excel.
2076,2026-06-23,Stark Data Systems,SMB,DataSync Pro,performance,negative,"Dashboard loads take over 30 seconds in DataSync Pro, this is unacceptable for Stark Data Systems's reporting needs."
2077,2026-06-04,Globex Inc,Enterprise,DataSync Pro,performance,negative,"DataSync Pro has been timing out constantly since the last update, our team at Globex Inc can't get work done."
2078,2026-04-01,Umbrella Labs,Enterprise,QuickReport,onboarding,positive,The onboarding docs for QuickReport are a bit outdated but our team at Umbrella Labs figured it out eventually.
2079,2026-01-13,Hooli,Enterprise,DataSync Pro,praise,neutral,DataSync Pro just works. Rock solid uptime and the Hooli team is very satisfied.
2080,2026-06-22,Umbrella Labs,SMB,MetricHub,bug,negative,Found a bug in MetricHub where exported reports show the wrong currency symbol.
2081,2025-11-21,Cyberdyne Systems,SMB,DataSync Pro,bug,negative,Data sync between DataSync Pro and our CRM has been dropping records intermittently.
2082,2026-05-24,Acme Corp,Enterprise,QuickReport,billing,negative,We were double-charged for QuickReport this month and support at Acme Corp has been slow to respond.
2083,2026-01-10,Umbrella Labs,SMB,FlowPilot,feature_request,neutral,Any plans to add SSO support to FlowPilot? We'd need that to expand usage at Umbrella Labs.
2084,2026-07-09,Cyberdyne Systems,SMB,FlowPilot,feature_request,positive,Would love to see a dark mode added to FlowPilot in a future release.
2085,2026-03-05,Globex Inc,SMB,FlowPilot,bug,negative,FlowPilot's new filter feature crashes the app when we select more than 5 tags.
2086,2026-03-01,Massive Dynamic,Startup,DataSync Pro,billing,negative,The invoice for DataSync Pro doesn't match our contract pricing -- billing needs to fix this ASAP.
2087,2025-09-12,Initech,SMB,MetricHub,onboarding,neutral,"Setup for MetricHub took longer than expected, would be nice to have a clearer setup wizard."
2088,2025-11-12,Massive Dynamic,Enterprise,InsightBoard,performance,neutral,"Dashboard loads take over 30 seconds in InsightBoard, this is unacceptable for Massive Dynamic's reporting needs."
2089,2026-05-13,Umbrella Labs,Startup,InsightBoard,onboarding,neutral,New team members at Umbrella Labs find the InsightBoard admin console confusing at first.
2090,2026-07-24,Acme Corp,SMB,QuickReport,onboarding,neutral,The onboarding docs for QuickReport are a bit outdated but our team at Acme Corp figured it out eventually.
2091,2026-09-25,Massive Dynamic,SMB,QuickReport,onboarding,neutral,"Setup for QuickReport took longer than expected, would be nice to have a clearer setup wizard."
2092,2026-04-13,Hooli,Startup,DataSync Pro,feature_request,neutral,It would help Hooli a lot if DataSync Pro supported bulk export to Excel.
2093,2026-05-25,Acme Corp,Startup,MetricHub,bug,negative,Data sync between MetricHub and our CRM has been dropping records intermittently.
2094,2026-02-19,Stark Data Systems,Startup,QuickReport,feature_request,neutral,Any plans to add SSO support to QuickReport? We'd need that to expand usage at Stark Data Systems.
2095,2025-10-02,Cyberdyne Systems,SMB,MetricHub,onboarding,neutral,"Setup for MetricHub took longer than expected, would be nice to have a clearer setup wizard."
2096,2026-07-04,Acme Corp,Enterprise,QuickReport,billing,negative,Getting a refund for the QuickReport overcharge took three weeks. Very frustrating billing process.
2097,2026-09-26,Massive Dynamic,Enterprise,InsightBoard,bug,negative,Data sync between InsightBoard and our CRM has been dropping records intermittently.
2098,2026-03-25,Globex Inc,Startup,QuickReport,feature_request,neutral,Would love to see a dark mode added to QuickReport in a future release.
2099,2025-10-02,Initech,SMB,MetricHub,bug,negative,Found a bug in MetricHub where exported reports show the wrong currency symbol.
2100,2026-07-27,Massive Dynamic,Startup,InsightBoard,praise,positive,"InsightBoard has completely streamlined reporting for Massive Dynamic, couldn't be happier with the results."
2101,2026-04-13,Wayne Analytics,Startup,DataSync Pro,billing,negative,We were double-charged for DataSync Pro this month and support at Wayne Analytics has been slow to respond.
2102,2025-12-09,Cyberdyne Systems,Enterprise,MetricHub,performance,negative,We're seeing frequent 500 errors in MetricHub during peak hours.
2103,2026-08-06,Stark Data Systems,Enterprise,QuickReport,bug,negative,QuickReport's new filter feature crashes the app when we select more than 5 tags.
2104,2025-09-21,Umbrella Labs,Startup,DataSync Pro,bug,negative,Data sync between DataSync Pro and our CRM has been dropping records intermittently.
2105,2025-09-12,Umbrella Labs,Enterprise,DataSync Pro,feature_request,neutral,Would love to see a dark mode added to DataSync Pro in a future release.
2106,2026-02-06,Cyberdyne Systems,Enterprise,MetricHub,praise,positive,MetricHub just works. Rock solid uptime and the Cyberdyne Systems team is very satisfied.
2107,2025-12-19,Soylent Corp,Enterprise,FlowPilot,feature_request,positive,Any plans to add SSO support to FlowPilot? We'd need that to expand usage at Soylent Corp.
2108,2026-06-18,Soylent Corp,SMB,InsightBoard,praise,positive,InsightBoard just works. Rock solid uptime and the Soylent Corp team is very satisfied.
2109,2026-07-13,Globex Inc,SMB,FlowPilot,praise,positive,Support resolved our FlowPilot issue within the hour -- great experience overall.
2110,2026-09-17,Cyberdyne Systems,Enterprise,DataSync Pro,praise,positive,"DataSync Pro has completely streamlined reporting for Cyberdyne Systems, couldn't be happier with the results."
2111,2025-09-20,Globex Inc,Enterprise,FlowPilot,support,negative,Opened a ticket about FlowPilot five days ago and still no response from support.
2112,2026-01-13,Initech,SMB,QuickReport,onboarding,neutral,"Setup for QuickReport took longer than expected, would be nice to have a clearer setup wizard."
2113,2025-10-18,Globex Inc,SMB,QuickReport,feature_request,neutral,It would help Globex Inc a lot if QuickReport supported bulk export to Excel.
2114,2026-01-13,Soylent Corp,Startup,MetricHub,onboarding,neutral,The onboarding docs for MetricHub are a bit outdated but our team at Soylent Corp figured it out eventually.
2115,2026-04-09,Soylent Corp,Startup,DataSync Pro,onboarding,neutral,The onboarding docs for DataSync Pro are a bit outdated but our team at Soylent Corp figured it out eventually.
2116,2026-01-07,Initech,SMB,InsightBoard,feature_request,positive,Would love to see a dark mode added to InsightBoard in a future release.
2117,2026-08-11,Acme Corp,Startup,QuickReport,support,neutral,Opened a ticket about QuickReport five days ago and still no response from support.
2118,2026-09-19,Umbrella Labs,Enterprise,FlowPilot,praise,positive,"FlowPilot has completely streamlined reporting for Umbrella Labs, couldn't be happier with the results."
2119,2026-03-20,Initech,Enterprise,InsightBoard,onboarding,neutral,New team members at Initech find the InsightBoard admin console confusing at first.
2120,2025-11-09,Globex Inc,SMB,MetricHub,feature_request,neutral,Any plans to add SSO support to MetricHub? We'd need that to expand usage at Globex Inc.
2121,2026-05-08,Globex Inc,SMB,DataSync Pro,feature_request,neutral,Would love to see a dark mode added to DataSync Pro in a future release.
2122,2026-09-28,Hooli,SMB,FlowPilot,feature_request,neutral,It would help Hooli a lot if FlowPilot supported bulk export to Excel.
2123,2026-05-20,Initech,Enterprise,DataSync Pro,performance,negative,"DataSync Pro has been timing out constantly since the last update, our team at Initech can't get work done."
2124,2025-09-13,Initech,SMB,MetricHub,praise,positive,MetricHub just works. Rock solid uptime and the Initech team is very satisfied.
2125,2026-03-18,Acme Corp,Startup,FlowPilot,praise,positive,FlowPilot just works. Rock solid uptime and the Acme Corp team is very satisfied.
2126,2026-02-12,Massive Dynamic,Startup,DataSync Pro,performance,negative,"DataSync Pro has been timing out constantly since the last update, our team at Massive Dynamic can't get work done."
2127,2025-12-03,Hooli,Enterprise,DataSync Pro,performance,negative,"Dashboard loads take over 30 seconds in DataSync Pro, this is unacceptable for Hooli's reporting needs."
2128,2026-09-26,Umbrella Labs,Startup,FlowPilot,onboarding,neutral,The onboarding docs for FlowPilot are a bit outdated but our team at Umbrella Labs figured it out eventually.
2129,2025-10-02,Initech,Enterprise,QuickReport,praise,positive,"QuickReport has completely streamlined reporting for Initech, couldn't be happier with the results."
2130,2026-02-12,Acme Corp,Enterprise,InsightBoard,performance,negative,"Dashboard loads take over 30 seconds in InsightBoard, this is unacceptable for Acme Corp's reporting needs."
2131,2026-06-13,Umbrella Labs,Enterprise,InsightBoard,onboarding,neutral,New team members at Umbrella Labs find the InsightBoard admin console confusing at first.
2132,2026-01-18,Globex Inc,Enterprise,DataSync Pro,bug,negative,Data sync between DataSync Pro and our CRM has been dropping records intermittently.
2133,2026-08-10,Wayne Analytics,SMB,QuickReport,performance,negative,"Dashboard loads take over 30 seconds in QuickReport, this is unacceptable for Wayne Analytics's reporting needs."
2134,2026-01-11,Stark Data Systems,Startup,QuickReport,support,negative,Support wait times for QuickReport have gotten noticeably worse this quarter.
2135,2026-02-14,Soylent Corp,Enterprise,DataSync Pro,feature_request,neutral,Any plans to add SSO support to DataSync Pro? We'd need that to expand usage at Soylent Corp.
2136,2025-12-05,Massive Dynamic,Enterprise,InsightBoard,feature_request,neutral,Any plans to add SSO support to InsightBoard? We'd need that to expand usage at Massive Dynamic.
2137,2025-10-12,Stark Data Systems,Enterprise,MetricHub,praise,positive,Support resolved our MetricHub issue within the hour -- great experience overall.
2138,2026-04-21,Initech,Startup,QuickReport,feature_request,positive,Would love to see a dark mode added to QuickReport in a future release.
2139,2025-09-09,Globex Inc,SMB,DataSync Pro,praise,positive,DataSync Pro just works. Rock solid uptime and the Globex Inc team is very satisfied.
2140,2025-09-09,Hooli,Enterprise,InsightBoard,support,negative,Support wait times for InsightBoard have gotten noticeably worse this quarter.
2141,2026-03-15,Massive Dynamic,SMB,DataSync Pro,praise,neutral,DataSync Pro just works. Rock solid uptime and the Massive Dynamic team is very satisfied.
2142,2026-07-14,Umbrella Labs,Enterprise,FlowPilot,billing,neutral,We were double-charged for FlowPilot this month and support at Umbrella Labs has been slow to respond.
2143,2026-09-12,Stark Data Systems,Startup,DataSync Pro,onboarding,neutral,The onboarding docs for DataSync Pro are a bit outdated but our team at Stark Data Systems figured it out eventually.
2144,2025-12-25,Wayne Analytics,Startup,InsightBoard,billing,neutral,Getting a refund for the InsightBoard overcharge took three weeks. Very frustrating billing process.
2145,2026-09-24,Cyberdyne Systems,SMB,FlowPilot,billing,negative,The invoice for FlowPilot doesn't match our contract pricing -- billing needs to fix this ASAP.
2146,2026-08-22,Globex Inc,SMB,MetricHub,feature_request,neutral,Would love to see a dark mode added to MetricHub in a future release.
2147,2026-08-19,Massive Dynamic,Startup,FlowPilot,support,neutral,Support wait times for FlowPilot have gotten noticeably worse this quarter.
2148,2026-08-08,Acme Corp,SMB,FlowPilot,praise,positive,"The new FlowPilot update is fantastic, our team at Acme Corp loves the redesigned interface."
2149,2025-12-25,Stark Data Systems,Enterprise,InsightBoard,performance,negative,"InsightBoard has been timing out constantly since the last update, our team at Stark Data Systems can't get work done."
2150,2025-09-20,Wayne Analytics,SMB,MetricHub,onboarding,neutral,"Setup for MetricHub took longer than expected, would be nice to have a clearer setup wizard."
2151,2026-09-25,Stark Data Systems,Startup,InsightBoard,support,negative,The support team at Stark Data Systems keeps closing our InsightBoard tickets without actually resolving the issue.
2152,2026-07-11,Globex Inc,Startup,InsightBoard,onboarding,positive,The onboarding docs for InsightBoard are a bit outdated but our team at Globex Inc figured it out eventually.
2153,2025-09-15,Acme Corp,SMB,FlowPilot,praise,positive,"The new FlowPilot update is fantastic, our team at Acme Corp loves the redesigned interface."
2154,2026-07-28,Initech,SMB,InsightBoard,billing,negative,The invoice for InsightBoard doesn't match our contract pricing -- billing needs to fix this ASAP.
2155,2025-10-09,Hooli,Startup,DataSync Pro,onboarding,neutral,The onboarding docs for DataSync Pro are a bit outdated but our team at Hooli figured it out eventually.
2156,2025-11-09,Wayne Analytics,SMB,DataSync Pro,onboarding,neutral,New team members at Wayne Analytics find the DataSync Pro admin console confusing at first.
2157,2025-12-21,Stark Data Systems,Enterprise,FlowPilot,praise,positive,"The new FlowPilot update is fantastic, our team at Stark Data Systems loves the redesigned interface."
2158,2025-10-21,Cyberdyne Systems,Enterprise,DataSync Pro,performance,negative,"DataSync Pro has been timing out constantly since the last update, our team at Cyberdyne Systems can't get work done."
2159,2026-02-02,Soylent Corp,Startup,FlowPilot,billing,negative,We were double-charged for FlowPilot this month and support at Soylent Corp has been slow to respond.
2160,2026-01-09,Umbrella Labs,Startup,DataSync Pro,onboarding,neutral,New team members at Umbrella Labs find the DataSync Pro admin console confusing at first.
2161,2025-09-20,Wayne Analytics,Startup,MetricHub,billing,negative,Getting a refund for the MetricHub overcharge took three weeks. Very frustrating billing process.
2162,2026-04-04,Globex Inc,Startup,DataSync Pro,performance,negative,"Dashboard loads take over 30 seconds in DataSync Pro, this is unacceptable for Globex Inc's reporting needs."
2163,2026-06-12,Umbrella Labs,SMB,QuickReport,onboarding,neutral,The onboarding docs for QuickReport are a bit outdated but our team at Umbrella Labs figured it out eventually.
2164,2025-11-01,Globex Inc,SMB,FlowPilot,praise,positive,FlowPilot just works. Rock solid uptime and the Globex Inc team is very satisfied.
2165,2026-07-12,Wayne Analytics,SMB,InsightBoard,support,negative,Support wait times for InsightBoard have gotten noticeably worse this quarter.
2166,2026-02-02,Cyberdyne Systems,Enterprise,DataSync Pro,bug,negative,DataSync Pro's new filter feature crashes the app when we select more than 5 tags.
2167,2026-06-07,Cyberdyne Systems,Enterprise,DataSync Pro,support,negative,Opened a ticket about DataSync Pro five days ago and still no response from support.
2168,2026-08-12,Soylent Corp,Startup,MetricHub,praise,positive,"The new MetricHub update is fantastic, our team at Soylent Corp loves the redesigned interface."
2169,2026-08-05,Cyberdyne Systems,Startup,DataSync Pro,performance,negative,"Dashboard loads take over 30 seconds in DataSync Pro, this is unacceptable for Cyberdyne Systems's reporting needs."
2170,2026-06-17,Globex Inc,Enterprise,DataSync Pro,bug,negative,Data sync between DataSync Pro and our CRM has been dropping records intermittently.
2171,2026-08-04,Soylent Corp,Startup,FlowPilot,onboarding,neutral,New team members at Soylent Corp find the FlowPilot admin console confusing at first.
2172,2026-05-17,Cyberdyne Systems,Startup,FlowPilot,praise,positive,"FlowPilot has completely streamlined reporting for Cyberdyne Systems, couldn't be happier with the results."
2173,2026-01-08,Stark Data Systems,Startup,QuickReport,bug,neutral,QuickReport's new filter feature crashes the app when we select more than 5 tags.
2174,2026-02-24,Wayne Analytics,SMB,QuickReport,support,negative,Opened a ticket about QuickReport five days ago and still no response from support.
2175,2026-03-12,Umbrella Labs,Startup,FlowPilot,billing,negative,Getting a refund for the FlowPilot overcharge took three weeks. Very frustrating billing process.
2176,2026-02-21,Soylent Corp,Enterprise,MetricHub,billing,negative,The invoice for MetricHub doesn't match our contract pricing -- billing needs to fix this ASAP.
2177,2025-12-19,Umbrella Labs,SMB,FlowPilot,bug,negative,Data sync between FlowPilot and our CRM has been dropping records intermittently.
2178,2026-07-19,Soylent Corp,SMB,QuickReport,praise,positive,Support resolved our QuickReport issue within the hour -- great experience overall.
2179,2026-02-11,Cyberdyne Systems,SMB,InsightBoard,feature_request,neutral,Would love to see a dark mode added to InsightBoard in a future release.
2180,2025-11-19,Hooli,Startup,FlowPilot,billing,neutral,We were double-charged for FlowPilot this month and support at Hooli has been slow to respond.
2181,2025-09-06,Umbrella Labs,SMB,QuickReport,bug,negative,Data sync between QuickReport and our CRM has been dropping records intermittently.
2182,2026-04-24,Stark Data Systems,Startup,MetricHub,billing,negative,The invoice for MetricHub doesn't match our contract pricing -- billing needs to fix this ASAP.
2183,2026-08-06,Initech,Enterprise,FlowPilot,billing,negative,We were double-charged for FlowPilot this month and support at Initech has been slow to respond.
2184,2026-03-12,Soylent Corp,SMB,MetricHub,billing,negative,We were double-charged for MetricHub this month and support at Soylent Corp has been slow to respond.
2185,2026-01-04,Soylent Corp,Startup,QuickReport,performance,negative,"Dashboard loads take over 30 seconds in QuickReport, this is unacceptable for Soylent Corp's reporting needs."
2186,2025-10-24,Cyberdyne Systems,Startup,MetricHub,support,negative,The support team at Cyberdyne Systems keeps closing our MetricHub tickets without actually resolving the issue.
2187,2026-07-15,Wayne Analytics,SMB,FlowPilot,billing,negative,We were double-charged for FlowPilot this month and support at Wayne Analytics has been slow to respond.
2188,2025-11-24,Stark Data Systems,Startup,FlowPilot,feature_request,neutral,It would help Stark Data Systems a lot if FlowPilot supported bulk export to Excel.
2189,2025-11-01,Cyberdyne Systems,Enterprise,MetricHub,performance,negative,We're seeing frequent 500 errors in MetricHub during peak hours.
2190,2026-02-15,Wayne Analytics,SMB,FlowPilot,onboarding,neutral,New team members at Wayne Analytics find the FlowPilot admin console confusing at first.
2191,2025-12-10,Cyberdyne Systems,Enterprise,InsightBoard,performance,neutral,We're seeing frequent 500 errors in InsightBoard during peak hours.
2192,2026-05-19,Initech,Startup,MetricHub,bug,negative,MetricHub's new filter feature crashes the app when we select more than 5 tags.
2193,2026-02-25,Stark Data Systems,SMB,InsightBoard,onboarding,neutral,"Setup for InsightBoard took longer than expected, would be nice to have a clearer setup wizard."
2194,2026-05-09,Initech,SMB,QuickReport,performance,negative,"QuickReport has been timing out constantly since the last update, our team at Initech can't get work done."
2195,2026-01-06,Wayne Analytics,SMB,DataSync Pro,onboarding,neutral,New team members at Wayne Analytics find the DataSync Pro admin console confusing at first.
2196,2025-12-06,Stark Data Systems,SMB,FlowPilot,billing,negative,The invoice for FlowPilot doesn't match our contract pricing -- billing needs to fix this ASAP.
2197,2026-07-09,Cyberdyne Systems,Enterprise,DataSync Pro,support,negative,The support team at Cyberdyne Systems keeps closing our DataSync Pro tickets without actually resolving the issue.
2198,2026-09-06,Umbrella Labs,Startup,MetricHub,performance,negative,"MetricHub has been timing out constantly since the last update, our team at Umbrella Labs can't get work done."
2199,2026-09-07,Initech,Startup,MetricHub,billing,negative,Getting a refund for the MetricHub overcharge took three weeks. Very frustrating billing process.
2200,2026-01-19,Initech,Enterprise,InsightBoard,billing,neutral,The invoice for InsightBoard doesn't match our contract pricing -- billing needs to fix this ASAP.
2201,2026-04-10,Massive Dynamic,Enterprise,MetricHub,bug,negative,Data sync between MetricHub and our CRM has been dropping records intermittently.
2202,2026-04-09,Globex Inc,SMB,FlowPilot,billing,negative,Getting a refund for the FlowPilot overcharge took three weeks. Very frustrating billing process.
2203,2026-09-03,Stark Data Systems,SMB,DataSync Pro,billing,neutral,We were double-charged for DataSync Pro this month and support at Stark Data Systems has been slow to respond.
2204,2026-05-11,Globex Inc,Enterprise,InsightBoard,feature_request,neutral,Would love to see a dark mode added to InsightBoard in a future release.
2205,2026-08-11,Soylent Corp,Startup,DataSync Pro,support,negative,The support team at Soylent Corp keeps closing our DataSync Pro tickets without actually resolving the issue.
2206,2025-12-27,Globex Inc,SMB,MetricHub,billing,negative,The invoice for MetricHub doesn't match our contract pricing -- billing needs to fix this ASAP.
2207,2025-11-19,Initech,Enterprise,DataSync Pro,onboarding,positive,New team members at Initech find the DataSync Pro admin console confusing at first.
2208,2025-11-16,Umbrella Labs,SMB,InsightBoard,bug,negative,Found a bug in InsightBoard where exported reports show the wrong currency symbol.
2209,2025-12-21,Massive Dynamic,Enterprise,InsightBoard,praise,positive,Support resolved our InsightBoard issue within the hour -- great experience overall.
2210,2025-10-16,Umbrella Labs,SMB,DataSync Pro,billing,negative,Getting a refund for the DataSync Pro overcharge took three weeks. Very frustrating billing process.
2211,2026-03-23,Umbrella Labs,Enterprise,QuickReport,onboarding,neutral,New team members at Umbrella Labs find the QuickReport admin console confusing at first.
2212,2026-07-12,Hooli,Enterprise,MetricHub,support,negative,Support wait times for MetricHub have gotten noticeably worse this quarter.
2213,2026-01-22,Acme Corp,Enterprise,InsightBoard,bug,negative,Data sync between InsightBoard and our CRM has been dropping records intermittently.
2214,2026-05-16,Hooli,SMB,MetricHub,bug,negative,MetricHub's new filter feature crashes the app when we select more than 5 tags.
2215,2026-03-15,Umbrella Labs,SMB,DataSync Pro,support,negative,Opened a ticket about DataSync Pro five days ago and still no response from support.
2216,2026-04-11,Hooli,Enterprise,DataSync Pro,support,negative,Opened a ticket about DataSync Pro five days ago and still no response from support.
2217,2025-11-25,Wayne Analytics,Startup,FlowPilot,feature_request,neutral,Would love to see a dark mode added to FlowPilot in a future release.
2218,2025-12-01,Cyberdyne Systems,Startup,FlowPilot,bug,negative,FlowPilot's new filter feature crashes the app when we select more than 5 tags.
2219,2025-09-18,Soylent Corp,SMB,QuickReport,support,negative,The support team at Soylent Corp keeps closing our QuickReport tickets without actually resolving the issue.
2220,2026-03-26,Stark Data Systems,SMB,InsightBoard,praise,positive,"The new InsightBoard update is fantastic, our team at Stark Data Systems loves the redesigned interface."
2221,2026-01-16,Hooli,Enterprise,InsightBoard,bug,negative,InsightBoard's new filter feature crashes the app when we select more than 5 tags.
2222,2026-04-14,Wayne Analytics,SMB,DataSync Pro,feature_request,positive,Would love to see a dark mode added to DataSync Pro in a future release.
2223,2026-09-21,Acme Corp,Enterprise,MetricHub,performance,negative,We're seeing frequent 500 errors in MetricHub during peak hours.
2224,2026-06-18,Cyberdyne Systems,Enterprise,InsightBoard,billing,negative,Getting a refund for the InsightBoard overcharge took three weeks. Very frustrating billing process.
2225,2026-09-23,Initech,Enterprise,FlowPilot,billing,negative,Getting a refund for the FlowPilot overcharge took three weeks. Very frustrating billing process.
2226,2025-09-17,Soylent Corp,Startup,DataSync Pro,support,negative,The support team at Soylent Corp keeps closing our DataSync Pro tickets without actually resolving the issue.
2227,2026-05-13,Soylent Corp,Enterprise,QuickReport,performance,negative,"Dashboard loads take over 30 seconds in QuickReport, this is unacceptable for Soylent Corp's reporting needs."
2228,2026-02-14,Stark Data Systems,SMB,QuickReport,praise,positive,Support resolved our QuickReport issue within the hour -- great experience overall.
2229,2025-09-25,Umbrella Labs,Enterprise,DataSync Pro,performance,negative,We're seeing frequent 500 errors in DataSync Pro during peak hours.
2230,2025-09-06,Soylent Corp,SMB,FlowPilot,onboarding,neutral,The onboarding docs for FlowPilot are a bit outdated but our team at Soylent Corp figured it out eventually.
2231,2026-09-23,Initech,Startup,QuickReport,support,negative,The support team at Initech keeps closing our QuickReport tickets without actually resolving the issue.
2232,2026-07-13,Stark Data Systems,SMB,DataSync Pro,performance,negative,"DataSync Pro has been timing out constantly since the last update, our team at Stark Data Systems can't get work done."
2233,2025-10-17,Stark Data Systems,Enterprise,DataSync Pro,performance,negative,We're seeing frequent 500 errors in DataSync Pro during peak hours.
2234,2026-08-27,Hooli,Enterprise,DataSync Pro,feature_request,neutral,Any plans to add SSO support to DataSync Pro? We'd need that to expand usage at Hooli.
2235,2026-06-26,Acme Corp,Startup,DataSync Pro,onboarding,neutral,New team members at Acme Corp find the DataSync Pro admin console confusing at first.
2236,2026-03-17,Cyberdyne Systems,SMB,InsightBoard,bug,negative,Found a bug in InsightBoard where exported reports show the wrong currency symbol.
2237,2025-12-04,Stark Data Systems,SMB,InsightBoard,feature_request,neutral,Would love to see a dark mode added to InsightBoard in a future release.
2238,2026-01-14,Cyberdyne Systems,SMB,FlowPilot,support,negative,Support wait times for FlowPilot have gotten noticeably worse this quarter.
2239,2026-04-10,Hooli,SMB,MetricHub,billing,negative,We were double-charged for MetricHub this month and support at Hooli has been slow to respond.
2240,2025-09-16,Soylent Corp,SMB,QuickReport,feature_request,neutral,Any plans to add SSO support to QuickReport? We'd need that to expand usage at Soylent Corp.
2241,2025-10-15,Wayne Analytics,Startup,MetricHub,feature_request,neutral,It would help Wayne Analytics a lot if MetricHub supported bulk export to Excel.
2242,2026-04-12,Initech,Enterprise,FlowPilot,performance,negative,We're seeing frequent 500 errors in FlowPilot during peak hours.
2243,2025-11-26,Globex Inc,SMB,InsightBoard,bug,negative,Data sync between InsightBoard and our CRM has been dropping records intermittently.
2244,2025-12-28,Globex Inc,Enterprise,MetricHub,feature_request,neutral,Would love to see a dark mode added to MetricHub in a future release.
2245,2026-03-20,Umbrella Labs,Enterprise,DataSync Pro,bug,negative,Data sync between DataSync Pro and our CRM has been dropping records intermittently.
2246,2025-09-25,Soylent Corp,Enterprise,MetricHub,praise,positive,MetricHub just works. Rock solid uptime and the Soylent Corp team is very satisfied.
2247,2026-02-27,Hooli,Startup,InsightBoard,bug,negative,InsightBoard's new filter feature crashes the app when we select more than 5 tags.
2248,2026-03-28,Wayne Analytics,Startup,MetricHub,performance,negative,"MetricHub has been timing out constantly since the last update, our team at Wayne Analytics can't get work done."
2249,2026-05-16,Umbrella Labs,SMB,MetricHub,billing,negative,The invoice for MetricHub doesn't match our contract pricing -- billing needs to fix this ASAP.
2250,2026-08-16,Umbrella Labs,SMB,InsightBoard,support,negative,Support wait times for InsightBoard have gotten noticeably worse this quarter.
2251,2026-08-03,Globex Inc,SMB,DataSync Pro,onboarding,neutral,New team members at Globex Inc find the DataSync Pro admin console confusing at first.
2252,2026-08-04,Initech,Startup,QuickReport,bug,negative,Found a bug in QuickReport where exported reports show the wrong currency symbol.
2253,2026-03-16,Massive Dynamic,Enterprise,DataSync Pro,performance,negative,"DataSync Pro has been timing out constantly since the last update, our team at Massive Dynamic can't get work done."
2254,2026-08-28,Soylent Corp,Enterprise,FlowPilot,performance,negative,We're seeing frequent 500 errors in FlowPilot during peak hours.
2255,2025-10-14,Hooli,SMB,DataSync Pro,onboarding,neutral,"Setup for DataSync Pro took longer than expected, would be nice to have a clearer setup wizard."
2256,2026-06-12,Stark Data Systems,SMB,MetricHub,support,negative,Support wait times for MetricHub have gotten noticeably worse this quarter.
2257,2026-05-22,Acme Corp,SMB,QuickReport,onboarding,neutral,New team members at Acme Corp find the QuickReport admin console confusing at first.
2258,2026-01-16,Wayne Analytics,Startup,MetricHub,performance,negative,We're seeing frequent 500 errors in MetricHub during peak hours.
2259,2026-05-23,Wayne Analytics,Enterprise,QuickReport,bug,negative,Found a bug in QuickReport where exported reports show the wrong currency symbol.
2260,2025-11-05,Initech,SMB,InsightBoard,praise,positive,InsightBoard just works. Rock solid uptime and the Initech team is very satisfied.
2261,2025-12-07,Initech,Startup,InsightBoard,bug,neutral,Found a bug in InsightBoard where exported reports show the wrong currency symbol.
2262,2025-10-02,Soylent Corp,SMB,FlowPilot,feature_request,neutral,Would love to see a dark mode added to FlowPilot in a future release.
2263,2026-02-21,Cyberdyne Systems,Enterprise,QuickReport,onboarding,neutral,"Setup for QuickReport took longer than expected, would be nice to have a clearer setup wizard."
2264,2026-01-10,Wayne Analytics,Enterprise,DataSync Pro,onboarding,neutral,The onboarding docs for DataSync Pro are a bit outdated but our team at Wayne Analytics figured it out eventually.
2265,2026-06-25,Cyberdyne Systems,SMB,InsightBoard,praise,positive,InsightBoard just works. Rock solid uptime and the Cyberdyne Systems team is very satisfied.
2266,2026-07-07,Soylent Corp,Startup,MetricHub,bug,negative,MetricHub's new filter feature crashes the app when we select more than 5 tags.
2267,2025-12-09,Acme Corp,Startup,DataSync Pro,billing,neutral,Getting a refund for the DataSync Pro overcharge took three weeks. Very frustrating billing process.
2268,2026-09-17,Cyberdyne Systems,Enterprise,DataSync Pro,performance,negative,"Dashboard loads take over 30 seconds in DataSync Pro, this is unacceptable for Cyberdyne Systems's reporting needs."
2269,2026-09-28,Hooli,Startup,InsightBoard,onboarding,neutral,New team members at Hooli find the InsightBoard admin console confusing at first.
2270,2026-04-07,Stark Data Systems,Startup,MetricHub,onboarding,neutral,New team members at Stark Data Systems find the MetricHub admin console confusing at first.
2271,2026-09-20,Umbrella Labs,Enterprise,QuickReport,performance,negative,"QuickReport has been timing out constantly since the last update, our team at Umbrella Labs can't get work done."
2272,2026-02-03,Acme Corp,Enterprise,FlowPilot,performance,negative,"FlowPilot has been timing out constantly since the last update, our team at Acme Corp can't get work done."
2273,2026-07-16,Soylent Corp,SMB,FlowPilot,billing,negative,We were double-charged for FlowPilot this month and support at Soylent Corp has been slow to respond.
2274,2026-05-13,Soylent Corp,Enterprise,DataSync Pro,support,negative,The support team at Soylent Corp keeps closing our DataSync Pro tickets without actually resolving the issue.
2275,2026-05-11,Massive Dynamic,SMB,InsightBoard,bug,negative,InsightBoard's new filter feature crashes the app when we select more than 5 tags.
2276,2026-07-27,Cyberdyne Systems,Enterprise,QuickReport,onboarding,neutral,The onboarding docs for QuickReport are a bit outdated but our team at Cyberdyne Systems figured it out eventually.
2277,2026-04-16,Acme Corp,Startup,FlowPilot,support,negative,Support wait times for FlowPilot have gotten noticeably worse this quarter.
2278,2026-07-12,Globex Inc,SMB,MetricHub,feature_request,neutral,It would help Globex Inc a lot if MetricHub supported bulk export to Excel.
2279,2026-02-24,Wayne Analytics,Startup,FlowPilot,performance,negative,"FlowPilot has been timing out constantly since the last update, our team at Wayne Analytics can't get work done."
2280,2026-03-12,Cyberdyne Systems,Enterprise,MetricHub,bug,negative,Found a bug in MetricHub where exported reports show the wrong currency symbol.
2281,2026-02-17,Initech,SMB,QuickReport,performance,negative,We're seeing frequent 500 errors in QuickReport during peak hours.
2282,2025-10-12,Cyberdyne Systems,SMB,InsightBoard,performance,negative,"InsightBoard has been timing out constantly since the last update, our team at Cyberdyne Systems can't get work done."
2283,2025-09-21,Initech,SMB,MetricHub,support,negative,Support wait times for MetricHub have gotten noticeably worse this quarter.
2284,2026-08-23,Massive Dynamic,Enterprise,FlowPilot,support,negative,Support wait times for FlowPilot have gotten noticeably worse this quarter.
2285,2026-08-16,Initech,Enterprise,MetricHub,support,negative,The support team at Initech keeps closing our MetricHub tickets without actually resolving the issue.
2286,2026-04-24,Massive Dynamic,Enterprise,FlowPilot,onboarding,positive,New team members at Massive Dynamic find the FlowPilot admin console confusing at first.
2287,2026-06-23,Initech,Enterprise,InsightBoard,praise,positive,"InsightBoard has completely streamlined reporting for Initech, couldn't be happier with the results."
2288,2026-03-27,Acme Corp,Enterprise,QuickReport,performance,negative,We're seeing frequent 500 errors in QuickReport during peak hours.
2289,2026-08-02,Initech,Startup,FlowPilot,praise,positive,"FlowPilot has completely streamlined reporting for Initech, couldn't be happier with the results."
2290,2026-07-20,Soylent Corp,Enterprise,InsightBoard,support,negative,Opened a ticket about InsightBoard five days ago and still no response from support.
2291,2025-11-19,Wayne Analytics,Startup,InsightBoard,feature_request,neutral,Would love to see a dark mode added to InsightBoard in a future release.
2292,2026-03-14,Soylent Corp,Startup,DataSync Pro,feature_request,neutral,It would help Soylent Corp a lot if DataSync Pro supported bulk export to Excel.
2293,2025-11-24,Globex Inc,Startup,QuickReport,praise,positive,"QuickReport has completely streamlined reporting for Globex Inc, couldn't be happier with the results."
2294,2026-01-20,Acme Corp,Enterprise,FlowPilot,support,neutral,Opened a ticket about FlowPilot five days ago and still no response from support.
2295,2026-07-24,Soylent Corp,Enterprise,FlowPilot,performance,negative,We're seeing frequent 500 errors in FlowPilot during peak hours.
2296,2026-02-04,Stark Data Systems,Startup,InsightBoard,praise,positive,"InsightBoard has completely streamlined reporting for Stark Data Systems, couldn't be happier with the results."
2297,2026-04-03,Cyberdyne Systems,Startup,DataSync Pro,support,negative,The support team at Cyberdyne Systems keeps closing our DataSync Pro tickets without actually resolving the issue.
2298,2026-02-19,Acme Corp,Enterprise,DataSync Pro,billing,negative,We were double-charged for DataSync Pro this month and support at Acme Corp has been slow to respond.
2299,2026-07-12,Acme Corp,Enterprise,DataSync Pro,feature_request,positive,Would love to see a dark mode added to DataSync Pro in a future release.
2300,2026-07-28,Umbrella Labs,Startup,InsightBoard,bug,negative,Found a bug in InsightBoard where exported reports show the wrong currency symbol.
2301,2026-03-23,Acme Corp,Enterprise,InsightBoard,performance,negative,We're seeing frequent 500 errors in InsightBoard during peak hours.
2302,2026-02-14,Stark Data Systems,Startup,QuickReport,support,negative,Opened a ticket about QuickReport five days ago and still no response from support.
2303,2026-01-09,Stark Data Systems,Enterprise,QuickReport,performance,negative,"QuickReport has been timing out constantly since the last update, our team at Stark Data Systems can't get work done."
2304,2026-02-19,Stark Data Systems,SMB,DataSync Pro,feature_request,neutral,It would help Stark Data Systems a lot if DataSync Pro supported bulk export to Excel.
2305,2026-07-27,Soylent Corp,Startup,FlowPilot,support,negative,The support team at Soylent Corp keeps closing our FlowPilot tickets without actually resolving the issue.
2306,2026-05-19,Cyberdyne Systems,Enterprise,FlowPilot,performance,negative,"FlowPilot has been timing out constantly since the last update, our team at Cyberdyne Systems can't get work done."
2307,2026-09-22,Hooli,Startup,InsightBoard,performance,negative,We're seeing frequent 500 errors in InsightBoard during peak hours.
2308,2026-05-18,Umbrella Labs,Startup,InsightBoard,praise,neutral,"The new InsightBoard update is fantastic, our team at Umbrella Labs loves the redesigned interface."
2309,2026-01-07,Globex Inc,Enterprise,MetricHub,praise,neutral,"The new MetricHub update is fantastic, our team at Globex Inc loves the redesigned interface."
2310,2026-07-21,Initech,Startup,DataSync Pro,bug,negative,DataSync Pro's new filter feature crashes the app when we select more than 5 tags.
2311,2026-02-12,Acme Corp,Startup,FlowPilot,performance,negative,"Dashboard loads take over 30 seconds in FlowPilot, this is unacceptable for Acme Corp's reporting needs."
2312,2026-08-04,Cyberdyne Systems,SMB,DataSync Pro,onboarding,neutral,"Setup for DataSync Pro took longer than expected, would be nice to have a clearer setup wizard."
2313,2026-04-11,Initech,SMB,QuickReport,feature_request,neutral,It would help Initech a lot if QuickReport supported bulk export to Excel.
2314,2026-01-06,Globex Inc,SMB,QuickReport,support,negative,Support wait times for QuickReport have gotten noticeably worse this quarter.
2315,2026-09-20,Acme Corp,SMB,DataSync Pro,bug,negative,Data sync between DataSync Pro and our CRM has been dropping records intermittently.
2316,2026-03-16,Cyberdyne Systems,Startup,FlowPilot,bug,negative,Data sync between FlowPilot and our CRM has been dropping records intermittently.
2317,2026-02-16,Stark Data Systems,Startup,InsightBoard,praise,positive,Support resolved our InsightBoard issue within the hour -- great experience overall.
2318,2026-09-17,Stark Data Systems,Enterprise,DataSync Pro,feature_request,neutral,It would help Stark Data Systems a lot if DataSync Pro supported bulk export to Excel.
2319,2026-03-19,Hooli,Startup,InsightBoard,billing,negative,The invoice for InsightBoard doesn't match our contract pricing -- billing needs to fix this ASAP.
2320,2026-06-23,Soylent Corp,SMB,QuickReport,billing,negative,We were double-charged for QuickReport this month and support at Soylent Corp has been slow to respond.
2321,2026-07-11,Cyberdyne Systems,Enterprise,QuickReport,onboarding,neutral,The onboarding docs for QuickReport are a bit outdated but our team at Cyberdyne Systems figured it out eventually.
2322,2026-09-12,Globex Inc,Enterprise,InsightBoard,praise,neutral,"InsightBoard has completely streamlined reporting for Globex Inc, couldn't be happier with the results."
2323,2026-07-05,Acme Corp,Enterprise,FlowPilot,bug,negative,FlowPilot's new filter feature crashes the app when we select more than 5 tags.
2324,2025-11-08,Stark Data Systems,Enterprise,InsightBoard,performance,negative,"InsightBoard has been timing out constantly since the last update, our team at Stark Data Systems can't get work done."
2325,2025-12-05,Hooli,Startup,DataSync Pro,praise,positive,Support resolved our DataSync Pro issue within the hour -- great experience overall.
2326,2025-11-12,Wayne Analytics,SMB,DataSync Pro,feature_request,positive,Any plans to add SSO support to DataSync Pro? We'd need that to expand usage at Wayne Analytics.
2327,2025-12-16,Soylent Corp,Startup,FlowPilot,billing,negative,The invoice for FlowPilot doesn't match our contract pricing -- billing needs to fix this ASAP.
2328,2026-03-05,Massive Dynamic,Enterprise,QuickReport,feature_request,positive,It would help Massive Dynamic a lot if QuickReport supported bulk export to Excel.
2329,2026-07-24,Hooli,SMB,InsightBoard,support,negative,Opened a ticket about InsightBoard five days ago and still no response from support.
2330,2025-10-12,Cyberdyne Systems,Startup,FlowPilot,praise,positive,FlowPilot just works. Rock solid uptime and the Cyberdyne Systems team is very satisfied.
2331,2026-06-06,Cyberdyne Systems,Enterprise,DataSync Pro,bug,negative,Data sync between DataSync Pro and our CRM has been dropping records intermittently.
2332,2026-05-27,Wayne Analytics,SMB,InsightBoard,praise,neutral,Support resolved our InsightBoard issue within the hour -- great experience overall.
2333,2026-07-08,Cyberdyne Systems,Enterprise,FlowPilot,billing,neutral,Getting a refund for the FlowPilot overcharge took three weeks. Very frustrating billing process.
2334,2026-01-14,Umbrella Labs,Enterprise,DataSync Pro,performance,negative,"Dashboard loads take over 30 seconds in DataSync Pro, this is unacceptable for Umbrella Labs's reporting needs."
2335,2025-11-10,Hooli,SMB,QuickReport,billing,negative,The invoice for QuickReport doesn't match our contract pricing -- billing needs to fix this ASAP.
2336,2026-03-06,Massive Dynamic,SMB,DataSync Pro,support,negative,The support team at Massive Dynamic keeps closing our DataSync Pro tickets without actually resolving the issue.
2337,2026-09-03,Soylent Corp,SMB,DataSync Pro,performance,negative,"Dashboard loads take over 30 seconds in DataSync Pro, this is unacceptable for Soylent Corp's reporting needs."
2338,2025-11-11,Globex Inc,Enterprise,FlowPilot,support,negative,Support wait times for FlowPilot have gotten noticeably worse this quarter.
2339,2026-04-01,Soylent Corp,Startup,FlowPilot,performance,neutral,We're seeing frequent 500 errors in FlowPilot during peak hours.
2340,2026-01-14,Hooli,Enterprise,FlowPilot,bug,negative,Data sync between FlowPilot and our CRM has been dropping records intermittently.
2341,2026-05-12,Globex Inc,SMB,MetricHub,support,negative,Support wait times for MetricHub have gotten noticeably worse this quarter.
2342,2025-10-26,Wayne Analytics,SMB,MetricHub,praise,positive,MetricHub just works. Rock solid uptime and the Wayne Analytics team is very satisfied.
2343,2025-10-05,Soylent Corp,Startup,FlowPilot,performance,negative,"Dashboard loads take over 30 seconds in FlowPilot, this is unacceptable for Soylent Corp's reporting needs."
2344,2026-05-27,Cyberdyne Systems,Enterprise,InsightBoard,billing,negative,The invoice for InsightBoard doesn't match our contract pricing -- billing needs to fix this ASAP.
2345,2026-04-10,Massive Dynamic,Enterprise,FlowPilot,onboarding,neutral,New team members at Massive Dynamic find the FlowPilot admin console confusing at first.
2346,2025-09-20,Massive Dynamic,SMB,FlowPilot,billing,negative,We were double-charged for FlowPilot this month and support at Massive Dynamic has been slow to respond.
2347,2026-07-10,Stark Data Systems,SMB,FlowPilot,feature_request,neutral,It would help Stark Data Systems a lot if FlowPilot supported bulk export to Excel.
2348,2026-01-12,Soylent Corp,Enterprise,InsightBoard,praise,positive,"InsightBoard has completely streamlined reporting for Soylent Corp, couldn't be happier with the results."
2349,2026-07-02,Massive Dynamic,SMB,InsightBoard,bug,negative,Found a bug in InsightBoard where exported reports show the wrong currency symbol.
2350,2026-08-13,Wayne Analytics,Startup,DataSync Pro,onboarding,neutral,The onboarding docs for DataSync Pro are a bit outdated but our team at Wayne Analytics figured it out eventually.
2351,2025-11-24,Globex Inc,Enterprise,MetricHub,performance,negative,"MetricHub has been timing out constantly since the last update, our team at Globex Inc can't get work done."
2352,2026-02-15,Massive Dynamic,SMB,FlowPilot,performance,negative,We're seeing frequent 500 errors in FlowPilot during peak hours.
2353,2026-04-02,Umbrella Labs,Startup,MetricHub,feature_request,neutral,Any plans to add SSO support to MetricHub? We'd need that to expand usage at Umbrella Labs.
2354,2026-06-24,Wayne Analytics,Enterprise,DataSync Pro,billing,negative,The invoice for DataSync Pro doesn't match our contract pricing -- billing needs to fix this ASAP.
2355,2025-10-11,Hooli,Startup,MetricHub,feature_request,neutral,Would love to see a dark mode added to MetricHub in a future release.
2356,2025-09-06,Stark Data Systems,SMB,FlowPilot,feature_request,neutral,Any plans to add SSO support to FlowPilot? We'd need that to expand usage at Stark Data Systems.
2357,2026-09-07,Globex Inc,Enterprise,FlowPilot,feature_request,neutral,It would help Globex Inc a lot if FlowPilot supported bulk export to Excel.
2358,2026-05-28,Stark Data Systems,Startup,MetricHub,onboarding,neutral,"Setup for MetricHub took longer than expected, would be nice to have a clearer setup wizard."
2359,2026-04-07,Initech,Startup,InsightBoard,praise,positive,Support resolved our InsightBoard issue within the hour -- great experience overall.
2360,2026-05-22,Stark Data Systems,SMB,QuickReport,praise,positive,QuickReport just works. Rock solid uptime and the Stark Data Systems team is very satisfied.
2361,2026-01-09,Hooli,Startup,QuickReport,billing,negative,Getting a refund for the QuickReport overcharge took three weeks. Very frustrating billing process.
2362,2026-07-05,Umbrella Labs,SMB,DataSync Pro,billing,negative,The invoice for DataSync Pro doesn't match our contract pricing -- billing needs to fix this ASAP.
2363,2026-02-04,Massive Dynamic,Startup,MetricHub,support,negative,The support team at Massive Dynamic keeps closing our MetricHub tickets without actually resolving the issue.
2364,2025-10-20,Initech,Enterprise,InsightBoard,performance,negative,"InsightBoard has been timing out constantly since the last update, our team at Initech can't get work done."
2365,2026-03-21,Cyberdyne Systems,Startup,FlowPilot,support,negative,Support wait times for FlowPilot have gotten noticeably worse this quarter.
2366,2026-05-01,Soylent Corp,SMB,FlowPilot,onboarding,neutral,"Setup for FlowPilot took longer than expected, would be nice to have a clearer setup wizard."
2367,2025-11-15,Wayne Analytics,SMB,InsightBoard,support,negative,The support team at Wayne Analytics keeps closing our InsightBoard tickets without actually resolving the issue.
2368,2025-11-22,Umbrella Labs,Startup,MetricHub,praise,positive,MetricHub just works. Rock solid uptime and the Umbrella Labs team is very satisfied.
2369,2026-06-03,Hooli,Startup,DataSync Pro,bug,negative,DataSync Pro's new filter feature crashes the app when we select more than 5 tags.
2370,2025-12-24,Soylent Corp,Enterprise,InsightBoard,feature_request,neutral,It would help Soylent Corp a lot if InsightBoard supported bulk export to Excel.
2371,2026-04-22,Stark Data Systems,SMB,InsightBoard,onboarding,neutral,"Setup for InsightBoard took longer than expected, would be nice to have a clearer setup wizard."
2372,2025-11-20,Acme Corp,Startup,MetricHub,bug,negative,Found a bug in MetricHub where exported reports show the wrong currency symbol.
2373,2026-09-10,Hooli,Enterprise,FlowPilot,support,negative,Support wait times for FlowPilot have gotten noticeably worse this quarter.
2374,2026-05-05,Massive Dynamic,SMB,QuickReport,onboarding,neutral,New team members at Massive Dynamic find the QuickReport admin console confusing at first.
2375,2025-12-07,Globex Inc,SMB,DataSync Pro,bug,negative,Data sync between DataSync Pro and our CRM has been dropping records intermittently.
2376,2026-09-25,Stark Data Systems,Enterprise,QuickReport,billing,negative,Getting a refund for the QuickReport overcharge took three weeks. Very frustrating billing process.
2377,2026-09-07,Soylent Corp,SMB,FlowPilot,feature_request,neutral,It would help Soylent Corp a lot if FlowPilot supported bulk export to Excel.
2378,2026-07-04,Stark Data Systems,SMB,InsightBoard,bug,negative,Data sync between InsightBoard and our CRM has been dropping records intermittently.
2379,2026-05-13,Wayne Analytics,Startup,MetricHub,feature_request,neutral,Any plans to add SSO support to MetricHub? We'd need that to expand usage at Wayne Analytics.
2380,2026-04-06,Massive Dynamic,SMB,FlowPilot,performance,negative,"Dashboard loads take over 30 seconds in FlowPilot, this is unacceptable for Massive Dynamic's reporting needs."
2381,2026-05-27,Hooli,Enterprise,InsightBoard,praise,neutral,Support resolved our InsightBoard issue within the hour -- great experience overall.
2382,2026-06-21,Acme Corp,SMB,DataSync Pro,support,negative,The support team at Acme Corp keeps closing our DataSync Pro tickets without actually resolving the issue.
2383,2025-09-20,Hooli,Startup,QuickReport,bug,neutral,QuickReport's new filter feature crashes the app when we select more than 5 tags.
2384,2025-10-20,Cyberdyne Systems,Startup,MetricHub,performance,negative,"MetricHub has been timing out constantly since the last update, our team at Cyberdyne Systems can't get work done."
2385,2026-06-08,Hooli,SMB,DataSync Pro,onboarding,neutral,New team members at Hooli find the DataSync Pro admin console confusing at first.
2386,2025-09-24,Massive Dynamic,SMB,DataSync Pro,performance,negative,We're seeing frequent 500 errors in DataSync Pro during peak hours.
2387,2025-12-28,Hooli,Startup,MetricHub,onboarding,neutral,New team members at Hooli find the MetricHub admin console confusing at first.
2388,2026-04-23,Wayne Analytics,Enterprise,QuickReport,performance,negative,"Dashboard loads take over 30 seconds in QuickReport, this is unacceptable for Wayne Analytics's reporting needs."
2389,2025-09-07,Acme Corp,Enterprise,InsightBoard,performance,neutral,"Dashboard loads take over 30 seconds in InsightBoard, this is unacceptable for Acme Corp's reporting needs."
2390,2026-06-15,Massive Dynamic,Startup,QuickReport,onboarding,neutral,"Setup for QuickReport took longer than expected, would be nice to have a clearer setup wizard."
2391,2025-10-26,Massive Dynamic,Startup,MetricHub,performance,negative,"MetricHub has been timing out constantly since the last update, our team at Massive Dynamic can't get work done."
2392,2026-08-03,Acme Corp,SMB,QuickReport,onboarding,neutral,"Setup for QuickReport took longer than expected, would be nice to have a clearer setup wizard."
2393,2026-04-28,Initech,Startup,FlowPilot,billing,negative,Getting a refund for the FlowPilot overcharge took three weeks. Very frustrating billing process.
2394,2026-05-04,Hooli,Startup,InsightBoard,bug,neutral,Found a bug in InsightBoard where exported reports show the wrong currency symbol.
2395,2026-04-27,Soylent Corp,SMB,DataSync Pro,feature_request,neutral,Any plans to add SSO support to DataSync Pro? We'd need that to expand usage at Soylent Corp.
2396,2026-09-02,Stark Data Systems,Startup,FlowPilot,feature_request,neutral,Would love to see a dark mode added to FlowPilot in a future release.
2397,2026-09-04,Soylent Corp,SMB,FlowPilot,support,negative,The support team at Soylent Corp keeps closing our FlowPilot tickets without actually resolving the issue.
2398,2026-08-06,Stark Data Systems,Enterprise,MetricHub,billing,negative,We were double-charged for MetricHub this month and support at Stark Data Systems has been slow to respond.
2399,2026-09-16,Wayne Analytics,Enterprise,QuickReport,support,neutral,The support team at Wayne Analytics keeps closing our QuickReport tickets without actually resolving the issue.
2400,2026-08-03,Globex Inc,Startup,InsightBoard,performance,negative,"Dashboard loads take over 30 seconds in InsightBoard, this is unacceptable for Globex Inc's reporting needs."
