review_id,date,company,segment,product,category_true,sentiment_true,text,sentiment_pred,sentiment_confidence,n_entities,entity_types,key_phrase,category_inferred_from_keyphrase,topic_id
1,2025-12-05,Initech,Enterprise,InsightBoard,feature_request,neutral,Would love to see a dark mode added to InsightBoard in a future release.,neutral,0.834952071949089,1,ORG,a future release,unknown,4
2,2026-03-02,Soylent Corp,Startup,DataSync Pro,feature_request,neutral,Would love to see a dark mode added to DataSync Pro in a future release.,neutral,0.7402102656028492,1,PRODUCT,a future release,unknown,4
3,2026-06-01,Umbrella Labs,Startup,QuickReport,billing,neutral,We were double-charged for QuickReport this month and support at Umbrella Labs has been slow to respond.,negative,0.7297483567824096,3,"DATE,ORG",Umbrella Labs,unknown,6
4,2026-04-19,Soylent Corp,Enterprise,FlowPilot,onboarding,neutral,The onboarding docs for FlowPilot are a bit outdated but our team at Soylent Corp figured it out eventually.,neutral,0.7157892237803316,2,ORG,The onboarding docs,onboarding,0
5,2026-01-05,Acme Corp,SMB,FlowPilot,support,negative,Opened a ticket about FlowPilot five days ago and still no response from support.,negative,0.8021477738425319,2,"DATE,ORG",still no response,support,6
6,2025-10-12,Globex Inc,SMB,DataSync Pro,performance,negative,"Dashboard loads take over 30 seconds in DataSync Pro, this is unacceptable for Globex Inc's reporting needs.",negative,0.912366526094095,3,"PERSON,TIME",Globex Inc's reporting needs,unknown,3
7,2026-08-15,Cyberdyne Systems,Enterprise,InsightBoard,praise,positive,"The new InsightBoard update is fantastic, our team at Cyberdyne Systems loves the redesigned interface.",positive,0.9237891872277569,2,ORG,The new InsightBoard update,unknown,7
8,2026-01-27,Hooli,Startup,DataSync Pro,onboarding,neutral,The onboarding docs for DataSync Pro are a bit outdated but our team at Hooli figured it out eventually.,neutral,0.8286237228997907,1,PERSON,The onboarding docs,onboarding,0
9,2026-08-03,Wayne Analytics,Enterprise,MetricHub,feature_request,neutral,Any plans to add SSO support to MetricHub? We'd need that to expand usage at Wayne Analytics.,neutral,0.9157644331180924,3,ORG,Wayne Analytics,unknown,2
10,2025-12-28,Umbrella Labs,Enterprise,InsightBoard,billing,negative,Getting a refund for the InsightBoard overcharge took three weeks. Very frustrating billing process.,negative,0.8123642772218876,2,"DATE,ORG",Very frustrating billing process,billing,3
11,2026-02-06,Stark Data Systems,Startup,FlowPilot,billing,negative,The invoice for FlowPilot doesn't match our contract pricing -- billing needs to fix this ASAP.,negative,0.8332377145867494,2,ORG,our contract pricing,billing,3
12,2026-07-21,Umbrella Labs,Startup,InsightBoard,support,negative,The support team at Umbrella Labs keeps closing our InsightBoard tickets without actually resolving the issue.,negative,0.8378841443333109,2,ORG,our InsightBoard tickets,support,6
13,2025-12-06,Acme Corp,Startup,MetricHub,billing,negative,Getting a refund for the MetricHub overcharge took three weeks. Very frustrating billing process.,negative,0.8401558883569069,2,"DATE,ORG",Very frustrating billing process,billing,3
14,2026-07-11,Stark Data Systems,Enterprise,MetricHub,bug,negative,MetricHub's new filter feature crashes the app when we select more than 5 tags.,negative,0.8796970943181684,2,"CARDINAL,ORG",MetricHub's new filter feature,unknown,5
15,2026-03-09,Umbrella Labs,SMB,DataSync Pro,praise,positive,"DataSync Pro has completely streamlined reporting for Umbrella Labs, couldn't be happier with the results.",positive,0.9005874066403431,1,ORG,Umbrella Labs,unknown,3
16,2026-07-16,Cyberdyne Systems,Enterprise,InsightBoard,billing,negative,We were double-charged for InsightBoard this month and support at Cyberdyne Systems has been slow to respond.,negative,0.8436100733467052,3,"DATE,ORG",Cyberdyne Systems,unknown,6
17,2025-11-08,Massive Dynamic,SMB,QuickReport,bug,negative,Data sync between QuickReport and our CRM has been dropping records intermittently.,negative,0.7272511563133593,2,"ORG,PRODUCT",Data sync,bug,0
18,2026-06-14,Soylent Corp,Startup,InsightBoard,feature_request,neutral,Any plans to add SSO support to InsightBoard? We'd need that to expand usage at Soylent Corp.,neutral,0.8139366264085456,3,ORG,Soylent Corp.,unknown,2
19,2026-05-16,Wayne Analytics,Enterprise,QuickReport,onboarding,neutral,"Setup for QuickReport took longer than expected, would be nice to have a clearer setup wizard.",neutral,0.8864772034004458,1,ORG,a clearer setup wizard,onboarding,3
20,2025-11-26,Globex Inc,Startup,QuickReport,billing,negative,We were double-charged for QuickReport this month and support at Globex Inc has been slow to respond.,negative,0.8255419744589918,3,"DATE,FAC,ORG",Globex Inc,unknown,6
21,2026-03-20,Cyberdyne Systems,SMB,DataSync Pro,feature_request,neutral,It would help Cyberdyne Systems a lot if DataSync Pro supported bulk export to Excel.,neutral,0.833029093579624,2,"ORG,PRODUCT",Cyberdyne Systems,unknown,7
22,2026-07-24,Stark Data Systems,Enterprise,MetricHub,bug,negative,Data sync between MetricHub and our CRM has been dropping records intermittently.,negative,0.7886467024435281,2,"ORG,PRODUCT",Data sync,bug,0
23,2026-02-04,Soylent Corp,Startup,InsightBoard,billing,negative,Getting a refund for the InsightBoard overcharge took three weeks. Very frustrating billing process.,negative,0.8123642772218876,2,"DATE,ORG",Very frustrating billing process,billing,3
24,2026-08-24,Acme Corp,Enterprise,FlowPilot,support,neutral,The support team at Acme Corp keeps closing our FlowPilot tickets without actually resolving the issue.,negative,0.8023899527667777,2,ORG,our FlowPilot tickets,support,6
25,2026-07-10,Acme Corp,Enterprise,MetricHub,support,negative,Support wait times for MetricHub have gotten noticeably worse this quarter.,negative,0.7896377312304317,2,"DATE,ORG",Support,support,6
26,2026-05-25,Acme Corp,Enterprise,InsightBoard,praise,positive,Support resolved our InsightBoard issue within the hour -- great experience overall.,positive,0.9114717590129222,2,"ORG,TIME",our InsightBoard issue,unknown,6
27,2025-09-04,Cyberdyne Systems,SMB,InsightBoard,onboarding,positive,The onboarding docs for InsightBoard are a bit outdated but our team at Cyberdyne Systems figured it out eventually.,neutral,0.6428683280383296,2,ORG,The onboarding docs,onboarding,0
28,2026-06-03,Umbrella Labs,Enterprise,DataSync Pro,support,negative,The support team at Umbrella Labs keeps closing our DataSync Pro tickets without actually resolving the issue.,negative,0.8834678424997133,2,ORG,our DataSync Pro tickets,support,6
29,2026-09-05,Massive Dynamic,Startup,DataSync Pro,billing,negative,Getting a refund for the DataSync Pro overcharge took three weeks. Very frustrating billing process.,negative,0.7815169718618963,2,"DATE,ORG",Very frustrating billing process,billing,3
30,2026-01-17,Massive Dynamic,Enterprise,MetricHub,performance,negative,We're seeing frequent 500 errors in MetricHub during peak hours.,negative,0.8753164810198771,2,"CARDINAL,ORG",frequent 500 errors,performance,7
31,2026-08-07,Umbrella Labs,Startup,MetricHub,praise,positive,MetricHub just works. Rock solid uptime and the Umbrella Labs team is very satisfied.,positive,0.9075434131022753,2,ORG,the Umbrella Labs team,unknown,0
32,2026-05-15,Hooli,SMB,InsightBoard,feature_request,neutral,It would help Hooli a lot if InsightBoard supported bulk export to Excel.,neutral,0.8785913310547806,3,"ORG,PERSON,PRODUCT",bulk export,bug,7
33,2025-09-19,Umbrella Labs,SMB,DataSync Pro,billing,negative,We were double-charged for DataSync Pro this month and support at Umbrella Labs has been slow to respond.,negative,0.7232263923458895,2,"DATE,ORG",Umbrella Labs,unknown,6
34,2025-10-23,Cyberdyne Systems,Enterprise,QuickReport,onboarding,neutral,The onboarding docs for QuickReport are a bit outdated but our team at Cyberdyne Systems figured it out eventually.,neutral,0.7429532244515146,2,ORG,The onboarding docs,onboarding,0
35,2026-02-03,Umbrella Labs,Enterprise,DataSync Pro,feature_request,neutral,Would love to see a dark mode added to DataSync Pro in a future release.,neutral,0.7402102656028492,1,PRODUCT,a future release,unknown,4
36,2026-05-05,Stark Data Systems,Enterprise,FlowPilot,onboarding,neutral,The onboarding docs for FlowPilot are a bit outdated but our team at Stark Data Systems figured it out eventually.,neutral,0.7104294588028288,2,ORG,The onboarding docs,onboarding,0
37,2026-09-16,Cyberdyne Systems,Enterprise,FlowPilot,feature_request,neutral,Any plans to add SSO support to FlowPilot? We'd need that to expand usage at Cyberdyne Systems.,neutral,0.7577210803973694,3,ORG,Cyberdyne Systems,unknown,2
38,2026-07-14,Umbrella Labs,Enterprise,DataSync Pro,praise,positive,DataSync Pro just works. Rock solid uptime and the Umbrella Labs team is very satisfied.,positive,0.8765134409424232,1,ORG,the Umbrella Labs team,unknown,0
39,2025-09-22,Hooli,Startup,FlowPilot,support,negative,The support team at Hooli keeps closing our FlowPilot tickets without actually resolving the issue.,negative,0.849096671934091,2,"GPE,ORG",our FlowPilot tickets,support,6
40,2026-08-11,Globex Inc,SMB,DataSync Pro,feature_request,positive,Any plans to add SSO support to DataSync Pro? We'd need that to expand usage at Globex Inc.,neutral,0.5973899004717605,2,ORG,DataSync Pro,bug,2
41,2026-05-15,Umbrella Labs,Enterprise,QuickReport,praise,positive,"QuickReport has completely streamlined reporting for Umbrella Labs, couldn't be happier with the results.",positive,0.9058537192410805,2,ORG,Umbrella Labs,unknown,3
42,2025-12-28,Acme Corp,SMB,InsightBoard,performance,negative,"Dashboard loads take over 30 seconds in InsightBoard, this is unacceptable for Acme Corp's reporting needs.",negative,0.7740585126280008,4,"ORG,PERSON,TIME",Acme Corp's reporting needs,unknown,3
43,2026-07-18,Soylent Corp,Enterprise,DataSync Pro,billing,negative,The invoice for DataSync Pro doesn't match our contract pricing -- billing needs to fix this ASAP.,negative,0.8724593560081184,1,ORG,our contract pricing,billing,3
44,2026-03-16,Globex Inc,Enterprise,QuickReport,praise,positive,"QuickReport has completely streamlined reporting for Globex Inc, couldn't be happier with the results.",positive,0.9244941623594598,2,"ORG,PERSON",the results,unknown,3
45,2026-03-01,Hooli,Enterprise,DataSync Pro,bug,negative,Found a bug in DataSync Pro where exported reports show the wrong currency symbol.,negative,0.8318813149023164,0,,the wrong currency symbol,unknown,7
46,2026-08-24,Massive Dynamic,SMB,InsightBoard,bug,negative,InsightBoard's new filter feature crashes the app when we select more than 5 tags.,negative,0.8749854429887887,2,"CARDINAL,ORG",InsightBoard's new filter feature,unknown,5
47,2025-12-02,Acme Corp,SMB,QuickReport,praise,positive,QuickReport just works. Rock solid uptime and the Acme Corp team is very satisfied.,positive,0.8453363509212668,2,ORG,the Acme Corp team,unknown,0
48,2026-02-02,Soylent Corp,Startup,DataSync Pro,onboarding,neutral,New team members at Soylent Corp find the DataSync Pro admin console confusing at first.,neutral,0.7956027373814739,3,"ORDINAL,ORG",the DataSync Pro admin console,bug,1
49,2025-11-02,Massive Dynamic,Startup,MetricHub,billing,negative,Getting a refund for the MetricHub overcharge took three weeks. Very frustrating billing process.,negative,0.8401558883569069,2,"DATE,ORG",Very frustrating billing process,billing,3
50,2025-10-22,Acme Corp,Startup,DataSync Pro,onboarding,positive,The onboarding docs for DataSync Pro are a bit outdated but our team at Acme Corp figured it out eventually.,neutral,0.7052219635916925,1,ORG,The onboarding docs,onboarding,0
51,2025-12-19,Hooli,Startup,DataSync Pro,praise,positive,Support resolved our DataSync Pro issue within the hour -- great experience overall.,positive,0.9274944164591788,2,"ORG,TIME",our DataSync Pro issue,bug,6
52,2026-07-19,Cyberdyne Systems,SMB,DataSync Pro,onboarding,neutral,The onboarding docs for DataSync Pro are a bit outdated but our team at Cyberdyne Systems figured it out eventually.,neutral,0.7963412593857594,1,ORG,The onboarding docs,onboarding,0
53,2026-07-23,Wayne Analytics,Enterprise,InsightBoard,onboarding,neutral,New team members at Wayne Analytics find the InsightBoard admin console confusing at first.,neutral,0.9060024499381375,3,"ORDINAL,ORG",the InsightBoard admin console,onboarding,1
54,2026-07-21,Stark Data Systems,Enterprise,FlowPilot,support,negative,Opened a ticket about FlowPilot five days ago and still no response from support.,negative,0.8021477738425319,2,"DATE,ORG",still no response,support,6
55,2026-04-20,Wayne Analytics,Enterprise,DataSync Pro,support,negative,The support team at Wayne Analytics keeps closing our DataSync Pro tickets without actually resolving the issue.,negative,0.8540107766297883,2,ORG,our DataSync Pro tickets,support,6
56,2026-05-09,Globex Inc,Enterprise,MetricHub,onboarding,neutral,The onboarding docs for MetricHub are a bit outdated but our team at Globex Inc figured it out eventually.,neutral,0.7339632085525053,2,"FAC,ORG",The onboarding docs,onboarding,0
57,2026-01-06,Globex Inc,SMB,QuickReport,performance,negative,"Dashboard loads take over 30 seconds in QuickReport, this is unacceptable for Globex Inc's reporting needs.",negative,0.8822737574324034,4,"ORG,PERSON,TIME",Globex Inc's reporting needs,unknown,3
58,2026-05-01,Stark Data Systems,Startup,MetricHub,bug,negative,Data sync between MetricHub and our CRM has been dropping records intermittently.,negative,0.7886467024435281,2,"ORG,PRODUCT",Data sync,bug,0
59,2026-01-04,Stark Data Systems,Enterprise,DataSync Pro,feature_request,positive,Any plans to add SSO support to DataSync Pro? We'd need that to expand usage at Stark Data Systems.,neutral,0.6475526835717033,2,ORG,Stark Data Systems,unknown,2
60,2026-01-20,Soylent Corp,SMB,QuickReport,billing,negative,Getting a refund for the QuickReport overcharge took three weeks. Very frustrating billing process.,negative,0.8895528677098382,2,"DATE,ORG",Very frustrating billing process,billing,3
61,2026-07-28,Wayne Analytics,Startup,QuickReport,performance,negative,We're seeing frequent 500 errors in QuickReport during peak hours.,negative,0.8595937072106011,2,"CARDINAL,ORG",frequent 500 errors,performance,7
62,2025-10-21,Massive Dynamic,Enterprise,InsightBoard,support,negative,Support wait times for InsightBoard have gotten noticeably worse this quarter.,negative,0.7973506347562989,2,"DATE,ORG",Support,support,6
63,2026-09-05,Initech,SMB,DataSync Pro,bug,negative,DataSync Pro's new filter feature crashes the app when we select more than 5 tags.,negative,0.9016175535663691,1,CARDINAL,DataSync Pro's new filter feature,bug,5
64,2026-08-14,Acme Corp,Startup,FlowPilot,feature_request,neutral,It would help Acme Corp a lot if FlowPilot supported bulk export to Excel.,neutral,0.9191847167324061,3,"ORG,PRODUCT",bulk export,bug,7
65,2025-11-18,Globex Inc,Startup,DataSync Pro,onboarding,neutral,The onboarding docs for DataSync Pro are a bit outdated but our team at Globex Inc figured it out eventually.,neutral,0.8290516109496817,1,FAC,The onboarding docs,onboarding,0
66,2026-03-05,Cyberdyne Systems,Enterprise,MetricHub,billing,negative,The invoice for MetricHub doesn't match our contract pricing -- billing needs to fix this ASAP.,negative,0.7850364647255685,2,ORG,our contract pricing,billing,3
67,2025-12-22,Wayne Analytics,SMB,DataSync Pro,billing,negative,The invoice for DataSync Pro doesn't match our contract pricing -- billing needs to fix this ASAP.,negative,0.8724593560081184,1,ORG,our contract pricing,billing,3
68,2026-03-20,Globex Inc,Startup,InsightBoard,performance,negative,We're seeing frequent 500 errors in InsightBoard during peak hours.,negative,0.6515610966645977,2,"CARDINAL,ORG",frequent 500 errors,performance,7
69,2026-03-01,Umbrella Labs,Enterprise,QuickReport,feature_request,neutral,Would love to see a dark mode added to QuickReport in a future release.,neutral,0.7180881484446326,1,ORG,a future release,unknown,4
70,2026-08-26,Wayne Analytics,Startup,FlowPilot,performance,negative,We're seeing frequent 500 errors in FlowPilot during peak hours.,negative,0.8245280845059025,2,"CARDINAL,ORG",frequent 500 errors,performance,7
71,2025-09-28,Acme Corp,SMB,DataSync Pro,performance,negative,"Dashboard loads take over 30 seconds in DataSync Pro, this is unacceptable for Acme Corp's reporting needs.",negative,0.8970771602447922,3,"ORG,PERSON,TIME",Acme Corp's reporting needs,unknown,3
72,2026-01-27,Umbrella Labs,SMB,FlowPilot,bug,negative,Found a bug in FlowPilot where exported reports show the wrong currency symbol.,negative,0.8755854364546795,1,ORG,the wrong currency symbol,unknown,7
73,2025-12-13,Umbrella Labs,Startup,DataSync Pro,praise,positive,Support resolved our DataSync Pro issue within the hour -- great experience overall.,positive,0.9274944164591788,2,"ORG,TIME",our DataSync Pro issue,bug,6
74,2026-07-17,Globex Inc,SMB,InsightBoard,support,negative,The support team at Globex Inc keeps closing our InsightBoard tickets without actually resolving the issue.,negative,0.8629609340905516,2,"FAC,ORG",our InsightBoard tickets,support,6
75,2025-10-09,Soylent Corp,Enterprise,InsightBoard,bug,negative,Data sync between InsightBoard and our CRM has been dropping records intermittently.,negative,0.784861856413665,2,"ORG,PRODUCT",Data sync,bug,0
76,2026-06-14,Stark Data Systems,Enterprise,DataSync Pro,performance,negative,We're seeing frequent 500 errors in DataSync Pro during peak hours.,negative,0.8848384183212116,2,"CARDINAL,ORG",frequent 500 errors,performance,7
77,2026-05-04,Wayne Analytics,Startup,FlowPilot,support,negative,Support wait times for FlowPilot have gotten noticeably worse this quarter.,negative,0.8773696561949629,2,"DATE,ORG",Support,support,6
78,2026-08-14,Umbrella Labs,Enterprise,InsightBoard,bug,negative,Data sync between InsightBoard and our CRM has been dropping records intermittently.,negative,0.784861856413665,2,"ORG,PRODUCT",Data sync,bug,0
79,2026-03-03,Soylent Corp,SMB,QuickReport,billing,negative,Getting a refund for the QuickReport overcharge took three weeks. Very frustrating billing process.,negative,0.8895528677098382,2,"DATE,ORG",Very frustrating billing process,billing,3
80,2025-10-24,Cyberdyne Systems,Startup,InsightBoard,feature_request,positive,It would help Cyberdyne Systems a lot if InsightBoard supported bulk export to Excel.,neutral,0.7783835244896699,3,"ORG,PRODUCT",Cyberdyne Systems,unknown,7
81,2026-03-23,Stark Data Systems,SMB,FlowPilot,support,negative,Support wait times for FlowPilot have gotten noticeably worse this quarter.,negative,0.8773696561949629,2,"DATE,ORG",Support,support,6
82,2026-07-13,Acme Corp,SMB,QuickReport,support,negative,Support wait times for QuickReport have gotten noticeably worse this quarter.,negative,0.8542249179194534,2,"DATE,ORG",Support,support,6
83,2026-01-13,Acme Corp,Startup,MetricHub,feature_request,neutral,Any plans to add SSO support to MetricHub? We'd need that to expand usage at Acme Corp.,neutral,0.9287481548303254,3,ORG,SSO support,support,2
84,2026-03-26,Stark Data Systems,Enterprise,InsightBoard,onboarding,neutral,The onboarding docs for InsightBoard are a bit outdated but our team at Stark Data Systems figured it out eventually.,neutral,0.5581583659569962,2,ORG,The onboarding docs,onboarding,0
85,2026-04-22,Wayne Analytics,SMB,FlowPilot,onboarding,neutral,New team members at Wayne Analytics find the FlowPilot admin console confusing at first.,neutral,0.8682165528956698,3,"ORDINAL,ORG",the FlowPilot admin console,onboarding,1
86,2025-10-10,Massive Dynamic,Startup,QuickReport,performance,negative,We're seeing frequent 500 errors in QuickReport during peak hours.,negative,0.8595937072106011,2,"CARDINAL,ORG",frequent 500 errors,performance,7
87,2026-09-08,Cyberdyne Systems,Enterprise,InsightBoard,onboarding,neutral,New team members at Cyberdyne Systems find the InsightBoard admin console confusing at first.,neutral,0.8924317970069859,3,"ORDINAL,ORG",the InsightBoard admin console,onboarding,1
88,2025-09-02,Umbrella Labs,Enterprise,QuickReport,feature_request,neutral,It would help Umbrella Labs a lot if QuickReport supported bulk export to Excel.,neutral,0.8189348812776748,3,"ORG,PRODUCT",Umbrella Labs,unknown,7
89,2026-03-21,Cyberdyne Systems,SMB,DataSync Pro,performance,negative,"Dashboard loads take over 30 seconds in DataSync Pro, this is unacceptable for Cyberdyne Systems's reporting needs.",negative,0.9190161398464438,3,"ORG,PERSON,TIME",Cyberdyne Systems's reporting needs,unknown,3
90,2025-12-05,Hooli,SMB,FlowPilot,onboarding,neutral,The onboarding docs for FlowPilot are a bit outdated but our team at Hooli figured it out eventually.,neutral,0.8138016885204851,2,"ORG,PERSON",The onboarding docs,onboarding,0
91,2025-12-06,Initech,SMB,DataSync Pro,feature_request,neutral,Any plans to add SSO support to DataSync Pro? We'd need that to expand usage at Initech.,neutral,0.6824908441888541,2,ORG,DataSync Pro,bug,2
92,2025-10-15,Initech,Enterprise,MetricHub,praise,positive,MetricHub just works. Rock solid uptime and the Initech team is very satisfied.,positive,0.9396041377460348,2,"NORP,ORG",Rock solid uptime,praise,0
93,2026-02-25,Soylent Corp,Startup,MetricHub,performance,negative,"Dashboard loads take over 30 seconds in MetricHub, this is unacceptable for Soylent Corp's reporting needs.",negative,0.848138853160478,4,"ORG,PERSON,TIME",Soylent Corp's reporting needs,unknown,3
94,2026-04-06,Soylent Corp,Startup,FlowPilot,bug,negative,Data sync between FlowPilot and our CRM has been dropping records intermittently.,negative,0.7266052827531411,2,"ORG,PRODUCT",Data sync,bug,0
95,2026-07-09,Massive Dynamic,Enterprise,InsightBoard,feature_request,neutral,It would help Massive Dynamic a lot if InsightBoard supported bulk export to Excel.,neutral,0.6637235040830592,3,"ORG,PERSON,PRODUCT",Massive Dynamic,unknown,7
96,2025-10-23,Umbrella Labs,SMB,InsightBoard,praise,positive,InsightBoard just works. Rock solid uptime and the Umbrella Labs team is very satisfied.,positive,0.9001118959152257,2,ORG,the Umbrella Labs team,unknown,0
97,2026-05-03,Stark Data Systems,SMB,InsightBoard,support,neutral,Opened a ticket about InsightBoard five days ago and still no response from support.,negative,0.7276515661837327,2,"DATE,ORG",still no response,support,6
98,2025-11-23,Umbrella Labs,Startup,FlowPilot,performance,negative,"FlowPilot has been timing out constantly since the last update, our team at Umbrella Labs can't get work done.",negative,0.8798722495048095,2,ORG,the last update,unknown,7
99,2026-05-15,Hooli,SMB,FlowPilot,performance,negative,"FlowPilot has been timing out constantly since the last update, our team at Hooli can't get work done.",negative,0.8937812778196179,2,"GPE,ORG",the last update,unknown,7
100,2026-09-19,Umbrella Labs,SMB,FlowPilot,bug,negative,Found a bug in FlowPilot where exported reports show the wrong currency symbol.,negative,0.8755854364546795,1,ORG,the wrong currency symbol,unknown,7
101,2025-09-12,Cyberdyne Systems,SMB,FlowPilot,feature_request,neutral,Would love to see a dark mode added to FlowPilot in a future release.,neutral,0.7772544021112159,1,ORG,a future release,unknown,4
102,2026-08-18,Hooli,Startup,MetricHub,support,negative,The support team at Hooli keeps closing our MetricHub tickets without actually resolving the issue.,negative,0.8053886930745017,2,"GPE,ORG",our MetricHub tickets,support,6
103,2026-03-16,Massive Dynamic,SMB,QuickReport,praise,positive,Support resolved our QuickReport issue within the hour -- great experience overall.,positive,0.9475530199403878,2,"ORG,TIME",our QuickReport issue,unknown,6
104,2025-11-27,Wayne Analytics,Startup,FlowPilot,billing,negative,The invoice for FlowPilot doesn't match our contract pricing -- billing needs to fix this ASAP.,negative,0.8332377145867494,2,ORG,our contract pricing,billing,3
105,2026-03-19,Cyberdyne Systems,Enterprise,MetricHub,bug,negative,Found a bug in MetricHub where exported reports show the wrong currency symbol.,negative,0.8149342942734071,1,ORG,the wrong currency symbol,unknown,7
106,2026-03-05,Initech,Startup,DataSync Pro,onboarding,neutral,New team members at Initech find the DataSync Pro admin console confusing at first.,neutral,0.6289848512990179,3,"ORDINAL,ORG",the DataSync Pro admin console,bug,1
107,2026-03-11,Acme Corp,SMB,DataSync Pro,praise,neutral,DataSync Pro just works. Rock solid uptime and the Acme Corp team is very satisfied.,positive,0.8539071596597401,1,ORG,the Acme Corp team,unknown,0
108,2026-01-25,Wayne Analytics,SMB,InsightBoard,performance,negative,"Dashboard loads take over 30 seconds in InsightBoard, this is unacceptable for Wayne Analytics's reporting needs.",negative,0.6778589105553032,4,"ORG,PERSON,TIME",Wayne Analytics's reporting needs,unknown,3
109,2025-09-24,Stark Data Systems,SMB,DataSync Pro,praise,positive,DataSync Pro just works. Rock solid uptime and the Stark Data Systems team is very satisfied.,positive,0.9269211177945973,1,ORG,the Stark Data Systems team,unknown,0
110,2025-10-25,Wayne Analytics,Startup,QuickReport,onboarding,neutral,The onboarding docs for QuickReport are a bit outdated but our team at Wayne Analytics figured it out eventually.,neutral,0.680099450996782,2,ORG,The onboarding docs,onboarding,0
111,2025-09-20,Initech,Enterprise,QuickReport,feature_request,neutral,Would love to see a dark mode added to QuickReport in a future release.,neutral,0.7180881484446326,1,ORG,a future release,unknown,4
112,2025-10-19,Acme Corp,Startup,FlowPilot,performance,negative,"FlowPilot has been timing out constantly since the last update, our team at Acme Corp can't get work done.",negative,0.8517443850847379,2,ORG,the last update,unknown,7
113,2026-06-20,Stark Data Systems,Enterprise,InsightBoard,performance,negative,"Dashboard loads take over 30 seconds in InsightBoard, this is unacceptable for Stark Data Systems's reporting needs.",negative,0.7816278025088613,4,"ORG,PERSON,TIME",Stark Data Systems's reporting needs,unknown,3
114,2025-10-19,Globex Inc,SMB,QuickReport,feature_request,neutral,Any plans to add SSO support to QuickReport? We'd need that to expand usage at Globex Inc.,neutral,0.590117210257775,3,ORG,SSO support,support,2
115,2026-08-07,Cyberdyne Systems,SMB,FlowPilot,billing,neutral,The invoice for FlowPilot doesn't match our contract pricing -- billing needs to fix this ASAP.,negative,0.8332377145867494,2,ORG,our contract pricing,billing,3
116,2026-09-10,Umbrella Labs,Startup,DataSync Pro,billing,negative,Getting a refund for the DataSync Pro overcharge took three weeks. Very frustrating billing process.,negative,0.7815169718618963,2,"DATE,ORG",Very frustrating billing process,billing,3
117,2026-05-14,Cyberdyne Systems,SMB,DataSync Pro,praise,positive,"DataSync Pro has completely streamlined reporting for Cyberdyne Systems, couldn't be happier with the results.",positive,0.9297712062608349,1,ORG,Cyberdyne Systems,unknown,3
118,2026-02-01,Globex Inc,Startup,MetricHub,feature_request,neutral,It would help Globex Inc a lot if MetricHub supported bulk export to Excel.,neutral,0.9081871290716966,3,"ORG,PERSON,PRODUCT",bulk export,bug,7
119,2026-02-21,Massive Dynamic,SMB,DataSync Pro,praise,positive,DataSync Pro just works. Rock solid uptime and the Massive Dynamic team is very satisfied.,positive,0.7812258336113174,1,ORG,the Massive Dynamic team,unknown,0
120,2026-08-17,Acme Corp,Enterprise,FlowPilot,praise,positive,FlowPilot just works. Rock solid uptime and the Acme Corp team is very satisfied.,positive,0.8859361822023034,2,ORG,the Acme Corp team,unknown,0
121,2026-04-14,Cyberdyne Systems,SMB,MetricHub,feature_request,neutral,It would help Cyberdyne Systems a lot if MetricHub supported bulk export to Excel.,neutral,0.8462670963772859,3,"ORG,PRODUCT",Cyberdyne Systems,unknown,7
122,2026-01-15,Wayne Analytics,Enterprise,QuickReport,praise,positive,"The new QuickReport update is fantastic, our team at Wayne Analytics loves the redesigned interface.",positive,0.9047071003329856,2,ORG,The new QuickReport update,unknown,7
123,2026-03-11,Cyberdyne Systems,Startup,MetricHub,performance,negative,"Dashboard loads take over 30 seconds in MetricHub, this is unacceptable for Cyberdyne Systems's reporting needs.",negative,0.869624459429106,4,"ORG,PERSON,TIME",Cyberdyne Systems's reporting needs,unknown,3
124,2025-12-12,Wayne Analytics,SMB,QuickReport,billing,negative,The invoice for QuickReport doesn't match our contract pricing -- billing needs to fix this ASAP.,negative,0.8224288397930526,2,ORG,our contract pricing,billing,3
125,2026-08-09,Wayne Analytics,Startup,InsightBoard,praise,positive,"The new InsightBoard update is fantastic, our team at Wayne Analytics loves the redesigned interface.",positive,0.9292413161999584,2,ORG,The new InsightBoard update,unknown,7
126,2025-12-24,Soylent Corp,Enterprise,QuickReport,onboarding,neutral,The onboarding docs for QuickReport are a bit outdated but our team at Soylent Corp figured it out eventually.,neutral,0.6711820400177616,2,ORG,The onboarding docs,onboarding,0
127,2026-04-21,Soylent Corp,Startup,QuickReport,bug,negative,QuickReport's new filter feature crashes the app when we select more than 5 tags.,negative,0.8387219356211374,2,"CARDINAL,ORG",QuickReport's new filter feature,unknown,5
128,2026-01-08,Massive Dynamic,Enterprise,DataSync Pro,feature_request,neutral,It would help Massive Dynamic a lot if DataSync Pro supported bulk export to Excel.,neutral,0.7438103898790439,2,"PERSON,PRODUCT",Massive Dynamic,unknown,7
129,2026-06-12,Umbrella Labs,Startup,InsightBoard,bug,negative,Data sync between InsightBoard and our CRM has been dropping records intermittently.,negative,0.784861856413665,2,"ORG,PRODUCT",Data sync,bug,0
130,2026-08-18,Soylent Corp,SMB,InsightBoard,bug,negative,Data sync between InsightBoard and our CRM has been dropping records intermittently.,negative,0.784861856413665,2,"ORG,PRODUCT",Data sync,bug,0
131,2026-01-08,Massive Dynamic,SMB,InsightBoard,support,negative,The support team at Massive Dynamic keeps closing our InsightBoard tickets without actually resolving the issue.,negative,0.8111193265327666,2,ORG,our InsightBoard tickets,support,6
132,2026-08-18,Umbrella Labs,Enterprise,InsightBoard,billing,negative,Getting a refund for the InsightBoard overcharge took three weeks. Very frustrating billing process.,negative,0.8123642772218876,2,"DATE,ORG",Very frustrating billing process,billing,3
133,2026-04-09,Umbrella Labs,Startup,QuickReport,praise,positive,Support resolved our QuickReport issue within the hour -- great experience overall.,positive,0.9475530199403878,2,"ORG,TIME",our QuickReport issue,unknown,6
134,2025-10-27,Soylent Corp,SMB,MetricHub,feature_request,neutral,Any plans to add SSO support to MetricHub? We'd need that to expand usage at Soylent Corp.,neutral,0.8702963035969542,3,ORG,Soylent Corp.,unknown,2
135,2026-01-01,Umbrella Labs,Enterprise,InsightBoard,performance,neutral,"Dashboard loads take over 30 seconds in InsightBoard, this is unacceptable for Umbrella Labs's reporting needs.",negative,0.7562406849878212,4,"ORG,PERSON,TIME",Umbrella Labs's reporting needs,unknown,3
136,2025-09-18,Acme Corp,Enterprise,InsightBoard,feature_request,neutral,Any plans to add SSO support to InsightBoard? We'd need that to expand usage at Acme Corp.,neutral,0.8956702139182396,3,ORG,SSO support,support,2
137,2025-09-19,Acme Corp,Enterprise,FlowPilot,support,negative,Support wait times for FlowPilot have gotten noticeably worse this quarter.,negative,0.8773696561949629,2,"DATE,ORG",Support,support,6
138,2025-11-02,Massive Dynamic,SMB,FlowPilot,support,negative,The support team at Massive Dynamic keeps closing our FlowPilot tickets without actually resolving the issue.,negative,0.8034397275818714,2,ORG,our FlowPilot tickets,support,6
139,2026-04-03,Globex Inc,SMB,DataSync Pro,support,negative,The support team at Globex Inc keeps closing our DataSync Pro tickets without actually resolving the issue.,negative,0.9046585756860582,2,"FAC,ORG",our DataSync Pro tickets,support,6
140,2026-09-19,Initech,Enterprise,QuickReport,onboarding,neutral,New team members at Initech find the QuickReport admin console confusing at first.,neutral,0.8597359123684755,3,"ORDINAL,ORG",the QuickReport admin console,onboarding,1
141,2026-09-14,Umbrella Labs,Startup,DataSync Pro,support,negative,Opened a ticket about DataSync Pro five days ago and still no response from support.,negative,0.7940451734504377,2,"DATE,PRODUCT",still no response,support,6
142,2026-03-15,Cyberdyne Systems,Startup,QuickReport,onboarding,neutral,New team members at Cyberdyne Systems find the QuickReport admin console confusing at first.,neutral,0.8943690941377446,3,"ORDINAL,ORG",the QuickReport admin console,onboarding,1
143,2026-06-20,Cyberdyne Systems,SMB,FlowPilot,bug,negative,FlowPilot's new filter feature crashes the app when we select more than 5 tags.,negative,0.8849345975804095,2,"CARDINAL,ORG",FlowPilot's new filter feature,unknown,5
144,2025-12-09,Globex Inc,Startup,QuickReport,billing,negative,Getting a refund for the QuickReport overcharge took three weeks. Very frustrating billing process.,negative,0.8895528677098382,2,"DATE,ORG",Very frustrating billing process,billing,3
145,2026-05-03,Acme Corp,Enterprise,QuickReport,feature_request,neutral,Would love to see a dark mode added to QuickReport in a future release.,neutral,0.7180881484446326,1,ORG,a future release,unknown,4
146,2026-06-16,Hooli,Startup,FlowPilot,performance,negative,"FlowPilot has been timing out constantly since the last update, our team at Hooli can't get work done.",negative,0.8937812778196179,2,"GPE,ORG",the last update,unknown,7
147,2026-01-23,Umbrella Labs,Startup,InsightBoard,support,neutral,Opened a ticket about InsightBoard five days ago and still no response from support.,negative,0.7276515661837327,2,"DATE,ORG",still no response,support,6
148,2026-09-26,Globex Inc,SMB,QuickReport,praise,positive,QuickReport just works. Rock solid uptime and the Globex Inc team is very satisfied.,positive,0.9084803747080986,1,ORG,the Globex Inc team,unknown,0
149,2026-05-08,Umbrella Labs,Enterprise,FlowPilot,feature_request,neutral,Any plans to add SSO support to FlowPilot? We'd need that to expand usage at Umbrella Labs.,neutral,0.772118062445789,3,ORG,Umbrella Labs,unknown,2
150,2025-09-06,Stark Data Systems,Enterprise,QuickReport,feature_request,neutral,Would love to see a dark mode added to QuickReport in a future release.,neutral,0.7180881484446326,1,ORG,a future release,unknown,4
151,2026-04-04,Cyberdyne Systems,SMB,MetricHub,praise,positive,"The new MetricHub update is fantastic, our team at Cyberdyne Systems loves the redesigned interface.",positive,0.8815717935077262,2,ORG,The new MetricHub update,unknown,7
152,2026-05-18,Stark Data Systems,SMB,FlowPilot,bug,negative,Data sync between FlowPilot and our CRM has been dropping records intermittently.,negative,0.7266052827531411,2,"ORG,PRODUCT",Data sync,bug,0
153,2026-03-24,Globex Inc,Enterprise,MetricHub,bug,negative,MetricHub's new filter feature crashes the app when we select more than 5 tags.,negative,0.8796970943181684,2,"CARDINAL,ORG",MetricHub's new filter feature,unknown,5
154,2025-12-22,Stark Data Systems,Enterprise,DataSync Pro,support,negative,Support wait times for DataSync Pro have gotten noticeably worse this quarter.,negative,0.8144527305273883,1,DATE,DataSync Pro,bug,6
155,2026-09-25,Stark Data Systems,Enterprise,MetricHub,praise,positive,"MetricHub has completely streamlined reporting for Stark Data Systems, couldn't be happier with the results.",positive,0.9482251323777046,2,ORG,Stark Data Systems,unknown,0
156,2025-11-19,Soylent Corp,SMB,FlowPilot,performance,negative,"Dashboard loads take over 30 seconds in FlowPilot, this is unacceptable for Soylent Corp's reporting needs.",negative,0.8682356700124454,4,"ORG,PERSON,TIME",Soylent Corp's reporting needs,unknown,3
157,2026-02-14,Massive Dynamic,SMB,DataSync Pro,bug,negative,Data sync between DataSync Pro and our CRM has been dropping records intermittently.,negative,0.8603474287724876,1,PRODUCT,DataSync Pro,bug,0
158,2026-03-23,Globex Inc,SMB,QuickReport,support,negative,The support team at Globex Inc keeps closing our QuickReport tickets without actually resolving the issue.,negative,0.8170414825407313,2,"FAC,ORG",our QuickReport tickets,support,6
159,2026-04-03,Hooli,Enterprise,MetricHub,bug,negative,MetricHub's new filter feature crashes the app when we select more than 5 tags.,negative,0.8796970943181684,2,"CARDINAL,ORG",MetricHub's new filter feature,unknown,5
160,2026-05-27,Wayne Analytics,SMB,DataSync Pro,support,negative,The support team at Wayne Analytics keeps closing our DataSync Pro tickets without actually resolving the issue.,negative,0.8540107766297883,2,ORG,our DataSync Pro tickets,support,6
161,2025-09-07,Soylent Corp,SMB,FlowPilot,billing,negative,Getting a refund for the FlowPilot overcharge took three weeks. Very frustrating billing process.,negative,0.8515634727305043,2,"DATE,ORG",Very frustrating billing process,billing,3
162,2026-04-25,Cyberdyne Systems,Startup,FlowPilot,onboarding,neutral,"Setup for FlowPilot took longer than expected, would be nice to have a clearer setup wizard.",neutral,0.712107551866232,1,ORG,a clearer setup wizard,onboarding,3
163,2026-01-15,Stark Data Systems,Enterprise,MetricHub,billing,negative,We were double-charged for MetricHub this month and support at Stark Data Systems has been slow to respond.,negative,0.8387224048761455,3,"DATE,ORG",Stark Data Systems,unknown,6
164,2026-06-26,Globex Inc,Startup,DataSync Pro,feature_request,neutral,It would help Globex Inc a lot if DataSync Pro supported bulk export to Excel.,neutral,0.8976367732438975,2,"PERSON,PRODUCT",DataSync Pro,bug,7
165,2025-09-18,Acme Corp,Startup,InsightBoard,performance,neutral,We're seeing frequent 500 errors in InsightBoard during peak hours.,negative,0.6515610966645977,2,"CARDINAL,ORG",frequent 500 errors,performance,7
166,2025-10-21,Umbrella Labs,SMB,DataSync Pro,bug,negative,Found a bug in DataSync Pro where exported reports show the wrong currency symbol.,negative,0.8318813149023164,0,,the wrong currency symbol,unknown,7
167,2026-08-09,Massive Dynamic,Startup,InsightBoard,praise,positive,Support resolved our InsightBoard issue within the hour -- great experience overall.,positive,0.9114717590129222,2,"ORG,TIME",our InsightBoard issue,unknown,6
168,2026-05-05,Massive Dynamic,SMB,QuickReport,bug,negative,QuickReport's new filter feature crashes the app when we select more than 5 tags.,negative,0.8387219356211374,2,"CARDINAL,ORG",QuickReport's new filter feature,unknown,5
169,2025-11-28,Cyberdyne Systems,Startup,MetricHub,bug,negative,Found a bug in MetricHub where exported reports show the wrong currency symbol.,negative,0.8149342942734071,1,ORG,the wrong currency symbol,unknown,7
170,2026-01-27,Hooli,Startup,InsightBoard,billing,negative,The invoice for InsightBoard doesn't match our contract pricing -- billing needs to fix this ASAP.,negative,0.7444367890345324,2,ORG,our contract pricing,billing,3
171,2026-07-16,Stark Data Systems,Startup,MetricHub,billing,negative,The invoice for MetricHub doesn't match our contract pricing -- billing needs to fix this ASAP.,negative,0.7850364647255685,2,ORG,our contract pricing,billing,3
172,2026-02-11,Massive Dynamic,SMB,MetricHub,praise,positive,Support resolved our MetricHub issue within the hour -- great experience overall.,positive,0.9345933807860626,2,"ORG,TIME",our MetricHub issue,unknown,6
173,2025-12-23,Hooli,SMB,FlowPilot,onboarding,neutral,New team members at Hooli find the FlowPilot admin console confusing at first.,neutral,0.8918506358763418,3,"GPE,ORDINAL,ORG",the FlowPilot admin console,onboarding,1
174,2025-09-11,Hooli,SMB,QuickReport,performance,negative,We're seeing frequent 500 errors in QuickReport during peak hours.,negative,0.8595937072106011,2,"CARDINAL,ORG",frequent 500 errors,performance,7
175,2026-09-27,Hooli,Startup,FlowPilot,feature_request,neutral,It would help Hooli a lot if FlowPilot supported bulk export to Excel.,neutral,0.9271695509285238,3,"ORG,PERSON,PRODUCT",bulk export,bug,7
176,2026-05-19,Massive Dynamic,Enterprise,DataSync Pro,feature_request,neutral,Would love to see a dark mode added to DataSync Pro in a future release.,neutral,0.7402102656028492,1,PRODUCT,a future release,unknown,4
177,2026-04-01,Massive Dynamic,Startup,DataSync Pro,support,negative,Opened a ticket about DataSync Pro five days ago and still no response from support.,negative,0.7940451734504377,2,"DATE,PRODUCT",still no response,support,6
178,2026-04-26,Hooli,Enterprise,QuickReport,feature_request,neutral,Would love to see a dark mode added to QuickReport in a future release.,neutral,0.7180881484446326,1,ORG,a future release,unknown,4
179,2025-10-28,Cyberdyne Systems,Startup,FlowPilot,support,negative,The support team at Cyberdyne Systems keeps closing our FlowPilot tickets without actually resolving the issue.,negative,0.822599612935479,2,ORG,our FlowPilot tickets,support,6
180,2026-07-23,Soylent Corp,SMB,FlowPilot,support,negative,Support wait times for FlowPilot have gotten noticeably worse this quarter.,negative,0.8773696561949629,2,"DATE,ORG",Support,support,6
181,2025-10-08,Soylent Corp,Startup,DataSync Pro,praise,positive,DataSync Pro just works. Rock solid uptime and the Soylent Corp team is very satisfied.,positive,0.9017453896193846,1,ORG,the Soylent Corp team,unknown,0
182,2025-10-14,Stark Data Systems,Startup,QuickReport,feature_request,neutral,Any plans to add SSO support to QuickReport? We'd need that to expand usage at Stark Data Systems.,neutral,0.6421216889486941,3,ORG,Stark Data Systems,unknown,2
183,2026-08-10,Globex Inc,Enterprise,FlowPilot,billing,negative,Getting a refund for the FlowPilot overcharge took three weeks. Very frustrating billing process.,negative,0.8515634727305043,2,"DATE,ORG",Very frustrating billing process,billing,3
184,2026-02-12,Wayne Analytics,SMB,DataSync Pro,billing,negative,We were double-charged for DataSync Pro this month and support at Wayne Analytics has been slow to respond.,negative,0.7750933789975639,2,"DATE,ORG",Wayne Analytics,unknown,6
185,2026-06-22,Umbrella Labs,SMB,MetricHub,bug,negative,Found a bug in MetricHub where exported reports show the wrong currency symbol.,negative,0.8149342942734071,1,ORG,the wrong currency symbol,unknown,7
186,2026-06-28,Acme Corp,Enterprise,QuickReport,praise,positive,Support resolved our QuickReport issue within the hour -- great experience overall.,positive,0.9475530199403878,2,"ORG,TIME",our QuickReport issue,unknown,6
187,2025-11-08,Umbrella Labs,Startup,FlowPilot,bug,negative,Data sync between FlowPilot and our CRM has been dropping records intermittently.,negative,0.7266052827531411,2,"ORG,PRODUCT",Data sync,bug,0
188,2026-07-01,Stark Data Systems,SMB,FlowPilot,bug,negative,Data sync between FlowPilot and our CRM has been dropping records intermittently.,negative,0.7266052827531411,2,"ORG,PRODUCT",Data sync,bug,0
189,2025-10-15,Stark Data Systems,Enterprise,MetricHub,praise,positive,MetricHub just works. Rock solid uptime and the Stark Data Systems team is very satisfied.,positive,0.9457982025081504,2,ORG,the Stark Data Systems team,unknown,0
190,2026-01-15,Stark Data Systems,Startup,FlowPilot,support,negative,Support wait times for FlowPilot have gotten noticeably worse this quarter.,negative,0.8773696561949629,2,"DATE,ORG",Support,support,6
191,2025-10-08,Umbrella Labs,SMB,FlowPilot,praise,positive,"The new FlowPilot update is fantastic, our team at Umbrella Labs loves the redesigned interface.",positive,0.8279102016475853,2,ORG,The new FlowPilot update,unknown,7
192,2026-08-10,Wayne Analytics,SMB,MetricHub,bug,negative,Data sync between MetricHub and our CRM has been dropping records intermittently.,negative,0.7886467024435281,2,"ORG,PRODUCT",Data sync,bug,0
193,2026-06-28,Hooli,Enterprise,InsightBoard,billing,negative,Getting a refund for the InsightBoard overcharge took three weeks. Very frustrating billing process.,negative,0.8123642772218876,2,"DATE,ORG",Very frustrating billing process,billing,3
194,2026-04-27,Initech,Startup,MetricHub,feature_request,neutral,Any plans to add SSO support to MetricHub? We'd need that to expand usage at Initech.,neutral,0.8715605806245788,3,ORG,SSO support,support,2
195,2026-07-07,Cyberdyne Systems,Enterprise,InsightBoard,support,negative,Opened a ticket about InsightBoard five days ago and still no response from support.,negative,0.7276515661837327,2,"DATE,ORG",still no response,support,6
196,2026-07-02,Acme Corp,Startup,DataSync Pro,onboarding,neutral,"Setup for DataSync Pro took longer than expected, would be nice to have a clearer setup wizard.",neutral,0.6914222084479202,0,,a clearer setup wizard,onboarding,3
197,2026-08-05,Initech,SMB,MetricHub,support,negative,The support team at Initech keeps closing our MetricHub tickets without actually resolving the issue.,negative,0.7726201409561498,2,ORG,our MetricHub tickets,support,6
198,2025-12-05,Wayne Analytics,Enterprise,FlowPilot,billing,negative,The invoice for FlowPilot doesn't match our contract pricing -- billing needs to fix this ASAP.,negative,0.8332377145867494,2,ORG,our contract pricing,billing,3
199,2025-11-09,Soylent Corp,SMB,MetricHub,praise,positive,"The new MetricHub update is fantastic, our team at Soylent Corp loves the redesigned interface.",positive,0.8617231838697709,2,ORG,The new MetricHub update,unknown,7
200,2026-04-03,Stark Data Systems,Enterprise,InsightBoard,praise,positive,InsightBoard just works. Rock solid uptime and the Stark Data Systems team is very satisfied.,positive,0.9417340580502291,2,ORG,the Stark Data Systems team,unknown,0
201,2025-10-26,Hooli,SMB,MetricHub,performance,negative,"MetricHub has been timing out constantly since the last update, our team at Hooli can't get work done.",negative,0.814052387856696,2,"GPE,ORG",the last update,unknown,7
202,2026-04-12,Stark Data Systems,Enterprise,MetricHub,bug,negative,Found a bug in MetricHub where exported reports show the wrong currency symbol.,negative,0.8149342942734071,1,ORG,the wrong currency symbol,unknown,7
203,2026-07-12,Stark Data Systems,SMB,MetricHub,feature_request,neutral,Any plans to add SSO support to MetricHub? We'd need that to expand usage at Stark Data Systems.,neutral,0.8445095623339031,3,ORG,Stark Data Systems,unknown,2
204,2026-06-18,Umbrella Labs,Enterprise,FlowPilot,billing,negative,Getting a refund for the FlowPilot overcharge took three weeks. Very frustrating billing process.,negative,0.8515634727305043,2,"DATE,ORG",Very frustrating billing process,billing,3
205,2026-04-23,Umbrella Labs,Startup,DataSync Pro,support,negative,Support wait times for DataSync Pro have gotten noticeably worse this quarter.,negative,0.8144527305273883,1,DATE,DataSync Pro,bug,6
206,2025-09-02,Hooli,Enterprise,DataSync Pro,support,negative,Support wait times for DataSync Pro have gotten noticeably worse this quarter.,negative,0.8144527305273883,1,DATE,DataSync Pro,bug,6
207,2026-05-05,Globex Inc,Enterprise,DataSync Pro,support,negative,The support team at Globex Inc keeps closing our DataSync Pro tickets without actually resolving the issue.,negative,0.9046585756860582,2,"FAC,ORG",our DataSync Pro tickets,support,6
208,2026-06-24,Wayne Analytics,SMB,MetricHub,bug,negative,MetricHub's new filter feature crashes the app when we select more than 5 tags.,negative,0.8796970943181684,2,"CARDINAL,ORG",MetricHub's new filter feature,unknown,5
209,2026-06-14,Hooli,SMB,DataSync Pro,feature_request,neutral,Would love to see a dark mode added to DataSync Pro in a future release.,neutral,0.7402102656028492,1,PRODUCT,a future release,unknown,4
210,2026-04-08,Wayne Analytics,SMB,QuickReport,support,neutral,Opened a ticket about QuickReport five days ago and still no response from support.,negative,0.7367195099860478,2,"DATE,ORG",still no response,support,6
211,2026-07-12,Globex Inc,Startup,InsightBoard,praise,positive,"The new InsightBoard update is fantastic, our team at Globex Inc loves the redesigned interface.",positive,0.9120004900179961,2,"FAC,ORG",The new InsightBoard update,unknown,7
212,2026-04-03,Stark Data Systems,Enterprise,QuickReport,billing,negative,The invoice for QuickReport doesn't match our contract pricing -- billing needs to fix this ASAP.,negative,0.8224288397930526,2,ORG,our contract pricing,billing,3
213,2026-09-11,Cyberdyne Systems,Enterprise,DataSync Pro,feature_request,neutral,Would love to see a dark mode added to DataSync Pro in a future release.,neutral,0.7402102656028492,1,PRODUCT,a future release,unknown,4
214,2026-09-18,Cyberdyne Systems,Enterprise,QuickReport,performance,negative,"QuickReport has been timing out constantly since the last update, our team at Cyberdyne Systems can't get work done.",negative,0.8648920182661912,2,ORG,Cyberdyne Systems,unknown,7
215,2026-09-05,Umbrella Labs,SMB,QuickReport,performance,negative,We're seeing frequent 500 errors in QuickReport during peak hours.,negative,0.8595937072106011,2,"CARDINAL,ORG",frequent 500 errors,performance,7
216,2026-05-09,Stark Data Systems,Enterprise,QuickReport,praise,positive,"QuickReport has completely streamlined reporting for Stark Data Systems, couldn't be happier with the results.",positive,0.9542683426364043,2,ORG,Stark Data Systems,unknown,0
217,2025-09-12,Globex Inc,Enterprise,DataSync Pro,praise,positive,Support resolved our DataSync Pro issue within the hour -- great experience overall.,positive,0.9274944164591788,2,"ORG,TIME",our DataSync Pro issue,bug,6
218,2025-11-09,Cyberdyne Systems,Enterprise,InsightBoard,praise,positive,Support resolved our InsightBoard issue within the hour -- great experience overall.,positive,0.9114717590129222,2,"ORG,TIME",our InsightBoard issue,unknown,6
219,2026-08-03,Hooli,Enterprise,MetricHub,billing,negative,We were double-charged for MetricHub this month and support at Hooli has been slow to respond.,negative,0.8556208161351995,3,"DATE,GPE,ORG",We,unknown,6
220,2025-10-15,Wayne Analytics,Startup,MetricHub,bug,negative,MetricHub's new filter feature crashes the app when we select more than 5 tags.,negative,0.8796970943181684,2,"CARDINAL,ORG",MetricHub's new filter feature,unknown,5
221,2026-09-28,Cyberdyne Systems,Startup,DataSync Pro,onboarding,neutral,The onboarding docs for DataSync Pro are a bit outdated but our team at Cyberdyne Systems figured it out eventually.,neutral,0.7963412593857594,1,ORG,The onboarding docs,onboarding,0
222,2025-09-02,Stark Data Systems,Startup,FlowPilot,feature_request,neutral,Any plans to add SSO support to FlowPilot? We'd need that to expand usage at Stark Data Systems.,neutral,0.6712932944804958,3,ORG,Stark Data Systems,unknown,2
223,2026-08-15,Hooli,SMB,DataSync Pro,bug,negative,DataSync Pro's new filter feature crashes the app when we select more than 5 tags.,negative,0.9016175535663691,1,CARDINAL,DataSync Pro's new filter feature,bug,5
224,2025-10-05,Wayne Analytics,Enterprise,MetricHub,billing,negative,We were double-charged for MetricHub this month and support at Wayne Analytics has been slow to respond.,negative,0.8542533706904503,3,"DATE,ORG",Wayne Analytics,unknown,6
225,2026-02-13,Cyberdyne Systems,Startup,MetricHub,support,negative,Support wait times for MetricHub have gotten noticeably worse this quarter.,negative,0.7896377312304317,2,"DATE,ORG",Support,support,6
226,2026-06-14,Stark Data Systems,Startup,FlowPilot,onboarding,neutral,New team members at Stark Data Systems find the FlowPilot admin console confusing at first.,neutral,0.6609280650514204,3,"ORDINAL,ORG",the FlowPilot admin console,onboarding,1
227,2025-12-14,Globex Inc,Startup,MetricHub,billing,neutral,Getting a refund for the MetricHub overcharge took three weeks. Very frustrating billing process.,negative,0.8401558883569069,2,"DATE,ORG",Very frustrating billing process,billing,3
228,2026-03-14,Hooli,SMB,InsightBoard,bug,negative,Found a bug in InsightBoard where exported reports show the wrong currency symbol.,negative,0.6628158991728411,1,ORG,the wrong currency symbol,unknown,7
229,2026-07-09,Wayne Analytics,SMB,FlowPilot,feature_request,neutral,Would love to see a dark mode added to FlowPilot in a future release.,neutral,0.7772544021112159,1,ORG,a future release,unknown,4
230,2025-10-03,Massive Dynamic,Enterprise,DataSync Pro,support,neutral,Opened a ticket about DataSync Pro five days ago and still no response from support.,negative,0.7940451734504377,2,"DATE,PRODUCT",still no response,support,6
231,2025-09-19,Wayne Analytics,Startup,QuickReport,bug,negative,Found a bug in QuickReport where exported reports show the wrong currency symbol.,negative,0.8219647568914438,1,ORG,the wrong currency symbol,unknown,7
232,2026-02-28,Wayne Analytics,SMB,DataSync Pro,onboarding,neutral,New team members at Wayne Analytics find the DataSync Pro admin console confusing at first.,neutral,0.8854223336624274,3,"ORDINAL,ORG",the DataSync Pro admin console,bug,1
233,2026-01-12,Initech,Startup,InsightBoard,feature_request,neutral,It would help Initech a lot if InsightBoard supported bulk export to Excel.,neutral,0.7158753947692241,3,"NORP,ORG,PRODUCT",bulk export,bug,7
234,2026-07-16,Soylent Corp,Enterprise,QuickReport,billing,negative,Getting a refund for the QuickReport overcharge took three weeks. Very frustrating billing process.,negative,0.8895528677098382,2,"DATE,ORG",Very frustrating billing process,billing,3
235,2025-10-25,Wayne Analytics,SMB,MetricHub,performance,negative,"MetricHub has been timing out constantly since the last update, our team at Wayne Analytics can't get work done.",negative,0.7432630669564958,2,ORG,the last update,unknown,7
236,2026-09-27,Umbrella Labs,Startup,FlowPilot,support,negative,Support wait times for FlowPilot have gotten noticeably worse this quarter.,negative,0.8773696561949629,2,"DATE,ORG",Support,support,6
237,2026-07-27,Soylent Corp,Startup,DataSync Pro,onboarding,neutral,New team members at Soylent Corp find the DataSync Pro admin console confusing at first.,neutral,0.7956027373814739,3,"ORDINAL,ORG",the DataSync Pro admin console,bug,1
238,2026-08-25,Initech,SMB,QuickReport,feature_request,neutral,It would help Initech a lot if QuickReport supported bulk export to Excel.,neutral,0.6541409105209183,3,"NORP,ORG,PRODUCT",bulk export,bug,7
239,2025-11-19,Wayne Analytics,Enterprise,DataSync Pro,support,negative,The support team at Wayne Analytics keeps closing our DataSync Pro tickets without actually resolving the issue.,negative,0.8540107766297883,2,ORG,our DataSync Pro tickets,support,6
240,2026-07-01,Globex Inc,Startup,QuickReport,feature_request,neutral,It would help Globex Inc a lot if QuickReport supported bulk export to Excel.,neutral,0.8251302554585739,3,"ORG,PERSON,PRODUCT",bulk export,bug,7
241,2026-03-15,Soylent Corp,SMB,QuickReport,billing,negative,Getting a refund for the QuickReport overcharge took three weeks. Very frustrating billing process.,negative,0.8895528677098382,2,"DATE,ORG",Very frustrating billing process,billing,3
242,2026-02-25,Wayne Analytics,Startup,InsightBoard,support,negative,Opened a ticket about InsightBoard five days ago and still no response from support.,negative,0.7276515661837327,2,"DATE,ORG",still no response,support,6
243,2025-11-25,Globex Inc,Enterprise,DataSync Pro,onboarding,neutral,New team members at Globex Inc find the DataSync Pro admin console confusing at first.,neutral,0.8556921275657271,3,"FAC,ORDINAL,ORG",the DataSync Pro admin console,bug,1
244,2026-07-14,Globex Inc,SMB,InsightBoard,onboarding,neutral,The onboarding docs for InsightBoard are a bit outdated but our team at Globex Inc figured it out eventually.,neutral,0.6874014249478103,2,"FAC,ORG",The onboarding docs,onboarding,0
245,2025-12-25,Massive Dynamic,SMB,FlowPilot,bug,negative,Data sync between FlowPilot and our CRM has been dropping records intermittently.,negative,0.7266052827531411,2,"ORG,PRODUCT",Data sync,bug,0
246,2026-01-22,Wayne Analytics,Enterprise,FlowPilot,onboarding,neutral,The onboarding docs for FlowPilot are a bit outdated but our team at Wayne Analytics figured it out eventually.,neutral,0.7221723049022464,2,ORG,The onboarding docs,onboarding,0
247,2026-01-02,Massive Dynamic,Startup,MetricHub,feature_request,neutral,Any plans to add SSO support to MetricHub? We'd need that to expand usage at Massive Dynamic.,neutral,0.9165790265110196,3,ORG,Massive Dynamic,unknown,2
248,2025-12-10,Cyberdyne Systems,Enterprise,DataSync Pro,performance,negative,"Dashboard loads take over 30 seconds in DataSync Pro, this is unacceptable for Cyberdyne Systems's reporting needs.",negative,0.9190161398464438,3,"ORG,PERSON,TIME",Cyberdyne Systems's reporting needs,unknown,3
249,2025-10-01,Stark Data Systems,SMB,InsightBoard,performance,negative,"InsightBoard has been timing out constantly since the last update, our team at Stark Data Systems can't get work done.",negative,0.8027047667432899,2,ORG,Stark Data Systems,unknown,7
250,2026-03-18,Hooli,Enterprise,QuickReport,bug,neutral,Data sync between QuickReport and our CRM has been dropping records intermittently.,negative,0.7272511563133593,2,"ORG,PRODUCT",Data sync,bug,0
251,2026-09-12,Soylent Corp,Startup,MetricHub,feature_request,neutral,Would love to see a dark mode added to MetricHub in a future release.,neutral,0.6839478219854184,1,ORG,a future release,unknown,4
252,2026-04-03,Initech,Enterprise,FlowPilot,billing,negative,The invoice for FlowPilot doesn't match our contract pricing -- billing needs to fix this ASAP.,negative,0.8332377145867494,2,ORG,our contract pricing,billing,3
253,2026-03-23,Cyberdyne Systems,Startup,FlowPilot,praise,positive,"The new FlowPilot update is fantastic, our team at Cyberdyne Systems loves the redesigned interface.",positive,0.8581006117282843,2,ORG,The new FlowPilot update,unknown,7
254,2025-09-11,Stark Data Systems,SMB,DataSync Pro,feature_request,neutral,It would help Stark Data Systems a lot if DataSync Pro supported bulk export to Excel.,neutral,0.7843169933224262,2,"ORG,PRODUCT",Stark Data Systems,unknown,0
255,2026-03-28,Massive Dynamic,Enterprise,InsightBoard,performance,negative,We're seeing frequent 500 errors in InsightBoard during peak hours.,negative,0.6515610966645977,2,"CARDINAL,ORG",frequent 500 errors,performance,7
256,2026-05-03,Hooli,SMB,MetricHub,billing,negative,We were double-charged for MetricHub this month and support at Hooli has been slow to respond.,negative,0.8556208161351995,3,"DATE,GPE,ORG",We,unknown,6
257,2026-09-06,Wayne Analytics,SMB,QuickReport,bug,negative,QuickReport's new filter feature crashes the app when we select more than 5 tags.,negative,0.8387219356211374,2,"CARDINAL,ORG",QuickReport's new filter feature,unknown,5
258,2025-12-25,Globex Inc,Startup,MetricHub,billing,negative,Getting a refund for the MetricHub overcharge took three weeks. Very frustrating billing process.,negative,0.8401558883569069,2,"DATE,ORG",Very frustrating billing process,billing,3
259,2025-11-09,Acme Corp,Enterprise,QuickReport,support,negative,The support team at Acme Corp keeps closing our QuickReport tickets without actually resolving the issue.,negative,0.755728803621843,2,ORG,our QuickReport tickets,support,6
260,2025-10-06,Cyberdyne Systems,Startup,QuickReport,performance,negative,"QuickReport has been timing out constantly since the last update, our team at Cyberdyne Systems can't get work done.",negative,0.8648920182661912,2,ORG,Cyberdyne Systems,unknown,7
261,2026-04-22,Massive Dynamic,Startup,MetricHub,praise,neutral,MetricHub just works. Rock solid uptime and the Massive Dynamic team is very satisfied.,positive,0.8292007338457063,2,ORG,the Massive Dynamic team,unknown,0
262,2026-02-05,Cyberdyne Systems,Startup,InsightBoard,onboarding,neutral,New team members at Cyberdyne Systems find the InsightBoard admin console confusing at first.,neutral,0.8924317970069859,3,"ORDINAL,ORG",the InsightBoard admin console,onboarding,1
263,2026-01-26,Massive Dynamic,Startup,FlowPilot,bug,negative,Found a bug in FlowPilot where exported reports show the wrong currency symbol.,negative,0.8755854364546795,1,ORG,the wrong currency symbol,unknown,7
264,2025-10-10,Initech,Startup,InsightBoard,support,negative,Support wait times for InsightBoard have gotten noticeably worse this quarter.,negative,0.7973506347562989,2,"DATE,ORG",Support,support,6
265,2026-01-03,Initech,SMB,DataSync Pro,bug,negative,DataSync Pro's new filter feature crashes the app when we select more than 5 tags.,negative,0.9016175535663691,1,CARDINAL,DataSync Pro's new filter feature,bug,5
266,2026-03-15,Cyberdyne Systems,Startup,MetricHub,feature_request,positive,Would love to see a dark mode added to MetricHub in a future release.,neutral,0.6839478219854184,1,ORG,a future release,unknown,4
267,2026-07-07,Initech,Startup,FlowPilot,onboarding,neutral,New team members at Initech find the FlowPilot admin console confusing at first.,neutral,0.767377835675013,3,"ORDINAL,ORG",the FlowPilot admin console,onboarding,1
268,2025-09-15,Massive Dynamic,Enterprise,MetricHub,support,negative,Support wait times for MetricHub have gotten noticeably worse this quarter.,negative,0.7896377312304317,2,"DATE,ORG",Support,support,6
269,2025-11-02,Globex Inc,Startup,MetricHub,billing,neutral,The invoice for MetricHub doesn't match our contract pricing -- billing needs to fix this ASAP.,negative,0.7850364647255685,2,ORG,our contract pricing,billing,3
270,2026-05-20,Massive Dynamic,Startup,FlowPilot,performance,negative,We're seeing frequent 500 errors in FlowPilot during peak hours.,negative,0.8245280845059025,2,"CARDINAL,ORG",frequent 500 errors,performance,7
271,2026-03-25,Wayne Analytics,SMB,InsightBoard,performance,negative,"Dashboard loads take over 30 seconds in InsightBoard, this is unacceptable for Wayne Analytics's reporting needs.",negative,0.6778589105553032,4,"ORG,PERSON,TIME",Wayne Analytics's reporting needs,unknown,3
272,2026-07-11,Cyberdyne Systems,Startup,DataSync Pro,support,negative,Support wait times for DataSync Pro have gotten noticeably worse this quarter.,negative,0.8144527305273883,1,DATE,DataSync Pro,bug,6
273,2026-03-10,Globex Inc,Startup,MetricHub,billing,negative,The invoice for MetricHub doesn't match our contract pricing -- billing needs to fix this ASAP.,negative,0.7850364647255685,2,ORG,our contract pricing,billing,3
274,2025-10-19,Cyberdyne Systems,SMB,QuickReport,support,negative,Support wait times for QuickReport have gotten noticeably worse this quarter.,negative,0.8542249179194534,2,"DATE,ORG",Support,support,6
275,2026-08-22,Wayne Analytics,Startup,InsightBoard,feature_request,neutral,Would love to see a dark mode added to InsightBoard in a future release.,neutral,0.834952071949089,1,ORG,a future release,unknown,4
276,2026-05-13,Cyberdyne Systems,SMB,DataSync Pro,bug,neutral,Found a bug in DataSync Pro where exported reports show the wrong currency symbol.,negative,0.8318813149023164,0,,the wrong currency symbol,unknown,7
277,2026-07-22,Acme Corp,Enterprise,MetricHub,feature_request,neutral,It would help Acme Corp a lot if MetricHub supported bulk export to Excel.,neutral,0.9095363764244443,3,"ORG,PRODUCT",bulk export,bug,7
278,2026-01-06,Wayne Analytics,SMB,DataSync Pro,bug,negative,Data sync between DataSync Pro and our CRM has been dropping records intermittently.,negative,0.8603474287724876,1,PRODUCT,DataSync Pro,bug,0
279,2025-11-05,Massive Dynamic,Enterprise,QuickReport,performance,negative,"Dashboard loads take over 30 seconds in QuickReport, this is unacceptable for Massive Dynamic's reporting needs.",negative,0.7527621388709435,4,"ORG,PERSON,TIME",Massive Dynamic's reporting needs,unknown,3
280,2026-08-17,Globex Inc,Startup,MetricHub,billing,negative,The invoice for MetricHub doesn't match our contract pricing -- billing needs to fix this ASAP.,negative,0.7850364647255685,2,ORG,our contract pricing,billing,3
281,2026-06-13,Wayne Analytics,Enterprise,MetricHub,billing,negative,Getting a refund for the MetricHub overcharge took three weeks. Very frustrating billing process.,negative,0.8401558883569069,2,"DATE,ORG",Very frustrating billing process,billing,3
282,2026-08-15,Acme Corp,Enterprise,MetricHub,performance,negative,"MetricHub has been timing out constantly since the last update, our team at Acme Corp can't get work done.",negative,0.7582934114284989,2,ORG,the last update,unknown,7
283,2026-06-10,Wayne Analytics,SMB,QuickReport,billing,negative,The invoice for QuickReport doesn't match our contract pricing -- billing needs to fix this ASAP.,negative,0.8224288397930526,2,ORG,our contract pricing,billing,3
284,2026-01-26,Umbrella Labs,Enterprise,MetricHub,praise,positive,MetricHub just works. Rock solid uptime and the Umbrella Labs team is very satisfied.,positive,0.9075434131022753,2,ORG,the Umbrella Labs team,unknown,0
285,2026-06-15,Umbrella Labs,Startup,InsightBoard,praise,positive,InsightBoard just works. Rock solid uptime and the Umbrella Labs team is very satisfied.,positive,0.9001118959152257,2,ORG,the Umbrella Labs team,unknown,0
286,2026-03-06,Hooli,Startup,MetricHub,bug,negative,MetricHub's new filter feature crashes the app when we select more than 5 tags.,negative,0.8796970943181684,2,"CARDINAL,ORG",MetricHub's new filter feature,unknown,5
287,2025-09-21,Cyberdyne Systems,SMB,QuickReport,praise,positive,Support resolved our QuickReport issue within the hour -- great experience overall.,positive,0.9475530199403878,2,"ORG,TIME",our QuickReport issue,unknown,6
288,2026-05-28,Soylent Corp,Startup,DataSync Pro,bug,negative,DataSync Pro's new filter feature crashes the app when we select more than 5 tags.,negative,0.9016175535663691,1,CARDINAL,DataSync Pro's new filter feature,bug,5
289,2026-04-17,Globex Inc,SMB,QuickReport,billing,negative,The invoice for QuickReport doesn't match our contract pricing -- billing needs to fix this ASAP.,negative,0.8224288397930526,2,ORG,our contract pricing,billing,3
290,2026-02-01,Globex Inc,SMB,QuickReport,performance,negative,"Dashboard loads take over 30 seconds in QuickReport, this is unacceptable for Globex Inc's reporting needs.",negative,0.8822737574324034,4,"ORG,PERSON,TIME",Globex Inc's reporting needs,unknown,3
291,2025-12-13,Hooli,SMB,MetricHub,bug,negative,Found a bug in MetricHub where exported reports show the wrong currency symbol.,negative,0.8149342942734071,1,ORG,the wrong currency symbol,unknown,7
292,2025-10-27,Umbrella Labs,SMB,DataSync Pro,billing,negative,The invoice for DataSync Pro doesn't match our contract pricing -- billing needs to fix this ASAP.,negative,0.8724593560081184,1,ORG,our contract pricing,billing,3
293,2025-09-10,Wayne Analytics,Enterprise,QuickReport,feature_request,neutral,Any plans to add SSO support to QuickReport? We'd need that to expand usage at Wayne Analytics.,neutral,0.7858944886470116,3,ORG,Wayne Analytics,unknown,2
294,2026-06-01,Acme Corp,SMB,FlowPilot,praise,positive,FlowPilot just works. Rock solid uptime and the Acme Corp team is very satisfied.,positive,0.8859361822023034,2,ORG,the Acme Corp team,unknown,0
295,2026-05-24,Stark Data Systems,Enterprise,QuickReport,billing,negative,We were double-charged for QuickReport this month and support at Stark Data Systems has been slow to respond.,negative,0.764852201423118,3,"DATE,ORG",Stark Data Systems,unknown,6
296,2025-12-10,Hooli,SMB,DataSync Pro,onboarding,neutral,New team members at Hooli find the DataSync Pro admin console confusing at first.,neutral,0.8967901942616545,3,"GPE,ORDINAL,ORG",the DataSync Pro admin console,bug,1
297,2026-09-20,Umbrella Labs,Startup,FlowPilot,billing,negative,We were double-charged for FlowPilot this month and support at Umbrella Labs has been slow to respond.,negative,0.7347678262505969,3,"DATE,ORG",Umbrella Labs,unknown,6
298,2026-05-01,Globex Inc,Startup,FlowPilot,bug,negative,Found a bug in FlowPilot where exported reports show the wrong currency symbol.,negative,0.8755854364546795,1,ORG,the wrong currency symbol,unknown,7
299,2025-11-10,Cyberdyne Systems,Startup,QuickReport,feature_request,neutral,Any plans to add SSO support to QuickReport? We'd need that to expand usage at Cyberdyne Systems.,neutral,0.7338141891769839,3,ORG,Cyberdyne Systems,unknown,2
300,2026-06-14,Cyberdyne Systems,Enterprise,InsightBoard,bug,neutral,Found a bug in InsightBoard where exported reports show the wrong currency symbol.,negative,0.6628158991728411,1,ORG,the wrong currency symbol,unknown,7
301,2025-10-17,Globex Inc,SMB,MetricHub,performance,negative,We're seeing frequent 500 errors in MetricHub during peak hours.,negative,0.8753164810198771,2,"CARDINAL,ORG",frequent 500 errors,performance,7
302,2026-03-28,Soylent Corp,Enterprise,MetricHub,onboarding,neutral,New team members at Soylent Corp find the MetricHub admin console confusing at first.,neutral,0.8607674549643539,3,"ORDINAL,ORG",the MetricHub admin console,onboarding,1
303,2026-08-01,Hooli,SMB,InsightBoard,bug,negative,Found a bug in InsightBoard where exported reports show the wrong currency symbol.,negative,0.6628158991728411,1,ORG,the wrong currency symbol,unknown,7
304,2026-07-21,Wayne Analytics,Startup,QuickReport,support,negative,Opened a ticket about QuickReport five days ago and still no response from support.,negative,0.7367195099860478,2,"DATE,ORG",still no response,support,6
305,2026-02-18,Wayne Analytics,Enterprise,QuickReport,billing,negative,Getting a refund for the QuickReport overcharge took three weeks. Very frustrating billing process.,negative,0.8895528677098382,2,"DATE,ORG",Very frustrating billing process,billing,3
306,2026-04-21,Acme Corp,Startup,FlowPilot,support,negative,Support wait times for FlowPilot have gotten noticeably worse this quarter.,negative,0.8773696561949629,2,"DATE,ORG",Support,support,6
307,2026-01-07,Globex Inc,Enterprise,FlowPilot,performance,negative,"FlowPilot has been timing out constantly since the last update, our team at Globex Inc can't get work done.",negative,0.8737368071212548,2,"FAC,ORG",the last update,unknown,7
308,2026-05-13,Initech,SMB,InsightBoard,billing,negative,We were double-charged for InsightBoard this month and support at Initech has been slow to respond.,negative,0.7503987519704539,3,"DATE,ORG",We,unknown,6
309,2025-12-10,Stark Data Systems,Startup,DataSync Pro,praise,positive,DataSync Pro just works. Rock solid uptime and the Stark Data Systems team is very satisfied.,positive,0.9269211177945973,1,ORG,the Stark Data Systems team,unknown,0
310,2026-09-12,Wayne Analytics,Enterprise,InsightBoard,support,negative,Opened a ticket about InsightBoard five days ago and still no response from support.,negative,0.7276515661837327,2,"DATE,ORG",still no response,support,6
311,2025-11-16,Massive Dynamic,SMB,FlowPilot,bug,negative,FlowPilot's new filter feature crashes the app when we select more than 5 tags.,negative,0.8849345975804095,2,"CARDINAL,ORG",FlowPilot's new filter feature,unknown,5
312,2026-09-03,Wayne Analytics,SMB,MetricHub,feature_request,neutral,It would help Wayne Analytics a lot if MetricHub supported bulk export to Excel.,neutral,0.9138334389518991,3,"ORG,PERSON,PRODUCT",Wayne Analytics,unknown,7
313,2025-11-18,Globex Inc,Startup,FlowPilot,feature_request,neutral,It would help Globex Inc a lot if FlowPilot supported bulk export to Excel.,neutral,0.9180292194740965,3,"ORG,PERSON,PRODUCT",bulk export,bug,7
314,2026-07-10,Globex Inc,SMB,DataSync Pro,support,negative,The support team at Globex Inc keeps closing our DataSync Pro tickets without actually resolving the issue.,negative,0.9046585756860582,2,"FAC,ORG",our DataSync Pro tickets,support,6
315,2026-08-15,Cyberdyne Systems,Enterprise,FlowPilot,support,negative,The support team at Cyberdyne Systems keeps closing our FlowPilot tickets without actually resolving the issue.,negative,0.822599612935479,2,ORG,our FlowPilot tickets,support,6
316,2026-03-09,Initech,Startup,InsightBoard,support,negative,The support team at Initech keeps closing our InsightBoard tickets without actually resolving the issue.,negative,0.8268027107772433,2,ORG,our InsightBoard tickets,support,6
317,2026-05-26,Globex Inc,SMB,FlowPilot,feature_request,neutral,Would love to see a dark mode added to FlowPilot in a future release.,neutral,0.7772544021112159,1,ORG,a future release,unknown,4
318,2026-06-22,Acme Corp,Enterprise,DataSync Pro,feature_request,neutral,Any plans to add SSO support to DataSync Pro? We'd need that to expand usage at Acme Corp.,neutral,0.8148777341984891,2,ORG,DataSync Pro,bug,2
319,2025-12-25,Initech,Enterprise,QuickReport,praise,positive,QuickReport just works. Rock solid uptime and the Initech team is very satisfied.,positive,0.9121205503667992,2,"NORP,ORG",Rock solid uptime,praise,0
320,2025-09-20,Wayne Analytics,Startup,FlowPilot,feature_request,neutral,It would help Wayne Analytics a lot if FlowPilot supported bulk export to Excel.,neutral,0.9225569167855386,3,"ORG,PERSON,PRODUCT",Wayne Analytics,unknown,7
321,2026-04-25,Massive Dynamic,SMB,InsightBoard,performance,negative,We're seeing frequent 500 errors in InsightBoard during peak hours.,negative,0.6515610966645977,2,"CARDINAL,ORG",frequent 500 errors,performance,7
322,2026-03-11,Acme Corp,SMB,MetricHub,billing,negative,Getting a refund for the MetricHub overcharge took three weeks. Very frustrating billing process.,negative,0.8401558883569069,2,"DATE,ORG",Very frustrating billing process,billing,3
323,2026-08-06,Umbrella Labs,Enterprise,DataSync Pro,feature_request,neutral,It would help Umbrella Labs a lot if DataSync Pro supported bulk export to Excel.,neutral,0.8891140656089999,2,"ORG,PRODUCT",Umbrella Labs,unknown,7
324,2026-01-25,Hooli,Enterprise,MetricHub,bug,negative,Data sync between MetricHub and our CRM has been dropping records intermittently.,negative,0.7886467024435281,2,"ORG,PRODUCT",Data sync,bug,0
325,2026-01-23,Massive Dynamic,Startup,QuickReport,support,negative,Support wait times for QuickReport have gotten noticeably worse this quarter.,negative,0.8542249179194534,2,"DATE,ORG",Support,support,6
326,2026-04-06,Globex Inc,Enterprise,QuickReport,bug,neutral,Found a bug in QuickReport where exported reports show the wrong currency symbol.,negative,0.8219647568914438,1,ORG,the wrong currency symbol,unknown,7
327,2026-02-23,Globex Inc,Startup,InsightBoard,feature_request,neutral,It would help Globex Inc a lot if InsightBoard supported bulk export to Excel.,neutral,0.8632042082422425,3,"ORG,PERSON,PRODUCT",bulk export,bug,7
328,2025-11-23,Soylent Corp,SMB,InsightBoard,billing,negative,Getting a refund for the InsightBoard overcharge took three weeks. Very frustrating billing process.,negative,0.8123642772218876,2,"DATE,ORG",Very frustrating billing process,billing,3
329,2025-12-04,Acme Corp,Startup,InsightBoard,feature_request,neutral,Any plans to add SSO support to InsightBoard? We'd need that to expand usage at Acme Corp.,neutral,0.8956702139182396,3,ORG,SSO support,support,2
330,2026-02-18,Umbrella Labs,Enterprise,FlowPilot,performance,negative,"FlowPilot has been timing out constantly since the last update, our team at Umbrella Labs can't get work done.",negative,0.8798722495048095,2,ORG,the last update,unknown,7
331,2026-06-03,Massive Dynamic,Enterprise,MetricHub,onboarding,neutral,"Setup for MetricHub took longer than expected, would be nice to have a clearer setup wizard.",neutral,0.7774885708471921,1,ORG,a clearer setup wizard,onboarding,3
332,2026-03-25,Hooli,Startup,FlowPilot,billing,negative,The invoice for FlowPilot doesn't match our contract pricing -- billing needs to fix this ASAP.,negative,0.8332377145867494,2,ORG,our contract pricing,billing,3
333,2026-07-03,Globex Inc,SMB,QuickReport,bug,negative,Data sync between QuickReport and our CRM has been dropping records intermittently.,negative,0.7272511563133593,2,"ORG,PRODUCT",Data sync,bug,0
334,2026-09-18,Soylent Corp,Enterprise,InsightBoard,bug,negative,InsightBoard's new filter feature crashes the app when we select more than 5 tags.,negative,0.8749854429887887,2,"CARDINAL,ORG",InsightBoard's new filter feature,unknown,5
335,2026-05-28,Acme Corp,SMB,QuickReport,feature_request,neutral,Any plans to add SSO support to QuickReport? We'd need that to expand usage at Acme Corp.,neutral,0.8151433312930639,3,ORG,SSO support,support,2
336,2025-11-06,Soylent Corp,SMB,QuickReport,billing,negative,We were double-charged for QuickReport this month and support at Soylent Corp has been slow to respond.,negative,0.8624384811446423,3,"DATE,ORG",Soylent Corp,unknown,6
337,2026-01-28,Umbrella Labs,Startup,InsightBoard,support,negative,Support wait times for InsightBoard have gotten noticeably worse this quarter.,negative,0.7973506347562989,2,"DATE,ORG",Support,support,6
338,2025-11-21,Umbrella Labs,SMB,MetricHub,billing,negative,The invoice for MetricHub doesn't match our contract pricing -- billing needs to fix this ASAP.,negative,0.7850364647255685,2,ORG,our contract pricing,billing,3
339,2026-07-06,Soylent Corp,Startup,DataSync Pro,support,negative,Support wait times for DataSync Pro have gotten noticeably worse this quarter.,negative,0.8144527305273883,1,DATE,DataSync Pro,bug,6
340,2026-06-24,Acme Corp,Startup,QuickReport,onboarding,neutral,New team members at Acme Corp find the QuickReport admin console confusing at first.,neutral,0.8149779655785662,3,"ORDINAL,ORG",the QuickReport admin console,onboarding,1
341,2025-10-02,Cyberdyne Systems,Enterprise,DataSync Pro,onboarding,neutral,"Setup for DataSync Pro took longer than expected, would be nice to have a clearer setup wizard.",neutral,0.6914222084479202,0,,a clearer setup wizard,onboarding,3
342,2026-03-20,Stark Data Systems,Startup,QuickReport,feature_request,positive,Any plans to add SSO support to QuickReport? We'd need that to expand usage at Stark Data Systems.,neutral,0.6421216889486941,3,ORG,Stark Data Systems,unknown,2
343,2026-07-10,Massive Dynamic,SMB,MetricHub,feature_request,neutral,Would love to see a dark mode added to MetricHub in a future release.,neutral,0.6839478219854184,1,ORG,a future release,unknown,4
344,2025-10-23,Hooli,SMB,InsightBoard,bug,negative,Found a bug in InsightBoard where exported reports show the wrong currency symbol.,negative,0.6628158991728411,1,ORG,the wrong currency symbol,unknown,7
345,2026-04-07,Massive Dynamic,SMB,FlowPilot,billing,negative,We were double-charged for FlowPilot this month and support at Massive Dynamic has been slow to respond.,negative,0.8269101332111982,3,"DATE,ORG",Massive Dynamic,unknown,6
346,2026-02-24,Acme Corp,Startup,InsightBoard,support,negative,Support wait times for InsightBoard have gotten noticeably worse this quarter.,negative,0.7973506347562989,2,"DATE,ORG",Support,support,6
347,2026-05-18,Hooli,SMB,QuickReport,praise,positive,"The new QuickReport update is fantastic, our team at Hooli loves the redesigned interface.",positive,0.8926765073736362,2,"GPE,ORG",The new QuickReport update,unknown,7
348,2026-01-15,Umbrella Labs,Enterprise,FlowPilot,billing,negative,The invoice for FlowPilot doesn't match our contract pricing -- billing needs to fix this ASAP.,negative,0.8332377145867494,2,ORG,our contract pricing,billing,3
349,2026-03-28,Globex Inc,SMB,DataSync Pro,performance,negative,"DataSync Pro has been timing out constantly since the last update, our team at Globex Inc can't get work done.",negative,0.8393463099732371,1,FAC,the last update,unknown,7
350,2026-06-24,Umbrella Labs,SMB,QuickReport,onboarding,neutral,"Setup for QuickReport took longer than expected, would be nice to have a clearer setup wizard.",neutral,0.8864772034004458,1,ORG,a clearer setup wizard,onboarding,3
351,2026-04-16,Acme Corp,Startup,FlowPilot,support,negative,Opened a ticket about FlowPilot five days ago and still no response from support.,negative,0.8021477738425319,2,"DATE,ORG",still no response,support,6
352,2026-05-15,Initech,SMB,DataSync Pro,support,negative,The support team at Initech keeps closing our DataSync Pro tickets without actually resolving the issue.,negative,0.8765513287534463,2,ORG,our DataSync Pro tickets,support,6
353,2025-09-10,Cyberdyne Systems,Enterprise,InsightBoard,performance,negative,"InsightBoard has been timing out constantly since the last update, our team at Cyberdyne Systems can't get work done.",negative,0.8551837027998668,2,ORG,Cyberdyne Systems,unknown,7
354,2025-09-28,Massive Dynamic,Startup,InsightBoard,bug,negative,Data sync between InsightBoard and our CRM has been dropping records intermittently.,negative,0.784861856413665,2,"ORG,PRODUCT",Data sync,bug,0
355,2026-02-25,Acme Corp,Startup,InsightBoard,billing,negative,The invoice for InsightBoard doesn't match our contract pricing -- billing needs to fix this ASAP.,negative,0.7444367890345324,2,ORG,our contract pricing,billing,3
356,2026-06-18,Initech,Enterprise,FlowPilot,bug,negative,FlowPilot's new filter feature crashes the app when we select more than 5 tags.,negative,0.8849345975804095,2,"CARDINAL,ORG",FlowPilot's new filter feature,unknown,5
357,2026-03-17,Soylent Corp,Enterprise,InsightBoard,performance,negative,"Dashboard loads take over 30 seconds in InsightBoard, this is unacceptable for Soylent Corp's reporting needs.",negative,0.7906880525020992,4,"ORG,PERSON,TIME",Soylent Corp's reporting needs,unknown,3
358,2026-06-04,Stark Data Systems,Startup,MetricHub,bug,negative,Data sync between MetricHub and our CRM has been dropping records intermittently.,negative,0.7886467024435281,2,"ORG,PRODUCT",Data sync,bug,0
359,2026-05-12,Hooli,SMB,InsightBoard,performance,negative,"InsightBoard has been timing out constantly since the last update, our team at Hooli can't get work done.",negative,0.8573508159225597,2,"GPE,ORG",the last update,unknown,7
360,2026-03-17,Umbrella Labs,Startup,MetricHub,praise,positive,Support resolved our MetricHub issue within the hour -- great experience overall.,positive,0.9345933807860626,2,"ORG,TIME",our MetricHub issue,unknown,6
361,2026-02-26,Initech,Startup,QuickReport,billing,negative,We were double-charged for QuickReport this month and support at Initech has been slow to respond.,negative,0.7521214670788537,3,"DATE,ORG",We,unknown,6
362,2026-05-05,Massive Dynamic,Startup,QuickReport,bug,negative,Data sync between QuickReport and our CRM has been dropping records intermittently.,negative,0.7272511563133593,2,"ORG,PRODUCT",Data sync,bug,0
363,2026-06-24,Wayne Analytics,SMB,QuickReport,support,negative,Support wait times for QuickReport have gotten noticeably worse this quarter.,negative,0.8542249179194534,2,"DATE,ORG",Support,support,6
364,2026-05-18,Cyberdyne Systems,Startup,InsightBoard,praise,positive,"The new InsightBoard update is fantastic, our team at Cyberdyne Systems loves the redesigned interface.",positive,0.9237891872277569,2,ORG,The new InsightBoard update,unknown,7
365,2025-09-12,Cyberdyne Systems,SMB,InsightBoard,bug,negative,Data sync between InsightBoard and our CRM has been dropping records intermittently.,negative,0.784861856413665,2,"ORG,PRODUCT",Data sync,bug,0
366,2026-01-26,Globex Inc,Startup,FlowPilot,support,negative,Support wait times for FlowPilot have gotten noticeably worse this quarter.,negative,0.8773696561949629,2,"DATE,ORG",Support,support,6
367,2026-01-21,Initech,SMB,MetricHub,feature_request,neutral,Any plans to add SSO support to MetricHub? We'd need that to expand usage at Initech.,neutral,0.8715605806245788,3,ORG,SSO support,support,2
368,2025-11-17,Initech,SMB,MetricHub,praise,positive,Support resolved our MetricHub issue within the hour -- great experience overall.,positive,0.9345933807860626,2,"ORG,TIME",our MetricHub issue,unknown,6
369,2026-07-08,Cyberdyne Systems,Enterprise,FlowPilot,feature_request,neutral,Any plans to add SSO support to FlowPilot? We'd need that to expand usage at Cyberdyne Systems.,neutral,0.7577210803973694,3,ORG,Cyberdyne Systems,unknown,2
370,2026-04-11,Globex Inc,Enterprise,QuickReport,billing,negative,Getting a refund for the QuickReport overcharge took three weeks. Very frustrating billing process.,negative,0.8895528677098382,2,"DATE,ORG",Very frustrating billing process,billing,3
371,2026-05-25,Hooli,SMB,QuickReport,bug,negative,Found a bug in QuickReport where exported reports show the wrong currency symbol.,negative,0.8219647568914438,1,ORG,the wrong currency symbol,unknown,7
372,2025-12-18,Initech,Startup,QuickReport,onboarding,neutral,"Setup for QuickReport took longer than expected, would be nice to have a clearer setup wizard.",neutral,0.8864772034004458,1,ORG,a clearer setup wizard,onboarding,3
373,2026-02-06,Massive Dynamic,SMB,MetricHub,support,negative,Support wait times for MetricHub have gotten noticeably worse this quarter.,negative,0.7896377312304317,2,"DATE,ORG",Support,support,6
374,2026-07-25,Wayne Analytics,SMB,MetricHub,bug,negative,Data sync between MetricHub and our CRM has been dropping records intermittently.,negative,0.7886467024435281,2,"ORG,PRODUCT",Data sync,bug,0
375,2025-12-09,Cyberdyne Systems,Enterprise,FlowPilot,praise,neutral,"The new FlowPilot update is fantastic, our team at Cyberdyne Systems loves the redesigned interface.",positive,0.8581006117282843,2,ORG,The new FlowPilot update,unknown,7
376,2026-08-07,Umbrella Labs,SMB,InsightBoard,onboarding,neutral,"Setup for InsightBoard took longer than expected, would be nice to have a clearer setup wizard.",neutral,0.8195783722305164,1,ORG,a clearer setup wizard,onboarding,3
377,2026-02-18,Massive Dynamic,SMB,InsightBoard,feature_request,neutral,Any plans to add SSO support to InsightBoard? We'd need that to expand usage at Massive Dynamic.,neutral,0.8785815554291452,3,ORG,Massive Dynamic,unknown,2
378,2026-07-18,Stark Data Systems,Startup,DataSync Pro,praise,positive,"The new DataSync Pro update is fantastic, our team at Stark Data Systems loves the redesigned interface.",positive,0.890376540370559,2,ORG,The new DataSync Pro update,bug,7
379,2025-09-10,Wayne Analytics,SMB,QuickReport,bug,negative,QuickReport's new filter feature crashes the app when we select more than 5 tags.,negative,0.8387219356211374,2,"CARDINAL,ORG",QuickReport's new filter feature,unknown,5
380,2026-01-24,Wayne Analytics,Startup,FlowPilot,feature_request,neutral,Would love to see a dark mode added to FlowPilot in a future release.,neutral,0.7772544021112159,1,ORG,a future release,unknown,4
381,2026-05-23,Umbrella Labs,SMB,MetricHub,bug,negative,Found a bug in MetricHub where exported reports show the wrong currency symbol.,negative,0.8149342942734071,1,ORG,the wrong currency symbol,unknown,7
382,2026-06-08,Globex Inc,Startup,MetricHub,support,negative,Opened a ticket about MetricHub five days ago and still no response from support.,negative,0.8502571486942204,2,"DATE,ORG",still no response,support,6
383,2025-12-02,Soylent Corp,Startup,QuickReport,performance,negative,"QuickReport has been timing out constantly since the last update, our team at Soylent Corp can't get work done.",negative,0.8186935547772143,2,ORG,the last update,unknown,7
384,2026-07-25,Wayne Analytics,Enterprise,FlowPilot,billing,negative,The invoice for FlowPilot doesn't match our contract pricing -- billing needs to fix this ASAP.,negative,0.8332377145867494,2,ORG,our contract pricing,billing,3
385,2026-07-16,Soylent Corp,SMB,QuickReport,performance,negative,"QuickReport has been timing out constantly since the last update, our team at Soylent Corp can't get work done.",negative,0.8186935547772143,2,ORG,the last update,unknown,7
386,2026-01-21,Umbrella Labs,SMB,InsightBoard,bug,negative,Data sync between InsightBoard and our CRM has been dropping records intermittently.,negative,0.784861856413665,2,"ORG,PRODUCT",Data sync,bug,0
387,2026-08-24,Cyberdyne Systems,Startup,QuickReport,billing,negative,We were double-charged for QuickReport this month and support at Cyberdyne Systems has been slow to respond.,negative,0.8458079238408547,3,"DATE,ORG",Cyberdyne Systems,unknown,6
388,2025-09-27,Acme Corp,Enterprise,FlowPilot,praise,neutral,"FlowPilot has completely streamlined reporting for Acme Corp, couldn't be happier with the results.",positive,0.9201013832925647,2,ORG,the results,unknown,3
389,2025-09-10,Acme Corp,Enterprise,InsightBoard,bug,negative,InsightBoard's new filter feature crashes the app when we select more than 5 tags.,negative,0.8749854429887887,2,"CARDINAL,ORG",InsightBoard's new filter feature,unknown,5
390,2026-04-21,Globex Inc,SMB,InsightBoard,onboarding,neutral,New team members at Globex Inc find the InsightBoard admin console confusing at first.,neutral,0.900875501694229,3,"FAC,ORDINAL,ORG",the InsightBoard admin console,onboarding,1
391,2026-04-09,Massive Dynamic,Startup,QuickReport,onboarding,neutral,New team members at Massive Dynamic find the QuickReport admin console confusing at first.,neutral,0.8789329834664181,3,"ORDINAL,ORG",the QuickReport admin console,onboarding,1
392,2026-04-21,Wayne Analytics,Startup,QuickReport,performance,negative,"QuickReport has been timing out constantly since the last update, our team at Wayne Analytics can't get work done.",negative,0.8068817428004404,2,ORG,the last update,unknown,7
393,2026-02-26,Acme Corp,Startup,DataSync Pro,support,negative,Support wait times for DataSync Pro have gotten noticeably worse this quarter.,negative,0.8144527305273883,1,DATE,DataSync Pro,bug,6
394,2026-07-13,Umbrella Labs,Startup,QuickReport,support,negative,Support wait times for QuickReport have gotten noticeably worse this quarter.,negative,0.8542249179194534,2,"DATE,ORG",Support,support,6
395,2026-03-22,Soylent Corp,Enterprise,InsightBoard,praise,positive,InsightBoard just works. Rock solid uptime and the Soylent Corp team is very satisfied.,positive,0.9213415999113893,2,ORG,the Soylent Corp team,unknown,0
396,2025-12-01,Acme Corp,SMB,FlowPilot,billing,negative,We were double-charged for FlowPilot this month and support at Acme Corp has been slow to respond.,negative,0.8521900514098044,3,"DATE,ORG",Acme Corp,unknown,6
397,2026-02-10,Umbrella Labs,SMB,FlowPilot,support,negative,The support team at Umbrella Labs keeps closing our FlowPilot tickets without actually resolving the issue.,negative,0.8313690704540765,2,ORG,our FlowPilot tickets,support,6
398,2026-07-12,Cyberdyne Systems,SMB,DataSync Pro,onboarding,neutral,New team members at Cyberdyne Systems find the DataSync Pro admin console confusing at first.,neutral,0.8573454550040004,3,"ORDINAL,ORG",the DataSync Pro admin console,bug,1
399,2026-01-06,Initech,SMB,DataSync Pro,feature_request,neutral,Would love to see a dark mode added to DataSync Pro in a future release.,neutral,0.7402102656028492,1,PRODUCT,a future release,unknown,4
400,2025-10-21,Soylent Corp,Startup,InsightBoard,bug,negative,Data sync between InsightBoard and our CRM has been dropping records intermittently.,negative,0.784861856413665,2,"ORG,PRODUCT",Data sync,bug,0
401,2025-11-16,Cyberdyne Systems,Enterprise,QuickReport,support,negative,The support team at Cyberdyne Systems keeps closing our QuickReport tickets without actually resolving the issue.,negative,0.7777623264482606,2,ORG,our QuickReport tickets,support,6
402,2026-08-18,Cyberdyne Systems,SMB,InsightBoard,performance,negative,"Dashboard loads take over 30 seconds in InsightBoard, this is unacceptable for Cyberdyne Systems's reporting needs.",negative,0.8174950969965844,4,"ORG,PERSON,TIME",Cyberdyne Systems's reporting needs,unknown,3
403,2026-09-20,Umbrella Labs,Startup,QuickReport,bug,neutral,Data sync between QuickReport and our CRM has been dropping records intermittently.,negative,0.7272511563133593,2,"ORG,PRODUCT",Data sync,bug,0
404,2026-08-12,Soylent Corp,Startup,FlowPilot,praise,positive,"FlowPilot has completely streamlined reporting for Soylent Corp, couldn't be happier with the results.",positive,0.9442826826883016,2,ORG,Soylent Corp,unknown,3
405,2026-05-07,Globex Inc,Startup,DataSync Pro,billing,neutral,Getting a refund for the DataSync Pro overcharge took three weeks. Very frustrating billing process.,negative,0.7815169718618963,2,"DATE,ORG",Very frustrating billing process,billing,3
406,2026-05-15,Acme Corp,SMB,QuickReport,onboarding,neutral,New team members at Acme Corp find the QuickReport admin console confusing at first.,neutral,0.8149779655785662,3,"ORDINAL,ORG",the QuickReport admin console,onboarding,1
407,2025-10-17,Umbrella Labs,SMB,MetricHub,billing,negative,Getting a refund for the MetricHub overcharge took three weeks. Very frustrating billing process.,negative,0.8401558883569069,2,"DATE,ORG",Very frustrating billing process,billing,3
408,2026-03-15,Massive Dynamic,Startup,QuickReport,bug,negative,Found a bug in QuickReport where exported reports show the wrong currency symbol.,negative,0.8219647568914438,1,ORG,the wrong currency symbol,unknown,7
409,2026-09-10,Soylent Corp,Startup,FlowPilot,onboarding,neutral,The onboarding docs for FlowPilot are a bit outdated but our team at Soylent Corp figured it out eventually.,neutral,0.7157892237803316,2,ORG,The onboarding docs,onboarding,0
410,2026-08-07,Hooli,Enterprise,InsightBoard,feature_request,positive,Would love to see a dark mode added to InsightBoard in a future release.,neutral,0.834952071949089,1,ORG,a future release,unknown,4
411,2026-08-03,Initech,SMB,FlowPilot,onboarding,neutral,The onboarding docs for FlowPilot are a bit outdated but our team at Initech figured it out eventually.,neutral,0.733192164334741,2,ORG,The onboarding docs,onboarding,0
412,2026-01-14,Globex Inc,Enterprise,FlowPilot,onboarding,neutral,The onboarding docs for FlowPilot are a bit outdated but our team at Globex Inc figured it out eventually.,neutral,0.8143312366610503,2,"FAC,ORG",The onboarding docs,onboarding,0
413,2026-04-28,Hooli,SMB,InsightBoard,performance,negative,"InsightBoard has been timing out constantly since the last update, our team at Hooli can't get work done.",negative,0.8573508159225597,2,"GPE,ORG",the last update,unknown,7
414,2026-07-28,Globex Inc,Enterprise,MetricHub,bug,negative,MetricHub's new filter feature crashes the app when we select more than 5 tags.,negative,0.8796970943181684,2,"CARDINAL,ORG",MetricHub's new filter feature,unknown,5
415,2026-05-05,Acme Corp,SMB,MetricHub,support,negative,Opened a ticket about MetricHub five days ago and still no response from support.,negative,0.8502571486942204,2,"DATE,ORG",still no response,support,6
416,2026-04-22,Initech,SMB,DataSync Pro,feature_request,neutral,Would love to see a dark mode added to DataSync Pro in a future release.,neutral,0.7402102656028492,1,PRODUCT,a future release,unknown,4
417,2025-12-08,Hooli,SMB,MetricHub,feature_request,neutral,Any plans to add SSO support to MetricHub? We'd need that to expand usage at Hooli.,neutral,0.9366354241885803,3,"GPE,ORG",SSO support,support,2
418,2026-08-25,Acme Corp,Enterprise,InsightBoard,bug,negative,InsightBoard's new filter feature crashes the app when we select more than 5 tags.,negative,0.8749854429887887,2,"CARDINAL,ORG",InsightBoard's new filter feature,unknown,5
419,2025-12-07,Hooli,Enterprise,MetricHub,billing,negative,We were double-charged for MetricHub this month and support at Hooli has been slow to respond.,negative,0.8556208161351995,3,"DATE,GPE,ORG",We,unknown,6
420,2026-06-22,Cyberdyne Systems,SMB,DataSync Pro,billing,negative,We were double-charged for DataSync Pro this month and support at Cyberdyne Systems has been slow to respond.,negative,0.8398048670204795,2,"DATE,ORG",Cyberdyne Systems,unknown,6
421,2026-04-08,Umbrella Labs,SMB,DataSync Pro,feature_request,neutral,Would love to see a dark mode added to DataSync Pro in a future release.,neutral,0.7402102656028492,1,PRODUCT,a future release,unknown,4
422,2026-01-08,Initech,Startup,QuickReport,onboarding,positive,The onboarding docs for QuickReport are a bit outdated but our team at Initech figured it out eventually.,neutral,0.6900452487822476,2,ORG,The onboarding docs,onboarding,0
423,2026-02-08,Cyberdyne Systems,Startup,MetricHub,praise,positive,"The new MetricHub update is fantastic, our team at Cyberdyne Systems loves the redesigned interface.",positive,0.8815717935077262,2,ORG,The new MetricHub update,unknown,7
424,2026-01-09,Soylent Corp,SMB,QuickReport,support,negative,Opened a ticket about QuickReport five days ago and still no response from support.,negative,0.7367195099860478,2,"DATE,ORG",still no response,support,6
425,2026-07-14,Cyberdyne Systems,Startup,QuickReport,billing,negative,Getting a refund for the QuickReport overcharge took three weeks. Very frustrating billing process.,negative,0.8895528677098382,2,"DATE,ORG",Very frustrating billing process,billing,3
426,2026-07-13,Initech,Startup,InsightBoard,onboarding,neutral,"Setup for InsightBoard took longer than expected, would be nice to have a clearer setup wizard.",neutral,0.8195783722305164,1,ORG,a clearer setup wizard,onboarding,3
427,2026-01-13,Hooli,Enterprise,FlowPilot,praise,positive,"The new FlowPilot update is fantastic, our team at Hooli loves the redesigned interface.",positive,0.8510638739999132,2,"GPE,ORG",The new FlowPilot update,unknown,7
428,2026-01-28,Massive Dynamic,Enterprise,QuickReport,performance,negative,We're seeing frequent 500 errors in QuickReport during peak hours.,negative,0.8595937072106011,2,"CARDINAL,ORG",frequent 500 errors,performance,7
429,2026-03-14,Massive Dynamic,Startup,DataSync Pro,feature_request,neutral,Would love to see a dark mode added to DataSync Pro in a future release.,neutral,0.7402102656028492,1,PRODUCT,a future release,unknown,4
430,2026-01-07,Acme Corp,Enterprise,FlowPilot,onboarding,neutral,New team members at Acme Corp find the FlowPilot admin console confusing at first.,neutral,0.8220811249898684,3,"ORDINAL,ORG",the FlowPilot admin console,onboarding,1
431,2025-10-18,Globex Inc,SMB,FlowPilot,support,negative,Support wait times for FlowPilot have gotten noticeably worse this quarter.,negative,0.8773696561949629,2,"DATE,ORG",Support,support,6
432,2026-07-20,Initech,SMB,InsightBoard,feature_request,neutral,Would love to see a dark mode added to InsightBoard in a future release.,neutral,0.834952071949089,1,ORG,a future release,unknown,4
433,2026-08-22,Globex Inc,Startup,QuickReport,onboarding,neutral,The onboarding docs for QuickReport are a bit outdated but our team at Globex Inc figured it out eventually.,neutral,0.7824484493113218,2,"FAC,ORG",The onboarding docs,onboarding,0
434,2026-01-01,Massive Dynamic,SMB,QuickReport,onboarding,neutral,The onboarding docs for QuickReport are a bit outdated but our team at Massive Dynamic figured it out eventually.,neutral,0.7618817804452667,2,ORG,The onboarding docs,onboarding,0
435,2026-08-20,Globex Inc,Enterprise,FlowPilot,performance,negative,"FlowPilot has been timing out constantly since the last update, our team at Globex Inc can't get work done.",negative,0.8737368071212548,2,"FAC,ORG",the last update,unknown,7
436,2026-02-25,Hooli,Startup,QuickReport,feature_request,neutral,Would love to see a dark mode added to QuickReport in a future release.,neutral,0.7180881484446326,1,ORG,a future release,unknown,4
437,2026-02-10,Massive Dynamic,Startup,MetricHub,support,negative,The support team at Massive Dynamic keeps closing our MetricHub tickets without actually resolving the issue.,negative,0.7528820478082637,2,ORG,our MetricHub tickets,support,6
438,2025-10-26,Soylent Corp,SMB,FlowPilot,support,negative,The support team at Soylent Corp keeps closing our FlowPilot tickets without actually resolving the issue.,negative,0.8005073877185015,2,ORG,our FlowPilot tickets,support,6
439,2026-02-14,Wayne Analytics,SMB,QuickReport,feature_request,neutral,It would help Wayne Analytics a lot if QuickReport supported bulk export to Excel.,neutral,0.8413993717669636,3,"ORG,PERSON,PRODUCT",Wayne Analytics,unknown,7
440,2026-01-18,Umbrella Labs,Enterprise,QuickReport,billing,negative,Getting a refund for the QuickReport overcharge took three weeks. Very frustrating billing process.,negative,0.8895528677098382,2,"DATE,ORG",Very frustrating billing process,billing,3
441,2025-12-11,Hooli,Enterprise,InsightBoard,onboarding,neutral,New team members at Hooli find the InsightBoard admin console confusing at first.,neutral,0.9259833909968949,3,"GPE,ORDINAL,ORG",the InsightBoard admin console,onboarding,1
442,2026-05-21,Cyberdyne Systems,SMB,QuickReport,performance,negative,"Dashboard loads take over 30 seconds in QuickReport, this is unacceptable for Cyberdyne Systems's reporting needs.",negative,0.8917390471638281,4,"ORG,PERSON,TIME",Cyberdyne Systems's reporting needs,unknown,3
443,2026-07-24,Stark Data Systems,Startup,FlowPilot,feature_request,neutral,It would help Stark Data Systems a lot if FlowPilot supported bulk export to Excel.,neutral,0.8203574454501703,3,"ORG,PRODUCT",Stark Data Systems,unknown,0
444,2025-11-24,Acme Corp,Enterprise,InsightBoard,bug,negative,InsightBoard's new filter feature crashes the app when we select more than 5 tags.,negative,0.8749854429887887,2,"CARDINAL,ORG",InsightBoard's new filter feature,unknown,5
445,2025-09-17,Acme Corp,Startup,MetricHub,onboarding,neutral,"Setup for MetricHub took longer than expected, would be nice to have a clearer setup wizard.",neutral,0.7774885708471921,1,ORG,a clearer setup wizard,onboarding,3
446,2025-11-27,Initech,SMB,DataSync Pro,billing,neutral,We were double-charged for DataSync Pro this month and support at Initech has been slow to respond.,negative,0.7452053305413355,2,"DATE,ORG",DataSync Pro,bug,6
447,2025-12-17,Globex Inc,Enterprise,QuickReport,feature_request,neutral,Would love to see a dark mode added to QuickReport in a future release.,neutral,0.7180881484446326,1,ORG,a future release,unknown,4
448,2026-07-20,Initech,Startup,MetricHub,bug,negative,MetricHub's new filter feature crashes the app when we select more than 5 tags.,negative,0.8796970943181684,2,"CARDINAL,ORG",MetricHub's new filter feature,unknown,5
449,2026-05-18,Massive Dynamic,Enterprise,DataSync Pro,bug,negative,Data sync between DataSync Pro and our CRM has been dropping records intermittently.,negative,0.8603474287724876,1,PRODUCT,DataSync Pro,bug,0
450,2026-01-18,Initech,Startup,MetricHub,bug,negative,Found a bug in MetricHub where exported reports show the wrong currency symbol.,negative,0.8149342942734071,1,ORG,the wrong currency symbol,unknown,7
451,2025-10-04,Soylent Corp,Enterprise,FlowPilot,support,negative,Opened a ticket about FlowPilot five days ago and still no response from support.,negative,0.8021477738425319,2,"DATE,ORG",still no response,support,6
452,2026-05-09,Umbrella Labs,Startup,QuickReport,onboarding,neutral,The onboarding docs for QuickReport are a bit outdated but our team at Umbrella Labs figured it out eventually.,neutral,0.6938610421085544,2,ORG,The onboarding docs,onboarding,0
453,2026-02-13,Stark Data Systems,Enterprise,FlowPilot,praise,positive,"The new FlowPilot update is fantastic, our team at Stark Data Systems loves the redesigned interface.",positive,0.89200354113638,2,ORG,The new FlowPilot update,unknown,7
454,2026-07-27,Umbrella Labs,SMB,QuickReport,bug,negative,Data sync between QuickReport and our CRM has been dropping records intermittently.,negative,0.7272511563133593,2,"ORG,PRODUCT",Data sync,bug,0
455,2026-03-13,Initech,SMB,DataSync Pro,praise,positive,"DataSync Pro has completely streamlined reporting for Initech, couldn't be happier with the results.",positive,0.9453773300525433,1,ORG,DataSync Pro,bug,3
456,2025-11-03,Initech,Startup,DataSync Pro,onboarding,neutral,"Setup for DataSync Pro took longer than expected, would be nice to have a clearer setup wizard.",neutral,0.6914222084479202,0,,a clearer setup wizard,onboarding,3
457,2026-05-02,Wayne Analytics,Enterprise,MetricHub,bug,neutral,MetricHub's new filter feature crashes the app when we select more than 5 tags.,negative,0.8796970943181684,2,"CARDINAL,ORG",MetricHub's new filter feature,unknown,5
458,2025-09-03,Cyberdyne Systems,SMB,FlowPilot,performance,negative,"FlowPilot has been timing out constantly since the last update, our team at Cyberdyne Systems can't get work done.",negative,0.8909485126122276,2,ORG,Cyberdyne Systems,unknown,7
459,2025-09-06,Soylent Corp,Startup,MetricHub,feature_request,neutral,It would help Soylent Corp a lot if MetricHub supported bulk export to Excel.,neutral,0.860603832824942,3,"ORG,PRODUCT",Soylent Corp,unknown,7
460,2025-11-25,Initech,Startup,QuickReport,praise,positive,"The new QuickReport update is fantastic, our team at Initech loves the redesigned interface.",positive,0.9039129776686874,2,"NORP,ORG",The new QuickReport update,unknown,7
461,2026-06-08,Globex Inc,Enterprise,InsightBoard,praise,positive,InsightBoard just works. Rock solid uptime and the Globex Inc team is very satisfied.,positive,0.93147695341852,1,ORG,the Globex Inc team,unknown,0
462,2026-09-24,Soylent Corp,SMB,InsightBoard,onboarding,neutral,"Setup for InsightBoard took longer than expected, would be nice to have a clearer setup wizard.",neutral,0.8195783722305164,1,ORG,a clearer setup wizard,onboarding,3
463,2026-02-02,Globex Inc,Startup,MetricHub,performance,negative,We're seeing frequent 500 errors in MetricHub during peak hours.,negative,0.8753164810198771,2,"CARDINAL,ORG",frequent 500 errors,performance,7
464,2026-06-25,Umbrella Labs,SMB,DataSync Pro,billing,negative,The invoice for DataSync Pro doesn't match our contract pricing -- billing needs to fix this ASAP.,negative,0.8724593560081184,1,ORG,our contract pricing,billing,3
465,2026-07-09,Hooli,Enterprise,InsightBoard,onboarding,neutral,New team members at Hooli find the InsightBoard admin console confusing at first.,neutral,0.9259833909968949,3,"GPE,ORDINAL,ORG",the InsightBoard admin console,onboarding,1
466,2026-05-13,Massive Dynamic,SMB,QuickReport,praise,positive,QuickReport just works. Rock solid uptime and the Massive Dynamic team is very satisfied.,positive,0.7674967375815541,2,ORG,the Massive Dynamic team,unknown,0
467,2026-09-20,Cyberdyne Systems,Enterprise,FlowPilot,bug,negative,Found a bug in FlowPilot where exported reports show the wrong currency symbol.,negative,0.8755854364546795,1,ORG,the wrong currency symbol,unknown,7
468,2025-11-13,Globex Inc,SMB,DataSync Pro,support,negative,Opened a ticket about DataSync Pro five days ago and still no response from support.,negative,0.7940451734504377,2,"DATE,PRODUCT",still no response,support,6
469,2026-02-04,Acme Corp,SMB,FlowPilot,feature_request,neutral,Any plans to add SSO support to FlowPilot? We'd need that to expand usage at Acme Corp.,neutral,0.8332195417860364,3,ORG,SSO support,support,2
470,2026-09-09,Stark Data Systems,SMB,FlowPilot,billing,negative,We were double-charged for FlowPilot this month and support at Stark Data Systems has been slow to respond.,negative,0.7693295284091561,3,"DATE,ORG",Stark Data Systems,unknown,6
471,2026-04-18,Globex Inc,SMB,QuickReport,billing,negative,We were double-charged for QuickReport this month and support at Globex Inc has been slow to respond.,negative,0.8255419744589918,3,"DATE,FAC,ORG",Globex Inc,unknown,6
472,2025-10-12,Hooli,Enterprise,DataSync Pro,onboarding,neutral,New team members at Hooli find the DataSync Pro admin console confusing at first.,neutral,0.8967901942616545,3,"GPE,ORDINAL,ORG",the DataSync Pro admin console,bug,1
473,2026-03-01,Cyberdyne Systems,SMB,MetricHub,onboarding,neutral,The onboarding docs for MetricHub are a bit outdated but our team at Cyberdyne Systems figured it out eventually.,neutral,0.6912288936604407,2,ORG,The onboarding docs,onboarding,0
474,2026-05-08,Hooli,Startup,DataSync Pro,support,negative,The support team at Hooli keeps closing our DataSync Pro tickets without actually resolving the issue.,negative,0.8993104611433893,2,"GPE,ORG",our DataSync Pro tickets,support,6
475,2025-11-09,Acme Corp,Enterprise,FlowPilot,onboarding,neutral,New team members at Acme Corp find the FlowPilot admin console confusing at first.,neutral,0.8220811249898684,3,"ORDINAL,ORG",the FlowPilot admin console,onboarding,1
476,2025-11-14,Massive Dynamic,Enterprise,QuickReport,support,negative,The support team at Massive Dynamic keeps closing our QuickReport tickets without actually resolving the issue.,negative,0.7563587867916407,2,ORG,our QuickReport tickets,support,6
477,2026-02-09,Stark Data Systems,Enterprise,FlowPilot,support,neutral,The support team at Stark Data Systems keeps closing our FlowPilot tickets without actually resolving the issue.,negative,0.7780376080139864,2,ORG,our FlowPilot tickets,support,6
478,2025-12-15,Massive Dynamic,Startup,MetricHub,performance,negative,We're seeing frequent 500 errors in MetricHub during peak hours.,negative,0.8753164810198771,2,"CARDINAL,ORG",frequent 500 errors,performance,7
479,2026-02-27,Stark Data Systems,SMB,DataSync Pro,billing,negative,We were double-charged for DataSync Pro this month and support at Stark Data Systems has been slow to respond.,negative,0.7590427048703516,2,"DATE,ORG",Stark Data Systems,unknown,6
480,2026-03-27,Wayne Analytics,SMB,FlowPilot,onboarding,neutral,"Setup for FlowPilot took longer than expected, would be nice to have a clearer setup wizard.",neutral,0.712107551866232,1,ORG,a clearer setup wizard,onboarding,3
481,2026-08-07,Stark Data Systems,Startup,InsightBoard,praise,positive,Support resolved our InsightBoard issue within the hour -- great experience overall.,positive,0.9114717590129222,2,"ORG,TIME",our InsightBoard issue,unknown,6
482,2026-01-24,Acme Corp,SMB,FlowPilot,bug,negative,FlowPilot's new filter feature crashes the app when we select more than 5 tags.,negative,0.8849345975804095,2,"CARDINAL,ORG",FlowPilot's new filter feature,unknown,5
483,2026-02-13,Massive Dynamic,Enterprise,MetricHub,feature_request,neutral,Any plans to add SSO support to MetricHub? We'd need that to expand usage at Massive Dynamic.,neutral,0.9165790265110196,3,ORG,Massive Dynamic,unknown,2
484,2025-12-19,Wayne Analytics,Startup,DataSync Pro,support,negative,The support team at Wayne Analytics keeps closing our DataSync Pro tickets without actually resolving the issue.,negative,0.8540107766297883,2,ORG,our DataSync Pro tickets,support,6
485,2026-04-23,Soylent Corp,Startup,DataSync Pro,onboarding,neutral,The onboarding docs for DataSync Pro are a bit outdated but our team at Soylent Corp figured it out eventually.,neutral,0.7404468940522264,1,ORG,The onboarding docs,onboarding,0
486,2026-07-16,Stark Data Systems,SMB,DataSync Pro,performance,negative,"Dashboard loads take over 30 seconds in DataSync Pro, this is unacceptable for Stark Data Systems's reporting needs.",negative,0.8947525472990431,3,"ORG,PERSON,TIME",Stark Data Systems's reporting needs,unknown,3
487,2026-07-05,Stark Data Systems,SMB,QuickReport,performance,negative,We're seeing frequent 500 errors in QuickReport during peak hours.,negative,0.8595937072106011,2,"CARDINAL,ORG",frequent 500 errors,performance,7
488,2026-06-16,Hooli,SMB,DataSync Pro,feature_request,neutral,It would help Hooli a lot if DataSync Pro supported bulk export to Excel.,neutral,0.9089348185007567,2,"PERSON,PRODUCT",DataSync Pro,bug,7
489,2026-03-18,Soylent Corp,Startup,MetricHub,onboarding,neutral,"Setup for MetricHub took longer than expected, would be nice to have a clearer setup wizard.",neutral,0.7774885708471921,1,ORG,a clearer setup wizard,onboarding,3
490,2025-10-04,Soylent Corp,Startup,MetricHub,billing,neutral,The invoice for MetricHub doesn't match our contract pricing -- billing needs to fix this ASAP.,negative,0.7850364647255685,2,ORG,our contract pricing,billing,3
491,2026-06-02,Wayne Analytics,Startup,QuickReport,praise,positive,Support resolved our QuickReport issue within the hour -- great experience overall.,positive,0.9475530199403878,2,"ORG,TIME",our QuickReport issue,unknown,6
492,2025-10-01,Hooli,SMB,InsightBoard,onboarding,neutral,New team members at Hooli find the InsightBoard admin console confusing at first.,neutral,0.9259833909968949,3,"GPE,ORDINAL,ORG",the InsightBoard admin console,onboarding,1
493,2026-05-18,Umbrella Labs,Startup,MetricHub,billing,negative,The invoice for MetricHub doesn't match our contract pricing -- billing needs to fix this ASAP.,negative,0.7850364647255685,2,ORG,our contract pricing,billing,3
494,2026-02-13,Cyberdyne Systems,SMB,QuickReport,onboarding,neutral,New team members at Cyberdyne Systems find the QuickReport admin console confusing at first.,neutral,0.8943690941377446,3,"ORDINAL,ORG",the QuickReport admin console,onboarding,1
495,2026-02-01,Cyberdyne Systems,Enterprise,MetricHub,bug,negative,Data sync between MetricHub and our CRM has been dropping records intermittently.,negative,0.7886467024435281,2,"ORG,PRODUCT",Data sync,bug,0
496,2025-10-27,Stark Data Systems,Enterprise,FlowPilot,bug,negative,Found a bug in FlowPilot where exported reports show the wrong currency symbol.,negative,0.8755854364546795,1,ORG,the wrong currency symbol,unknown,7
497,2026-04-26,Wayne Analytics,SMB,InsightBoard,feature_request,neutral,Would love to see a dark mode added to InsightBoard in a future release.,neutral,0.834952071949089,1,ORG,a future release,unknown,4
498,2025-10-15,Massive Dynamic,SMB,InsightBoard,performance,negative,We're seeing frequent 500 errors in InsightBoard during peak hours.,negative,0.6515610966645977,2,"CARDINAL,ORG",frequent 500 errors,performance,7
499,2026-01-02,Massive Dynamic,Enterprise,InsightBoard,feature_request,neutral,Any plans to add SSO support to InsightBoard? We'd need that to expand usage at Massive Dynamic.,neutral,0.8785815554291452,3,ORG,Massive Dynamic,unknown,2
500,2025-10-22,Initech,Startup,InsightBoard,praise,positive,"InsightBoard has completely streamlined reporting for Initech, couldn't be happier with the results.",positive,0.9521232564646692,2,ORG,the results,unknown,3
501,2026-05-06,Umbrella Labs,Enterprise,MetricHub,praise,positive,Support resolved our MetricHub issue within the hour -- great experience overall.,positive,0.9345933807860626,2,"ORG,TIME",our MetricHub issue,unknown,6
502,2026-09-13,Hooli,Enterprise,FlowPilot,support,negative,Support wait times for FlowPilot have gotten noticeably worse this quarter.,negative,0.8773696561949629,2,"DATE,ORG",Support,support,6
503,2025-09-24,Acme Corp,SMB,FlowPilot,feature_request,neutral,Would love to see a dark mode added to FlowPilot in a future release.,neutral,0.7772544021112159,1,ORG,a future release,unknown,4
504,2026-03-01,Massive Dynamic,SMB,MetricHub,onboarding,neutral,The onboarding docs for MetricHub are a bit outdated but our team at Massive Dynamic figured it out eventually.,neutral,0.7132856240534987,2,ORG,The onboarding docs,onboarding,0
505,2026-09-26,Umbrella Labs,Startup,InsightBoard,feature_request,neutral,Would love to see a dark mode added to InsightBoard in a future release.,neutral,0.834952071949089,1,ORG,a future release,unknown,4
506,2026-02-11,Globex Inc,Enterprise,MetricHub,billing,negative,Getting a refund for the MetricHub overcharge took three weeks. Very frustrating billing process.,negative,0.8401558883569069,2,"DATE,ORG",Very frustrating billing process,billing,3
507,2026-04-17,Globex Inc,Startup,InsightBoard,performance,negative,"Dashboard loads take over 30 seconds in InsightBoard, this is unacceptable for Globex Inc's reporting needs.",negative,0.8007621987502942,4,"ORG,PERSON,TIME",Globex Inc's reporting needs,unknown,3
508,2026-03-19,Cyberdyne Systems,Startup,FlowPilot,feature_request,neutral,It would help Cyberdyne Systems a lot if FlowPilot supported bulk export to Excel.,neutral,0.8632075527474186,3,"ORG,PRODUCT",Cyberdyne Systems,unknown,7
509,2025-11-27,Wayne Analytics,Startup,FlowPilot,billing,negative,The invoice for FlowPilot doesn't match our contract pricing -- billing needs to fix this ASAP.,negative,0.8332377145867494,2,ORG,our contract pricing,billing,3
510,2025-10-22,Stark Data Systems,Startup,MetricHub,feature_request,neutral,Any plans to add SSO support to MetricHub? We'd need that to expand usage at Stark Data Systems.,neutral,0.8445095623339031,3,ORG,Stark Data Systems,unknown,2
511,2025-10-06,Globex Inc,SMB,QuickReport,performance,negative,"Dashboard loads take over 30 seconds in QuickReport, this is unacceptable for Globex Inc's reporting needs.",negative,0.8822737574324034,4,"ORG,PERSON,TIME",Globex Inc's reporting needs,unknown,3
512,2026-03-20,Acme Corp,SMB,MetricHub,support,negative,Support wait times for MetricHub have gotten noticeably worse this quarter.,negative,0.7896377312304317,2,"DATE,ORG",Support,support,6
513,2026-04-21,Hooli,Enterprise,FlowPilot,performance,negative,We're seeing frequent 500 errors in FlowPilot during peak hours.,negative,0.8245280845059025,2,"CARDINAL,ORG",frequent 500 errors,performance,7
514,2026-04-10,Acme Corp,Enterprise,MetricHub,onboarding,neutral,New team members at Acme Corp find the MetricHub admin console confusing at first.,neutral,0.8920606879010751,3,"ORDINAL,ORG",the MetricHub admin console,onboarding,1
515,2025-09-28,Wayne Analytics,Startup,FlowPilot,performance,negative,"FlowPilot has been timing out constantly since the last update, our team at Wayne Analytics can't get work done.",negative,0.8403131376104407,2,ORG,the last update,unknown,7
516,2026-03-18,Massive Dynamic,Enterprise,QuickReport,support,negative,Opened a ticket about QuickReport five days ago and still no response from support.,negative,0.7367195099860478,2,"DATE,ORG",still no response,support,6
517,2026-04-14,Massive Dynamic,Startup,FlowPilot,onboarding,neutral,New team members at Massive Dynamic find the FlowPilot admin console confusing at first.,neutral,0.7231848948414125,3,"ORDINAL,ORG",the FlowPilot admin console,onboarding,1
518,2026-06-01,Massive Dynamic,Enterprise,QuickReport,feature_request,neutral,It would help Massive Dynamic a lot if QuickReport supported bulk export to Excel.,neutral,0.5974606188752115,3,"ORG,PERSON,PRODUCT",Massive Dynamic,unknown,7
519,2025-12-18,Stark Data Systems,SMB,DataSync Pro,praise,positive,Support resolved our DataSync Pro issue within the hour -- great experience overall.,positive,0.9274944164591788,2,"ORG,TIME",our DataSync Pro issue,bug,6
520,2026-09-25,Massive Dynamic,Startup,MetricHub,support,negative,Opened a ticket about MetricHub five days ago and still no response from support.,negative,0.8502571486942204,2,"DATE,ORG",still no response,support,6
521,2025-10-09,Soylent Corp,Startup,DataSync Pro,bug,negative,Data sync between DataSync Pro and our CRM has been dropping records intermittently.,negative,0.8603474287724876,1,PRODUCT,DataSync Pro,bug,0
522,2026-04-18,Soylent Corp,Startup,DataSync Pro,praise,positive,"The new DataSync Pro update is fantastic, our team at Soylent Corp loves the redesigned interface.",positive,0.8337205965422404,2,ORG,The new DataSync Pro update,bug,7
523,2025-09-15,Globex Inc,SMB,QuickReport,performance,negative,"Dashboard loads take over 30 seconds in QuickReport, this is unacceptable for Globex Inc's reporting needs.",negative,0.8822737574324034,4,"ORG,PERSON,TIME",Globex Inc's reporting needs,unknown,3
524,2026-09-26,Globex Inc,Enterprise,FlowPilot,support,negative,The support team at Globex Inc keeps closing our FlowPilot tickets without actually resolving the issue.,negative,0.8569010106874537,2,"FAC,ORG",our FlowPilot tickets,support,6
525,2026-06-21,Cyberdyne Systems,Startup,InsightBoard,performance,negative,"InsightBoard has been timing out constantly since the last update, our team at Cyberdyne Systems can't get work done.",negative,0.8551837027998668,2,ORG,Cyberdyne Systems,unknown,7
526,2025-12-26,Cyberdyne Systems,Enterprise,QuickReport,bug,negative,Found a bug in QuickReport where exported reports show the wrong currency symbol.,negative,0.8219647568914438,1,ORG,the wrong currency symbol,unknown,7
527,2026-06-18,Wayne Analytics,SMB,MetricHub,billing,neutral,Getting a refund for the MetricHub overcharge took three weeks. Very frustrating billing process.,negative,0.8401558883569069,2,"DATE,ORG",Very frustrating billing process,billing,3
528,2026-01-28,Stark Data Systems,Startup,InsightBoard,performance,negative,"Dashboard loads take over 30 seconds in InsightBoard, this is unacceptable for Stark Data Systems's reporting needs.",negative,0.7816278025088613,4,"ORG,PERSON,TIME",Stark Data Systems's reporting needs,unknown,3
529,2025-09-09,Globex Inc,SMB,QuickReport,onboarding,neutral,New team members at Globex Inc find the QuickReport admin console confusing at first.,neutral,0.8999009456310482,3,"FAC,ORDINAL,ORG",the QuickReport admin console,onboarding,1
530,2026-08-11,Acme Corp,Enterprise,QuickReport,praise,positive,Support resolved our QuickReport issue within the hour -- great experience overall.,positive,0.9475530199403878,2,"ORG,TIME",our QuickReport issue,unknown,6
531,2026-06-21,Hooli,Enterprise,FlowPilot,praise,positive,Support resolved our FlowPilot issue within the hour -- great experience overall.,positive,0.9539029363686076,2,"ORG,TIME",our FlowPilot issue,unknown,6
532,2025-10-21,Hooli,SMB,FlowPilot,support,negative,Support wait times for FlowPilot have gotten noticeably worse this quarter.,negative,0.8773696561949629,2,"DATE,ORG",Support,support,6
533,2026-01-23,Hooli,Startup,MetricHub,praise,positive,"MetricHub has completely streamlined reporting for Hooli, couldn't be happier with the results.",positive,0.9225126067898957,2,"ORG,PERSON",the results,unknown,3
534,2025-09-28,Massive Dynamic,Startup,InsightBoard,support,negative,The support team at Massive Dynamic keeps closing our InsightBoard tickets without actually resolving the issue.,negative,0.8111193265327666,2,ORG,our InsightBoard tickets,support,6
535,2026-09-18,Massive Dynamic,Enterprise,InsightBoard,praise,positive,"InsightBoard has completely streamlined reporting for Massive Dynamic, couldn't be happier with the results.",positive,0.9394832700097424,2,"ORG,PERSON",Massive Dynamic,unknown,3
536,2026-01-11,Hooli,SMB,QuickReport,bug,negative,Found a bug in QuickReport where exported reports show the wrong currency symbol.,negative,0.8219647568914438,1,ORG,the wrong currency symbol,unknown,7
537,2025-11-19,Wayne Analytics,Startup,MetricHub,praise,positive,"The new MetricHub update is fantastic, our team at Wayne Analytics loves the redesigned interface.",positive,0.8908333986550238,2,ORG,The new MetricHub update,unknown,7
538,2025-10-21,Wayne Analytics,Enterprise,DataSync Pro,praise,positive,DataSync Pro just works. Rock solid uptime and the Wayne Analytics team is very satisfied.,positive,0.8867122568693813,0,,the Wayne Analytics team,unknown,0
539,2026-04-15,Initech,Enterprise,DataSync Pro,praise,positive,DataSync Pro just works. Rock solid uptime and the Initech team is very satisfied.,positive,0.9165476609466442,1,NORP,Rock solid uptime,praise,0
540,2026-01-06,Umbrella Labs,Startup,QuickReport,billing,negative,The invoice for QuickReport doesn't match our contract pricing -- billing needs to fix this ASAP.,negative,0.8224288397930526,2,ORG,our contract pricing,billing,3
541,2025-10-12,Globex Inc,SMB,InsightBoard,praise,positive,"The new InsightBoard update is fantastic, our team at Globex Inc loves the redesigned interface.",positive,0.9120004900179961,2,"FAC,ORG",The new InsightBoard update,unknown,7
542,2026-07-10,Acme Corp,SMB,DataSync Pro,feature_request,neutral,Any plans to add SSO support to DataSync Pro? We'd need that to expand usage at Acme Corp.,neutral,0.8148777341984891,2,ORG,DataSync Pro,bug,2
543,2025-10-23,Umbrella Labs,Startup,FlowPilot,feature_request,positive,Any plans to add SSO support to FlowPilot? We'd need that to expand usage at Umbrella Labs.,neutral,0.772118062445789,3,ORG,Umbrella Labs,unknown,2
544,2025-11-19,Umbrella Labs,Enterprise,FlowPilot,billing,negative,We were double-charged for FlowPilot this month and support at Umbrella Labs has been slow to respond.,negative,0.7347678262505969,3,"DATE,ORG",Umbrella Labs,unknown,6
545,2026-08-11,Massive Dynamic,Enterprise,DataSync Pro,performance,negative,We're seeing frequent 500 errors in DataSync Pro during peak hours.,negative,0.8848384183212116,2,"CARDINAL,ORG",frequent 500 errors,performance,7
546,2025-10-08,Hooli,SMB,QuickReport,praise,positive,"QuickReport has completely streamlined reporting for Hooli, couldn't be happier with the results.",positive,0.9316765016479179,2,"ORG,PERSON",the results,unknown,3
547,2026-02-10,Globex Inc,SMB,DataSync Pro,bug,negative,Found a bug in DataSync Pro where exported reports show the wrong currency symbol.,negative,0.8318813149023164,0,,the wrong currency symbol,unknown,7
548,2026-05-19,Acme Corp,Enterprise,QuickReport,performance,negative,"Dashboard loads take over 30 seconds in QuickReport, this is unacceptable for Acme Corp's reporting needs.",negative,0.8625548730462702,4,"ORG,PERSON,TIME",Acme Corp's reporting needs,unknown,3
549,2026-08-07,Acme Corp,SMB,FlowPilot,billing,negative,Getting a refund for the FlowPilot overcharge took three weeks. Very frustrating billing process.,negative,0.8515634727305043,2,"DATE,ORG",Very frustrating billing process,billing,3
550,2026-07-15,Acme Corp,Startup,FlowPilot,feature_request,neutral,Any plans to add SSO support to FlowPilot? We'd need that to expand usage at Acme Corp.,neutral,0.8332195417860364,3,ORG,SSO support,support,2
551,2026-09-04,Globex Inc,Enterprise,DataSync Pro,praise,positive,Support resolved our DataSync Pro issue within the hour -- great experience overall.,positive,0.9274944164591788,2,"ORG,TIME",our DataSync Pro issue,bug,6
552,2026-02-26,Hooli,SMB,InsightBoard,onboarding,neutral,New team members at Hooli find the InsightBoard admin console confusing at first.,neutral,0.9259833909968949,3,"GPE,ORDINAL,ORG",the InsightBoard admin console,onboarding,1
553,2026-05-20,Stark Data Systems,Enterprise,DataSync Pro,performance,negative,"DataSync Pro has been timing out constantly since the last update, our team at Stark Data Systems can't get work done.",negative,0.8118944179106987,1,ORG,Stark Data Systems,unknown,7
554,2025-09-28,Cyberdyne Systems,Startup,InsightBoard,onboarding,neutral,New team members at Cyberdyne Systems find the InsightBoard admin console confusing at first.,neutral,0.8924317970069859,3,"ORDINAL,ORG",the InsightBoard admin console,onboarding,1
555,2026-05-07,Umbrella Labs,Startup,MetricHub,praise,positive,"The new MetricHub update is fantastic, our team at Umbrella Labs loves the redesigned interface.",positive,0.8548355533185914,2,ORG,The new MetricHub update,unknown,7
556,2026-04-13,Stark Data Systems,Enterprise,DataSync Pro,feature_request,neutral,It would help Stark Data Systems a lot if DataSync Pro supported bulk export to Excel.,neutral,0.7843169933224262,2,"ORG,PRODUCT",Stark Data Systems,unknown,0
557,2026-05-01,Massive Dynamic,Enterprise,MetricHub,billing,negative,We were double-charged for MetricHub this month and support at Massive Dynamic has been slow to respond.,negative,0.8828867919992802,3,"DATE,ORG",Massive Dynamic,unknown,6
558,2026-03-12,Acme Corp,Startup,FlowPilot,support,negative,The support team at Acme Corp keeps closing our FlowPilot tickets without actually resolving the issue.,negative,0.8023899527667777,2,ORG,our FlowPilot tickets,support,6
559,2025-09-19,Acme Corp,Enterprise,FlowPilot,onboarding,neutral,New team members at Acme Corp find the FlowPilot admin console confusing at first.,neutral,0.8220811249898684,3,"ORDINAL,ORG",the FlowPilot admin console,onboarding,1
560,2025-09-26,Stark Data Systems,Enterprise,QuickReport,billing,negative,We were double-charged for QuickReport this month and support at Stark Data Systems has been slow to respond.,negative,0.764852201423118,3,"DATE,ORG",Stark Data Systems,unknown,6
561,2026-03-23,Stark Data Systems,SMB,MetricHub,bug,negative,Data sync between MetricHub and our CRM has been dropping records intermittently.,negative,0.7886467024435281,2,"ORG,PRODUCT",Data sync,bug,0
562,2025-11-09,Soylent Corp,Startup,MetricHub,bug,negative,Found a bug in MetricHub where exported reports show the wrong currency symbol.,negative,0.8149342942734071,1,ORG,the wrong currency symbol,unknown,7
563,2026-09-05,Globex Inc,Enterprise,MetricHub,billing,negative,The invoice for MetricHub doesn't match our contract pricing -- billing needs to fix this ASAP.,negative,0.7850364647255685,2,ORG,our contract pricing,billing,3
564,2026-09-27,Hooli,Startup,MetricHub,onboarding,neutral,"Setup for MetricHub took longer than expected, would be nice to have a clearer setup wizard.",neutral,0.7774885708471921,1,ORG,a clearer setup wizard,onboarding,3
565,2026-03-24,Globex Inc,Startup,InsightBoard,feature_request,neutral,Any plans to add SSO support to InsightBoard? We'd need that to expand usage at Globex Inc.,neutral,0.749175720671133,3,ORG,SSO support,support,2
566,2026-03-04,Initech,Enterprise,QuickReport,praise,positive,Support resolved our QuickReport issue within the hour -- great experience overall.,positive,0.9475530199403878,2,"ORG,TIME",our QuickReport issue,unknown,6
567,2026-07-24,Cyberdyne Systems,SMB,DataSync Pro,bug,negative,Data sync between DataSync Pro and our CRM has been dropping records intermittently.,negative,0.8603474287724876,1,PRODUCT,DataSync Pro,bug,0
568,2026-08-05,Acme Corp,Enterprise,DataSync Pro,feature_request,neutral,Any plans to add SSO support to DataSync Pro? We'd need that to expand usage at Acme Corp.,neutral,0.8148777341984891,2,ORG,DataSync Pro,bug,2
569,2026-05-17,Acme Corp,SMB,FlowPilot,feature_request,neutral,Would love to see a dark mode added to FlowPilot in a future release.,neutral,0.7772544021112159,1,ORG,a future release,unknown,4
570,2026-08-25,Acme Corp,Enterprise,InsightBoard,praise,positive,"The new InsightBoard update is fantastic, our team at Acme Corp loves the redesigned interface.",positive,0.9232211599308464,2,ORG,The new InsightBoard update,unknown,7
571,2026-09-14,Globex Inc,SMB,DataSync Pro,praise,positive,"The new DataSync Pro update is fantastic, our team at Globex Inc loves the redesigned interface.",positive,0.8341144047404977,2,"FAC,ORG",The new DataSync Pro update,bug,7
572,2026-06-21,Globex Inc,Startup,InsightBoard,support,negative,Support wait times for InsightBoard have gotten noticeably worse this quarter.,negative,0.7973506347562989,2,"DATE,ORG",Support,support,6
573,2025-09-16,Massive Dynamic,SMB,MetricHub,billing,negative,The invoice for MetricHub doesn't match our contract pricing -- billing needs to fix this ASAP.,negative,0.7850364647255685,2,ORG,our contract pricing,billing,3
574,2026-09-04,Wayne Analytics,SMB,QuickReport,praise,neutral,Support resolved our QuickReport issue within the hour -- great experience overall.,positive,0.9475530199403878,2,"ORG,TIME",our QuickReport issue,unknown,6
575,2026-05-01,Globex Inc,Startup,QuickReport,onboarding,neutral,New team members at Globex Inc find the QuickReport admin console confusing at first.,neutral,0.8999009456310482,3,"FAC,ORDINAL,ORG",the QuickReport admin console,onboarding,1
576,2026-02-13,Umbrella Labs,SMB,DataSync Pro,billing,negative,We were double-charged for DataSync Pro this month and support at Umbrella Labs has been slow to respond.,negative,0.7232263923458895,2,"DATE,ORG",Umbrella Labs,unknown,6
577,2026-08-21,Initech,Startup,MetricHub,performance,negative,"MetricHub has been timing out constantly since the last update, our team at Initech can't get work done.",negative,0.728579637104346,2,ORG,the last update,unknown,7
578,2026-08-11,Wayne Analytics,SMB,QuickReport,bug,negative,Found a bug in QuickReport where exported reports show the wrong currency symbol.,negative,0.8219647568914438,1,ORG,the wrong currency symbol,unknown,7
579,2026-05-22,Cyberdyne Systems,Enterprise,InsightBoard,support,negative,Opened a ticket about InsightBoard five days ago and still no response from support.,negative,0.7276515661837327,2,"DATE,ORG",still no response,support,6
580,2026-03-03,Umbrella Labs,Enterprise,MetricHub,billing,negative,We were double-charged for MetricHub this month and support at Umbrella Labs has been slow to respond.,negative,0.817438683998529,3,"DATE,ORG",Umbrella Labs,unknown,6
581,2026-05-15,Stark Data Systems,Enterprise,InsightBoard,bug,negative,InsightBoard's new filter feature crashes the app when we select more than 5 tags.,negative,0.8749854429887887,2,"CARDINAL,ORG",InsightBoard's new filter feature,unknown,5
582,2026-09-10,Umbrella Labs,Startup,InsightBoard,billing,negative,The invoice for InsightBoard doesn't match our contract pricing -- billing needs to fix this ASAP.,negative,0.7444367890345324,2,ORG,our contract pricing,billing,3
583,2026-06-16,Umbrella Labs,SMB,FlowPilot,feature_request,neutral,Any plans to add SSO support to FlowPilot? We'd need that to expand usage at Umbrella Labs.,neutral,0.772118062445789,3,ORG,Umbrella Labs,unknown,2
584,2025-09-14,Soylent Corp,Enterprise,QuickReport,praise,positive,Support resolved our QuickReport issue within the hour -- great experience overall.,positive,0.9475530199403878,2,"ORG,TIME",our QuickReport issue,unknown,6
585,2026-08-01,Soylent Corp,Startup,InsightBoard,billing,negative,We were double-charged for InsightBoard this month and support at Soylent Corp has been slow to respond.,negative,0.8598469822530548,3,"DATE,ORG",Soylent Corp,unknown,6
586,2025-12-17,Hooli,Enterprise,InsightBoard,support,negative,Opened a ticket about InsightBoard five days ago and still no response from support.,negative,0.7276515661837327,2,"DATE,ORG",still no response,support,6
587,2026-08-09,Massive Dynamic,Enterprise,DataSync Pro,performance,negative,"Dashboard loads take over 30 seconds in DataSync Pro, this is unacceptable for Massive Dynamic's reporting needs.",negative,0.8127506158488796,3,"ORG,PERSON,TIME",Massive Dynamic's reporting needs,unknown,3
588,2026-08-12,Umbrella Labs,SMB,MetricHub,billing,negative,We were double-charged for MetricHub this month and support at Umbrella Labs has been slow to respond.,negative,0.817438683998529,3,"DATE,ORG",Umbrella Labs,unknown,6
589,2026-05-05,Globex Inc,Enterprise,MetricHub,bug,negative,Data sync between MetricHub and our CRM has been dropping records intermittently.,negative,0.7886467024435281,2,"ORG,PRODUCT",Data sync,bug,0
590,2025-09-14,Globex Inc,Startup,MetricHub,feature_request,neutral,It would help Globex Inc a lot if MetricHub supported bulk export to Excel.,neutral,0.9081871290716966,3,"ORG,PERSON,PRODUCT",bulk export,bug,7
591,2026-02-26,Umbrella Labs,SMB,InsightBoard,feature_request,neutral,Would love to see a dark mode added to InsightBoard in a future release.,neutral,0.834952071949089,1,ORG,a future release,unknown,4
592,2026-01-08,Wayne Analytics,SMB,InsightBoard,bug,negative,Data sync between InsightBoard and our CRM has been dropping records intermittently.,negative,0.784861856413665,2,"ORG,PRODUCT",Data sync,bug,0
593,2025-11-04,Acme Corp,Enterprise,MetricHub,billing,negative,We were double-charged for MetricHub this month and support at Acme Corp has been slow to respond.,negative,0.9018312347770939,3,"DATE,ORG",Acme Corp,unknown,6
594,2025-10-18,Massive Dynamic,SMB,InsightBoard,performance,neutral,"Dashboard loads take over 30 seconds in InsightBoard, this is unacceptable for Massive Dynamic's reporting needs.",negative,0.6227397572898034,4,"ORG,PERSON,TIME",Massive Dynamic's reporting needs,unknown,3
595,2026-01-28,Massive Dynamic,SMB,InsightBoard,support,negative,Opened a ticket about InsightBoard five days ago and still no response from support.,negative,0.7276515661837327,2,"DATE,ORG",still no response,support,6
596,2026-08-20,Acme Corp,Startup,InsightBoard,billing,negative,We were double-charged for InsightBoard this month and support at Acme Corp has been slow to respond.,negative,0.8460728716032389,3,"DATE,ORG",Acme Corp,unknown,6
597,2026-08-08,Wayne Analytics,Enterprise,QuickReport,billing,negative,We were double-charged for QuickReport this month and support at Wayne Analytics has been slow to respond.,negative,0.7814238666852352,3,"DATE,ORG",Wayne Analytics,unknown,6
598,2026-01-09,Soylent Corp,Startup,DataSync Pro,support,negative,The support team at Soylent Corp keeps closing our DataSync Pro tickets without actually resolving the issue.,negative,0.8631902406208896,2,ORG,our DataSync Pro tickets,support,6
599,2026-05-24,Initech,SMB,FlowPilot,praise,positive,Support resolved our FlowPilot issue within the hour -- great experience overall.,positive,0.9539029363686076,2,"ORG,TIME",our FlowPilot issue,unknown,6
600,2026-09-26,Globex Inc,Enterprise,FlowPilot,onboarding,neutral,The onboarding docs for FlowPilot are a bit outdated but our team at Globex Inc figured it out eventually.,neutral,0.8143312366610503,2,"FAC,ORG",The onboarding docs,onboarding,0
601,2025-11-07,Initech,Enterprise,DataSync Pro,performance,neutral,"DataSync Pro has been timing out constantly since the last update, our team at Initech can't get work done.",negative,0.796186387633413,1,ORG,the last update,unknown,7
602,2026-06-09,Wayne Analytics,Startup,DataSync Pro,praise,positive,DataSync Pro just works. Rock solid uptime and the Wayne Analytics team is very satisfied.,positive,0.8867122568693813,0,,the Wayne Analytics team,unknown,0
603,2026-07-15,Initech,Enterprise,DataSync Pro,praise,positive,"DataSync Pro has completely streamlined reporting for Initech, couldn't be happier with the results.",positive,0.9453773300525433,1,ORG,DataSync Pro,bug,3
604,2025-09-15,Globex Inc,Enterprise,InsightBoard,praise,positive,Support resolved our InsightBoard issue within the hour -- great experience overall.,positive,0.9114717590129222,2,"ORG,TIME",our InsightBoard issue,unknown,6
605,2026-03-16,Cyberdyne Systems,Startup,FlowPilot,billing,negative,We were double-charged for FlowPilot this month and support at Cyberdyne Systems has been slow to respond.,negative,0.8497957296981163,3,"DATE,ORG",Cyberdyne Systems,unknown,6
606,2025-12-06,Hooli,SMB,QuickReport,billing,negative,The invoice for QuickReport doesn't match our contract pricing -- billing needs to fix this ASAP.,negative,0.8224288397930526,2,ORG,our contract pricing,billing,3
607,2026-06-20,Massive Dynamic,Enterprise,QuickReport,support,neutral,The support team at Massive Dynamic keeps closing our QuickReport tickets without actually resolving the issue.,negative,0.7563587867916407,2,ORG,our QuickReport tickets,support,6
608,2026-05-16,Stark Data Systems,SMB,FlowPilot,onboarding,positive,The onboarding docs for FlowPilot are a bit outdated but our team at Stark Data Systems figured it out eventually.,neutral,0.7104294588028288,2,ORG,The onboarding docs,onboarding,0
609,2026-03-07,Stark Data Systems,Enterprise,FlowPilot,billing,negative,We were double-charged for FlowPilot this month and support at Stark Data Systems has been slow to respond.,negative,0.7693295284091561,3,"DATE,ORG",Stark Data Systems,unknown,6
610,2026-03-26,Umbrella Labs,Enterprise,MetricHub,feature_request,neutral,Any plans to add SSO support to MetricHub? We'd need that to expand usage at Umbrella Labs.,neutral,0.8979423298568285,3,ORG,Umbrella Labs,unknown,2
611,2026-02-19,Massive Dynamic,SMB,MetricHub,feature_request,neutral,It would help Massive Dynamic a lot if MetricHub supported bulk export to Excel.,neutral,0.7581923231082368,3,"ORG,PERSON,PRODUCT",Massive Dynamic,unknown,7
612,2025-09-11,Hooli,Enterprise,InsightBoard,onboarding,neutral,"Setup for InsightBoard took longer than expected, would be nice to have a clearer setup wizard.",neutral,0.8195783722305164,1,ORG,a clearer setup wizard,onboarding,3
613,2026-09-16,Initech,Enterprise,InsightBoard,onboarding,neutral,The onboarding docs for InsightBoard are a bit outdated but our team at Initech figured it out eventually.,neutral,0.5795137224925704,2,ORG,The onboarding docs,onboarding,0
614,2025-10-08,Cyberdyne Systems,Enterprise,QuickReport,onboarding,neutral,"Setup for QuickReport took longer than expected, would be nice to have a clearer setup wizard.",neutral,0.8864772034004458,1,ORG,a clearer setup wizard,onboarding,3
615,2025-09-25,Stark Data Systems,Startup,MetricHub,feature_request,positive,Would love to see a dark mode added to MetricHub in a future release.,neutral,0.6839478219854184,1,ORG,a future release,unknown,4
616,2025-11-08,Hooli,Enterprise,InsightBoard,performance,negative,We're seeing frequent 500 errors in InsightBoard during peak hours.,negative,0.6515610966645977,2,"CARDINAL,ORG",frequent 500 errors,performance,7
617,2026-08-23,Wayne Analytics,Enterprise,MetricHub,onboarding,neutral,"Setup for MetricHub took longer than expected, would be nice to have a clearer setup wizard.",neutral,0.7774885708471921,1,ORG,a clearer setup wizard,onboarding,3
618,2025-12-27,Cyberdyne Systems,Startup,QuickReport,support,negative,Support wait times for QuickReport have gotten noticeably worse this quarter.,negative,0.8542249179194534,2,"DATE,ORG",Support,support,6
619,2026-04-02,Soylent Corp,Enterprise,InsightBoard,praise,positive,InsightBoard just works. Rock solid uptime and the Soylent Corp team is very satisfied.,positive,0.9213415999113893,2,ORG,the Soylent Corp team,unknown,0
620,2025-09-17,Umbrella Labs,Enterprise,MetricHub,billing,negative,We were double-charged for MetricHub this month and support at Umbrella Labs has been slow to respond.,negative,0.817438683998529,3,"DATE,ORG",Umbrella Labs,unknown,6
621,2026-09-05,Wayne Analytics,Enterprise,MetricHub,bug,negative,Found a bug in MetricHub where exported reports show the wrong currency symbol.,negative,0.8149342942734071,1,ORG,the wrong currency symbol,unknown,7
622,2025-09-05,Acme Corp,Enterprise,InsightBoard,support,negative,Support wait times for InsightBoard have gotten noticeably worse this quarter.,negative,0.7973506347562989,2,"DATE,ORG",Support,support,6
623,2026-02-03,Acme Corp,Startup,DataSync Pro,onboarding,neutral,New team members at Acme Corp find the DataSync Pro admin console confusing at first.,neutral,0.838347805145422,3,"ORDINAL,ORG",the DataSync Pro admin console,bug,1
624,2026-02-10,Hooli,Enterprise,MetricHub,support,negative,Support wait times for MetricHub have gotten noticeably worse this quarter.,negative,0.7896377312304317,2,"DATE,ORG",Support,support,6
625,2026-04-21,Acme Corp,Startup,FlowPilot,support,negative,Opened a ticket about FlowPilot five days ago and still no response from support.,negative,0.8021477738425319,2,"DATE,ORG",still no response,support,6
626,2025-12-22,Soylent Corp,SMB,MetricHub,support,negative,Opened a ticket about MetricHub five days ago and still no response from support.,negative,0.8502571486942204,2,"DATE,ORG",still no response,support,6
627,2026-08-10,Hooli,Startup,InsightBoard,onboarding,neutral,The onboarding docs for InsightBoard are a bit outdated but our team at Hooli figured it out eventually.,neutral,0.6865908043155281,2,"ORG,PERSON",The onboarding docs,onboarding,0
628,2026-09-19,Initech,SMB,MetricHub,performance,negative,"MetricHub has been timing out constantly since the last update, our team at Initech can't get work done.",negative,0.728579637104346,2,ORG,the last update,unknown,7
629,2025-12-21,Cyberdyne Systems,Startup,InsightBoard,billing,negative,We were double-charged for InsightBoard this month and support at Cyberdyne Systems has been slow to respond.,negative,0.8436100733467052,3,"DATE,ORG",Cyberdyne Systems,unknown,6
630,2026-08-03,Massive Dynamic,SMB,QuickReport,onboarding,neutral,The onboarding docs for QuickReport are a bit outdated but our team at Massive Dynamic figured it out eventually.,neutral,0.7618817804452667,2,ORG,The onboarding docs,onboarding,0
631,2025-10-27,Wayne Analytics,Startup,QuickReport,performance,negative,"Dashboard loads take over 30 seconds in QuickReport, this is unacceptable for Wayne Analytics's reporting needs.",negative,0.7923728413486583,4,"ORG,PERSON,TIME",Wayne Analytics's reporting needs,unknown,3
632,2026-01-07,Wayne Analytics,Enterprise,FlowPilot,feature_request,neutral,Any plans to add SSO support to FlowPilot? We'd need that to expand usage at Wayne Analytics.,neutral,0.8062704163476249,3,ORG,Wayne Analytics,unknown,2
633,2026-09-04,Globex Inc,SMB,InsightBoard,performance,neutral,We're seeing frequent 500 errors in InsightBoard during peak hours.,negative,0.6515610966645977,2,"CARDINAL,ORG",frequent 500 errors,performance,7
634,2026-08-14,Initech,SMB,FlowPilot,feature_request,positive,Would love to see a dark mode added to FlowPilot in a future release.,neutral,0.7772544021112159,1,ORG,a future release,unknown,4
635,2026-05-13,Massive Dynamic,SMB,FlowPilot,performance,negative,"Dashboard loads take over 30 seconds in FlowPilot, this is unacceptable for Massive Dynamic's reporting needs.",negative,0.7506027253865912,4,"ORG,PERSON,TIME",Massive Dynamic's reporting needs,unknown,3
636,2026-04-03,Cyberdyne Systems,Enterprise,QuickReport,billing,negative,The invoice for QuickReport doesn't match our contract pricing -- billing needs to fix this ASAP.,negative,0.8224288397930526,2,ORG,our contract pricing,billing,3
637,2026-01-04,Stark Data Systems,SMB,DataSync Pro,praise,positive,"DataSync Pro has completely streamlined reporting for Stark Data Systems, couldn't be happier with the results.",positive,0.9498721374696447,1,ORG,Stark Data Systems,unknown,0
638,2026-08-03,Acme Corp,Enterprise,FlowPilot,billing,negative,The invoice for FlowPilot doesn't match our contract pricing -- billing needs to fix this ASAP.,negative,0.8332377145867494,2,ORG,our contract pricing,billing,3
639,2026-04-23,Wayne Analytics,Startup,MetricHub,onboarding,positive,The onboarding docs for MetricHub are a bit outdated but our team at Wayne Analytics figured it out eventually.,neutral,0.6241040730486906,2,ORG,The onboarding docs,onboarding,0
640,2025-11-02,Acme Corp,SMB,MetricHub,billing,negative,The invoice for MetricHub doesn't match our contract pricing -- billing needs to fix this ASAP.,negative,0.7850364647255685,2,ORG,our contract pricing,billing,3
641,2026-08-18,Umbrella Labs,SMB,QuickReport,billing,neutral,The invoice for QuickReport doesn't match our contract pricing -- billing needs to fix this ASAP.,negative,0.8224288397930526,2,ORG,our contract pricing,billing,3
642,2026-01-10,Soylent Corp,Startup,InsightBoard,feature_request,neutral,Any plans to add SSO support to InsightBoard? We'd need that to expand usage at Soylent Corp.,neutral,0.8139366264085456,3,ORG,Soylent Corp.,unknown,2
643,2026-05-27,Initech,Startup,FlowPilot,performance,negative,"FlowPilot has been timing out constantly since the last update, our team at Initech can't get work done.",negative,0.8359300461449533,2,ORG,the last update,unknown,7
644,2026-03-03,Initech,Enterprise,InsightBoard,bug,neutral,Found a bug in InsightBoard where exported reports show the wrong currency symbol.,negative,0.6628158991728411,1,ORG,the wrong currency symbol,unknown,7
645,2025-10-01,Cyberdyne Systems,Enterprise,FlowPilot,support,negative,Support wait times for FlowPilot have gotten noticeably worse this quarter.,negative,0.8773696561949629,2,"DATE,ORG",Support,support,6
646,2025-10-10,Stark Data Systems,SMB,DataSync Pro,performance,negative,"DataSync Pro has been timing out constantly since the last update, our team at Stark Data Systems can't get work done.",negative,0.8118944179106987,1,ORG,Stark Data Systems,unknown,7
647,2026-01-03,Massive Dynamic,Startup,FlowPilot,praise,neutral,FlowPilot just works. Rock solid uptime and the Massive Dynamic team is very satisfied.,positive,0.8250230175182687,2,ORG,the Massive Dynamic team,unknown,0
648,2026-03-12,Hooli,SMB,QuickReport,feature_request,neutral,Any plans to add SSO support to QuickReport? We'd need that to expand usage at Hooli.,neutral,0.8285830154106839,3,"GPE,ORG",SSO support,support,2
649,2026-04-09,Initech,SMB,InsightBoard,performance,neutral,"Dashboard loads take over 30 seconds in InsightBoard, this is unacceptable for Initech's reporting needs.",negative,0.6355094362716576,4,"ORG,PERSON,TIME",Initech's reporting needs,unknown,3
650,2026-09-23,Cyberdyne Systems,Enterprise,DataSync Pro,performance,negative,"Dashboard loads take over 30 seconds in DataSync Pro, this is unacceptable for Cyberdyne Systems's reporting needs.",negative,0.9190161398464438,3,"ORG,PERSON,TIME",Cyberdyne Systems's reporting needs,unknown,3
651,2026-03-25,Globex Inc,Startup,InsightBoard,feature_request,neutral,Would love to see a dark mode added to InsightBoard in a future release.,neutral,0.834952071949089,1,ORG,a future release,unknown,4
652,2026-05-14,Soylent Corp,SMB,DataSync Pro,onboarding,neutral,The onboarding docs for DataSync Pro are a bit outdated but our team at Soylent Corp figured it out eventually.,neutral,0.7404468940522264,1,ORG,The onboarding docs,onboarding,0
653,2026-04-10,Massive Dynamic,Enterprise,MetricHub,onboarding,neutral,New team members at Massive Dynamic find the MetricHub admin console confusing at first.,neutral,0.8997962712992508,3,"ORDINAL,ORG",the MetricHub admin console,onboarding,1
654,2026-05-26,Initech,Startup,MetricHub,billing,negative,The invoice for MetricHub doesn't match our contract pricing -- billing needs to fix this ASAP.,negative,0.7850364647255685,2,ORG,our contract pricing,billing,3
655,2026-09-15,Cyberdyne Systems,Enterprise,QuickReport,onboarding,neutral,New team members at Cyberdyne Systems find the QuickReport admin console confusing at first.,neutral,0.8943690941377446,3,"ORDINAL,ORG",the QuickReport admin console,onboarding,1
656,2025-09-14,Umbrella Labs,Enterprise,QuickReport,performance,negative,"QuickReport has been timing out constantly since the last update, our team at Umbrella Labs can't get work done.",negative,0.8538350676806344,2,ORG,the last update,unknown,7
657,2025-11-27,Hooli,Startup,QuickReport,billing,negative,Getting a refund for the QuickReport overcharge took three weeks. Very frustrating billing process.,negative,0.8895528677098382,2,"DATE,ORG",Very frustrating billing process,billing,3
658,2026-03-18,Wayne Analytics,Enterprise,DataSync Pro,onboarding,neutral,"Setup for DataSync Pro took longer than expected, would be nice to have a clearer setup wizard.",neutral,0.6914222084479202,0,,a clearer setup wizard,onboarding,3
659,2026-04-28,Wayne Analytics,Startup,InsightBoard,bug,negative,Data sync between InsightBoard and our CRM has been dropping records intermittently.,negative,0.784861856413665,2,"ORG,PRODUCT",Data sync,bug,0
660,2026-09-14,Cyberdyne Systems,Startup,MetricHub,billing,negative,Getting a refund for the MetricHub overcharge took three weeks. Very frustrating billing process.,negative,0.8401558883569069,2,"DATE,ORG",Very frustrating billing process,billing,3
661,2026-06-19,Acme Corp,Startup,QuickReport,billing,negative,The invoice for QuickReport doesn't match our contract pricing -- billing needs to fix this ASAP.,negative,0.8224288397930526,2,ORG,our contract pricing,billing,3
662,2026-09-10,Globex Inc,Enterprise,MetricHub,praise,positive,"MetricHub has completely streamlined reporting for Globex Inc, couldn't be happier with the results.",positive,0.914447194720308,2,"ORG,PERSON",the results,unknown,3
663,2026-07-16,Hooli,SMB,InsightBoard,praise,positive,"The new InsightBoard update is fantastic, our team at Hooli loves the redesigned interface.",positive,0.9214106571658964,2,"GPE,ORG",The new InsightBoard update,unknown,7
664,2026-01-13,Massive Dynamic,Enterprise,DataSync Pro,onboarding,neutral,New team members at Massive Dynamic find the DataSync Pro admin console confusing at first.,neutral,0.8359601021769499,3,"ORDINAL,ORG",the DataSync Pro admin console,bug,1
665,2026-03-11,Cyberdyne Systems,Enterprise,FlowPilot,performance,negative,We're seeing frequent 500 errors in FlowPilot during peak hours.,negative,0.8245280845059025,2,"CARDINAL,ORG",frequent 500 errors,performance,7
666,2026-02-01,Initech,SMB,FlowPilot,feature_request,neutral,Would love to see a dark mode added to FlowPilot in a future release.,neutral,0.7772544021112159,1,ORG,a future release,unknown,4
667,2026-08-22,Stark Data Systems,SMB,InsightBoard,support,negative,The support team at Stark Data Systems keeps closing our InsightBoard tickets without actually resolving the issue.,negative,0.786111381224964,2,ORG,our InsightBoard tickets,support,6
668,2026-04-25,Acme Corp,Startup,InsightBoard,billing,negative,We were double-charged for InsightBoard this month and support at Acme Corp has been slow to respond.,negative,0.8460728716032389,3,"DATE,ORG",Acme Corp,unknown,6
669,2026-07-03,Stark Data Systems,Startup,FlowPilot,praise,neutral,"The new FlowPilot update is fantastic, our team at Stark Data Systems loves the redesigned interface.",positive,0.89200354113638,2,ORG,The new FlowPilot update,unknown,7
670,2026-04-25,Umbrella Labs,Startup,FlowPilot,performance,negative,"Dashboard loads take over 30 seconds in FlowPilot, this is unacceptable for Umbrella Labs's reporting needs.",negative,0.8455949480615105,4,"ORG,PERSON,TIME",Umbrella Labs's reporting needs,unknown,3
671,2025-10-10,Initech,Enterprise,MetricHub,onboarding,neutral,"Setup for MetricHub took longer than expected, would be nice to have a clearer setup wizard.",neutral,0.7774885708471921,1,ORG,a clearer setup wizard,onboarding,3
672,2026-06-01,Hooli,Startup,QuickReport,feature_request,neutral,Any plans to add SSO support to QuickReport? We'd need that to expand usage at Hooli.,neutral,0.8285830154106839,3,"GPE,ORG",SSO support,support,2
673,2025-09-15,Umbrella Labs,Enterprise,DataSync Pro,performance,negative,"DataSync Pro has been timing out constantly since the last update, our team at Umbrella Labs can't get work done.",negative,0.8510885942961925,1,ORG,the last update,unknown,7
674,2026-04-17,Umbrella Labs,SMB,InsightBoard,billing,negative,The invoice for InsightBoard doesn't match our contract pricing -- billing needs to fix this ASAP.,negative,0.7444367890345324,2,ORG,our contract pricing,billing,3
675,2026-02-16,Globex Inc,Enterprise,DataSync Pro,bug,negative,Data sync between DataSync Pro and our CRM has been dropping records intermittently.,negative,0.8603474287724876,1,PRODUCT,DataSync Pro,bug,0
676,2026-05-12,Acme Corp,Startup,FlowPilot,onboarding,neutral,"Setup for FlowPilot took longer than expected, would be nice to have a clearer setup wizard.",neutral,0.712107551866232,1,ORG,a clearer setup wizard,onboarding,3
677,2025-09-13,Stark Data Systems,SMB,DataSync Pro,support,negative,Opened a ticket about DataSync Pro five days ago and still no response from support.,negative,0.7940451734504377,2,"DATE,PRODUCT",still no response,support,6
678,2026-07-08,Cyberdyne Systems,Enterprise,QuickReport,billing,negative,We were double-charged for QuickReport this month and support at Cyberdyne Systems has been slow to respond.,negative,0.8458079238408547,3,"DATE,ORG",Cyberdyne Systems,unknown,6
679,2025-09-28,Stark Data Systems,Startup,FlowPilot,feature_request,neutral,Would love to see a dark mode added to FlowPilot in a future release.,neutral,0.7772544021112159,1,ORG,a future release,unknown,4
680,2025-11-20,Massive Dynamic,Startup,QuickReport,praise,positive,"QuickReport has completely streamlined reporting for Massive Dynamic, couldn't be happier with the results.",positive,0.937471863342059,2,"ORG,PERSON",Massive Dynamic,unknown,3
681,2026-09-10,Umbrella Labs,Startup,InsightBoard,praise,positive,"InsightBoard has completely streamlined reporting for Umbrella Labs, couldn't be happier with the results.",positive,0.9084242071637808,2,ORG,Umbrella Labs,unknown,3
682,2026-02-15,Stark Data Systems,SMB,FlowPilot,feature_request,neutral,Any plans to add SSO support to FlowPilot? We'd need that to expand usage at Stark Data Systems.,neutral,0.6712932944804958,3,ORG,Stark Data Systems,unknown,2
683,2026-05-27,Massive Dynamic,Startup,InsightBoard,support,negative,Opened a ticket about InsightBoard five days ago and still no response from support.,negative,0.7276515661837327,2,"DATE,ORG",still no response,support,6
684,2026-05-22,Cyberdyne Systems,Enterprise,DataSync Pro,onboarding,neutral,"Setup for DataSync Pro took longer than expected, would be nice to have a clearer setup wizard.",neutral,0.6914222084479202,0,,a clearer setup wizard,onboarding,3
685,2026-01-10,Soylent Corp,Startup,MetricHub,praise,positive,"The new MetricHub update is fantastic, our team at Soylent Corp loves the redesigned interface.",positive,0.8617231838697709,2,ORG,The new MetricHub update,unknown,7
686,2026-01-21,Massive Dynamic,SMB,DataSync Pro,feature_request,neutral,Would love to see a dark mode added to DataSync Pro in a future release.,neutral,0.7402102656028492,1,PRODUCT,a future release,unknown,4
687,2025-11-17,Stark Data Systems,Enterprise,InsightBoard,support,negative,The support team at Stark Data Systems keeps closing our InsightBoard tickets without actually resolving the issue.,negative,0.786111381224964,2,ORG,our InsightBoard tickets,support,6
688,2026-07-11,Initech,SMB,MetricHub,praise,positive,Support resolved our MetricHub issue within the hour -- great experience overall.,positive,0.9345933807860626,2,"ORG,TIME",our MetricHub issue,unknown,6
689,2026-01-14,Initech,SMB,FlowPilot,feature_request,neutral,Would love to see a dark mode added to FlowPilot in a future release.,neutral,0.7772544021112159,1,ORG,a future release,unknown,4
690,2026-06-27,Initech,Startup,MetricHub,bug,negative,MetricHub's new filter feature crashes the app when we select more than 5 tags.,negative,0.8796970943181684,2,"CARDINAL,ORG",MetricHub's new filter feature,unknown,5
691,2026-09-16,Umbrella Labs,Startup,MetricHub,performance,negative,"Dashboard loads take over 30 seconds in MetricHub, this is unacceptable for Umbrella Labs's reporting needs.",negative,0.8227182914382168,4,"ORG,PERSON,TIME",Umbrella Labs's reporting needs,unknown,3
692,2026-07-18,Soylent Corp,Enterprise,InsightBoard,feature_request,neutral,It would help Soylent Corp a lot if InsightBoard supported bulk export to Excel.,neutral,0.796570612405483,3,"ORG,PRODUCT",Soylent Corp,unknown,7
693,2026-08-09,Globex Inc,Enterprise,FlowPilot,performance,neutral,"Dashboard loads take over 30 seconds in FlowPilot, this is unacceptable for Globex Inc's reporting needs.",negative,0.8784127604575199,4,"ORG,PERSON,TIME",Globex Inc's reporting needs,unknown,3
694,2025-10-08,Acme Corp,Startup,InsightBoard,feature_request,neutral,Any plans to add SSO support to InsightBoard? We'd need that to expand usage at Acme Corp.,neutral,0.8956702139182396,3,ORG,SSO support,support,2
695,2026-02-09,Stark Data Systems,SMB,FlowPilot,support,negative,Opened a ticket about FlowPilot five days ago and still no response from support.,negative,0.8021477738425319,2,"DATE,ORG",still no response,support,6
696,2025-09-28,Massive Dynamic,SMB,DataSync Pro,onboarding,neutral,"Setup for DataSync Pro took longer than expected, would be nice to have a clearer setup wizard.",neutral,0.6914222084479202,0,,a clearer setup wizard,onboarding,3
697,2026-04-07,Cyberdyne Systems,Enterprise,MetricHub,feature_request,neutral,Any plans to add SSO support to MetricHub? We'd need that to expand usage at Cyberdyne Systems.,neutral,0.8914702260735999,3,ORG,Cyberdyne Systems,unknown,2
698,2026-03-02,Hooli,SMB,MetricHub,onboarding,positive,The onboarding docs for MetricHub are a bit outdated but our team at Hooli figured it out eventually.,neutral,0.7332304895776307,2,"ORG,PERSON",The onboarding docs,onboarding,0
699,2026-03-19,Acme Corp,SMB,QuickReport,praise,positive,Support resolved our QuickReport issue within the hour -- great experience overall.,positive,0.9475530199403878,2,"ORG,TIME",our QuickReport issue,unknown,6
700,2026-04-11,Wayne Analytics,Enterprise,QuickReport,bug,negative,Found a bug in QuickReport where exported reports show the wrong currency symbol.,negative,0.8219647568914438,1,ORG,the wrong currency symbol,unknown,7
701,2026-04-09,Wayne Analytics,Enterprise,DataSync Pro,feature_request,neutral,Would love to see a dark mode added to DataSync Pro in a future release.,neutral,0.7402102656028492,1,PRODUCT,a future release,unknown,4
702,2026-09-25,Cyberdyne Systems,SMB,QuickReport,performance,negative,"QuickReport has been timing out constantly since the last update, our team at Cyberdyne Systems can't get work done.",negative,0.8648920182661912,2,ORG,Cyberdyne Systems,unknown,7
703,2026-07-14,Acme Corp,SMB,MetricHub,praise,positive,"MetricHub has completely streamlined reporting for Acme Corp, couldn't be happier with the results.",positive,0.9040838017051773,2,ORG,the results,unknown,3
704,2025-09-18,Massive Dynamic,Enterprise,FlowPilot,bug,neutral,FlowPilot's new filter feature crashes the app when we select more than 5 tags.,negative,0.8849345975804095,2,"CARDINAL,ORG",FlowPilot's new filter feature,unknown,5
705,2026-09-27,Wayne Analytics,SMB,DataSync Pro,performance,negative,We're seeing frequent 500 errors in DataSync Pro during peak hours.,negative,0.8848384183212116,2,"CARDINAL,ORG",frequent 500 errors,performance,7
706,2026-08-08,Initech,Startup,DataSync Pro,onboarding,neutral,The onboarding docs for DataSync Pro are a bit outdated but our team at Initech figured it out eventually.,neutral,0.7565475487787742,1,ORG,The onboarding docs,onboarding,0
707,2025-10-13,Wayne Analytics,Enterprise,InsightBoard,performance,negative,We're seeing frequent 500 errors in InsightBoard during peak hours.,negative,0.6515610966645977,2,"CARDINAL,ORG",frequent 500 errors,performance,7
708,2025-09-10,Stark Data Systems,Enterprise,QuickReport,onboarding,neutral,New team members at Stark Data Systems find the QuickReport admin console confusing at first.,neutral,0.8323736618363471,3,"ORDINAL,ORG",the QuickReport admin console,onboarding,1
709,2026-02-14,Soylent Corp,Startup,MetricHub,support,negative,The support team at Soylent Corp keeps closing our MetricHub tickets without actually resolving the issue.,negative,0.74915191815448,2,ORG,our MetricHub tickets,support,6
710,2026-09-07,Wayne Analytics,SMB,FlowPilot,feature_request,neutral,Would love to see a dark mode added to FlowPilot in a future release.,neutral,0.7772544021112159,1,ORG,a future release,unknown,4
711,2026-08-05,Initech,Enterprise,QuickReport,performance,negative,"Dashboard loads take over 30 seconds in QuickReport, this is unacceptable for Initech's reporting needs.",negative,0.7646395505537025,4,"ORG,PERSON,TIME",Initech's reporting needs,unknown,3
712,2025-11-04,Initech,Startup,MetricHub,performance,negative,We're seeing frequent 500 errors in MetricHub during peak hours.,negative,0.8753164810198771,2,"CARDINAL,ORG",frequent 500 errors,performance,7
713,2026-01-25,Initech,Startup,FlowPilot,support,negative,Support wait times for FlowPilot have gotten noticeably worse this quarter.,negative,0.8773696561949629,2,"DATE,ORG",Support,support,6
714,2026-07-04,Initech,Enterprise,MetricHub,onboarding,neutral,New team members at Initech find the MetricHub admin console confusing at first.,neutral,0.8752901348560591,3,"ORDINAL,ORG",the MetricHub admin console,onboarding,1
715,2026-04-13,Initech,SMB,DataSync Pro,feature_request,neutral,Would love to see a dark mode added to DataSync Pro in a future release.,neutral,0.7402102656028492,1,PRODUCT,a future release,unknown,4
716,2025-11-07,Stark Data Systems,Startup,FlowPilot,billing,negative,Getting a refund for the FlowPilot overcharge took three weeks. Very frustrating billing process.,negative,0.8515634727305043,2,"DATE,ORG",Very frustrating billing process,billing,3
717,2026-07-04,Initech,SMB,InsightBoard,feature_request,neutral,Any plans to add SSO support to InsightBoard? We'd need that to expand usage at Initech.,neutral,0.8113774485889487,3,ORG,SSO support,support,2
718,2026-08-05,Stark Data Systems,Startup,MetricHub,feature_request,neutral,Any plans to add SSO support to MetricHub? We'd need that to expand usage at Stark Data Systems.,neutral,0.8445095623339031,3,ORG,Stark Data Systems,unknown,2
719,2026-01-04,Soylent Corp,Enterprise,MetricHub,bug,neutral,Found a bug in MetricHub where exported reports show the wrong currency symbol.,negative,0.8149342942734071,1,ORG,the wrong currency symbol,unknown,7
720,2025-12-25,Massive Dynamic,Startup,QuickReport,praise,positive,"QuickReport has completely streamlined reporting for Massive Dynamic, couldn't be happier with the results.",positive,0.937471863342059,2,"ORG,PERSON",Massive Dynamic,unknown,3
721,2026-03-10,Umbrella Labs,Startup,InsightBoard,support,negative,Support wait times for InsightBoard have gotten noticeably worse this quarter.,negative,0.7973506347562989,2,"DATE,ORG",Support,support,6
722,2026-08-16,Soylent Corp,Enterprise,FlowPilot,performance,negative,"FlowPilot has been timing out constantly since the last update, our team at Soylent Corp can't get work done.",negative,0.8519047208098067,2,ORG,the last update,unknown,7
723,2025-10-04,Initech,Startup,DataSync Pro,support,negative,Opened a ticket about DataSync Pro five days ago and still no response from support.,negative,0.7940451734504377,2,"DATE,PRODUCT",still no response,support,6
724,2025-10-24,Acme Corp,Startup,DataSync Pro,praise,neutral,DataSync Pro just works. Rock solid uptime and the Acme Corp team is very satisfied.,positive,0.8539071596597401,1,ORG,the Acme Corp team,unknown,0
725,2026-01-09,Stark Data Systems,SMB,QuickReport,feature_request,neutral,Would love to see a dark mode added to QuickReport in a future release.,neutral,0.7180881484446326,1,ORG,a future release,unknown,4
726,2026-01-12,Globex Inc,Enterprise,QuickReport,bug,negative,Found a bug in QuickReport where exported reports show the wrong currency symbol.,negative,0.8219647568914438,1,ORG,the wrong currency symbol,unknown,7
727,2026-09-02,Hooli,Enterprise,DataSync Pro,praise,neutral,"The new DataSync Pro update is fantastic, our team at Hooli loves the redesigned interface.",positive,0.8494566154524408,2,"GPE,ORG",The new DataSync Pro update,bug,7
728,2026-04-20,Acme Corp,SMB,InsightBoard,billing,negative,We were double-charged for InsightBoard this month and support at Acme Corp has been slow to respond.,negative,0.8460728716032389,3,"DATE,ORG",Acme Corp,unknown,6
729,2025-11-04,Globex Inc,SMB,InsightBoard,support,negative,Support wait times for InsightBoard have gotten noticeably worse this quarter.,negative,0.7973506347562989,2,"DATE,ORG",Support,support,6
730,2026-08-28,Massive Dynamic,SMB,InsightBoard,bug,negative,InsightBoard's new filter feature crashes the app when we select more than 5 tags.,negative,0.8749854429887887,2,"CARDINAL,ORG",InsightBoard's new filter feature,unknown,5
731,2026-08-24,Acme Corp,Enterprise,DataSync Pro,bug,negative,DataSync Pro's new filter feature crashes the app when we select more than 5 tags.,negative,0.9016175535663691,1,CARDINAL,DataSync Pro's new filter feature,bug,5
732,2026-04-26,Globex Inc,Startup,FlowPilot,billing,negative,We were double-charged for FlowPilot this month and support at Globex Inc has been slow to respond.,negative,0.8297033424563722,3,"DATE,FAC,ORG",Globex Inc,unknown,6
733,2026-03-25,Massive Dynamic,Startup,QuickReport,onboarding,positive,New team members at Massive Dynamic find the QuickReport admin console confusing at first.,neutral,0.8789329834664181,3,"ORDINAL,ORG",the QuickReport admin console,onboarding,1
734,2026-04-04,Initech,SMB,QuickReport,support,negative,Support wait times for QuickReport have gotten noticeably worse this quarter.,negative,0.8542249179194534,2,"DATE,ORG",Support,support,6
735,2026-07-11,Initech,SMB,DataSync Pro,bug,negative,DataSync Pro's new filter feature crashes the app when we select more than 5 tags.,negative,0.9016175535663691,1,CARDINAL,DataSync Pro's new filter feature,bug,5
736,2026-06-08,Soylent Corp,Startup,MetricHub,billing,negative,Getting a refund for the MetricHub overcharge took three weeks. Very frustrating billing process.,negative,0.8401558883569069,2,"DATE,ORG",Very frustrating billing process,billing,3
737,2026-08-20,Soylent Corp,Startup,MetricHub,feature_request,neutral,It would help Soylent Corp a lot if MetricHub supported bulk export to Excel.,neutral,0.860603832824942,3,"ORG,PRODUCT",Soylent Corp,unknown,7
738,2026-07-22,Umbrella Labs,SMB,FlowPilot,billing,negative,The invoice for FlowPilot doesn't match our contract pricing -- billing needs to fix this ASAP.,negative,0.8332377145867494,2,ORG,our contract pricing,billing,3
739,2025-09-01,Acme Corp,Startup,MetricHub,feature_request,neutral,It would help Acme Corp a lot if MetricHub supported bulk export to Excel.,neutral,0.9095363764244443,3,"ORG,PRODUCT",bulk export,bug,7
740,2025-11-03,Soylent Corp,SMB,FlowPilot,feature_request,neutral,Would love to see a dark mode added to FlowPilot in a future release.,neutral,0.7772544021112159,1,ORG,a future release,unknown,4
741,2026-01-02,Wayne Analytics,SMB,QuickReport,praise,positive,QuickReport just works. Rock solid uptime and the Wayne Analytics team is very satisfied.,positive,0.880873378785899,1,ORG,the Wayne Analytics team,unknown,0
742,2025-12-03,Soylent Corp,SMB,FlowPilot,onboarding,neutral,The onboarding docs for FlowPilot are a bit outdated but our team at Soylent Corp figured it out eventually.,neutral,0.7157892237803316,2,ORG,The onboarding docs,onboarding,0
743,2026-04-15,Cyberdyne Systems,Enterprise,FlowPilot,bug,negative,FlowPilot's new filter feature crashes the app when we select more than 5 tags.,negative,0.8849345975804095,2,"CARDINAL,ORG",FlowPilot's new filter feature,unknown,5
744,2026-03-14,Massive Dynamic,Enterprise,DataSync Pro,support,negative,Opened a ticket about DataSync Pro five days ago and still no response from support.,negative,0.7940451734504377,2,"DATE,PRODUCT",still no response,support,6
745,2026-09-20,Soylent Corp,Enterprise,DataSync Pro,billing,negative,Getting a refund for the DataSync Pro overcharge took three weeks. Very frustrating billing process.,negative,0.7815169718618963,2,"DATE,ORG",Very frustrating billing process,billing,3
746,2025-12-21,Stark Data Systems,Startup,MetricHub,onboarding,neutral,New team members at Stark Data Systems find the MetricHub admin console confusing at first.,neutral,0.8563885049404746,3,"ORDINAL,ORG",the MetricHub admin console,onboarding,1
747,2025-12-28,Wayne Analytics,Enterprise,InsightBoard,feature_request,positive,It would help Wayne Analytics a lot if InsightBoard supported bulk export to Excel.,neutral,0.8745278227407838,3,"ORG,PERSON,PRODUCT",Wayne Analytics,unknown,7
748,2026-04-23,Soylent Corp,Startup,MetricHub,bug,negative,MetricHub's new filter feature crashes the app when we select more than 5 tags.,negative,0.8796970943181684,2,"CARDINAL,ORG",MetricHub's new filter feature,unknown,5
749,2026-09-22,Massive Dynamic,Enterprise,DataSync Pro,feature_request,positive,It would help Massive Dynamic a lot if DataSync Pro supported bulk export to Excel.,neutral,0.7438103898790439,2,"PERSON,PRODUCT",Massive Dynamic,unknown,7
750,2026-09-10,Wayne Analytics,Startup,InsightBoard,performance,negative,"InsightBoard has been timing out constantly since the last update, our team at Wayne Analytics can't get work done.",negative,0.794613799977881,2,ORG,the last update,unknown,7
751,2025-11-16,Wayne Analytics,Enterprise,DataSync Pro,onboarding,neutral,New team members at Wayne Analytics find the DataSync Pro admin console confusing at first.,neutral,0.8854223336624274,3,"ORDINAL,ORG",the DataSync Pro admin console,bug,1
752,2026-06-07,Hooli,SMB,DataSync Pro,performance,negative,We're seeing frequent 500 errors in DataSync Pro during peak hours.,negative,0.8848384183212116,2,"CARDINAL,ORG",frequent 500 errors,performance,7
753,2026-09-07,Hooli,SMB,QuickReport,performance,negative,"QuickReport has been timing out constantly since the last update, our team at Hooli can't get work done.",negative,0.8672482724249981,2,"GPE,ORG",the last update,unknown,7
754,2026-07-27,Globex Inc,Enterprise,FlowPilot,feature_request,neutral,It would help Globex Inc a lot if FlowPilot supported bulk export to Excel.,neutral,0.9180292194740965,3,"ORG,PERSON,PRODUCT",bulk export,bug,7
755,2026-07-19,Globex Inc,SMB,FlowPilot,feature_request,neutral,Any plans to add SSO support to FlowPilot? We'd need that to expand usage at Globex Inc.,neutral,0.623463328928528,3,ORG,SSO support,support,2
756,2026-08-02,Massive Dynamic,Startup,DataSync Pro,onboarding,neutral,The onboarding docs for DataSync Pro are a bit outdated but our team at Massive Dynamic figured it out eventually.,neutral,0.8111514104129515,1,ORG,The onboarding docs,onboarding,0
757,2026-09-06,Cyberdyne Systems,Startup,FlowPilot,onboarding,neutral,"Setup for FlowPilot took longer than expected, would be nice to have a clearer setup wizard.",neutral,0.712107551866232,1,ORG,a clearer setup wizard,onboarding,3
758,2026-03-22,Acme Corp,Enterprise,QuickReport,feature_request,neutral,Any plans to add SSO support to QuickReport? We'd need that to expand usage at Acme Corp.,neutral,0.8151433312930639,3,ORG,SSO support,support,2
759,2026-03-20,Wayne Analytics,SMB,MetricHub,onboarding,neutral,New team members at Wayne Analytics find the MetricHub admin console confusing at first.,neutral,0.9339642571465125,3,"ORDINAL,ORG",the MetricHub admin console,onboarding,1
760,2026-01-15,Stark Data Systems,SMB,FlowPilot,feature_request,neutral,Would love to see a dark mode added to FlowPilot in a future release.,neutral,0.7772544021112159,1,ORG,a future release,unknown,4
761,2026-08-24,Acme Corp,Startup,FlowPilot,praise,positive,Support resolved our FlowPilot issue within the hour -- great experience overall.,positive,0.9539029363686076,2,"ORG,TIME",our FlowPilot issue,unknown,6
762,2026-08-18,Soylent Corp,Startup,InsightBoard,onboarding,neutral,"Setup for InsightBoard took longer than expected, would be nice to have a clearer setup wizard.",neutral,0.8195783722305164,1,ORG,a clearer setup wizard,onboarding,3
763,2026-08-10,Umbrella Labs,Startup,QuickReport,feature_request,neutral,Would love to see a dark mode added to QuickReport in a future release.,neutral,0.7180881484446326,1,ORG,a future release,unknown,4
764,2026-05-23,Acme Corp,Startup,QuickReport,feature_request,neutral,It would help Acme Corp a lot if QuickReport supported bulk export to Excel.,neutral,0.8299669365152624,3,"ORG,PRODUCT",bulk export,bug,7
765,2026-04-19,Globex Inc,Startup,InsightBoard,feature_request,neutral,It would help Globex Inc a lot if InsightBoard supported bulk export to Excel.,neutral,0.8632042082422425,3,"ORG,PERSON,PRODUCT",bulk export,bug,7
766,2026-03-26,Hooli,SMB,MetricHub,onboarding,neutral,New team members at Hooli find the MetricHub admin console confusing at first.,neutral,0.9337980327509264,3,"GPE,ORDINAL,ORG",the MetricHub admin console,onboarding,1
767,2025-11-02,Globex Inc,SMB,DataSync Pro,billing,negative,Getting a refund for the DataSync Pro overcharge took three weeks. Very frustrating billing process.,negative,0.7815169718618963,2,"DATE,ORG",Very frustrating billing process,billing,3
768,2026-01-22,Umbrella Labs,Enterprise,InsightBoard,feature_request,neutral,Would love to see a dark mode added to InsightBoard in a future release.,neutral,0.834952071949089,1,ORG,a future release,unknown,4
769,2026-09-18,Initech,Enterprise,InsightBoard,support,negative,Opened a ticket about InsightBoard five days ago and still no response from support.,negative,0.7276515661837327,2,"DATE,ORG",still no response,support,6
770,2026-07-24,Massive Dynamic,Startup,DataSync Pro,billing,negative,The invoice for DataSync Pro doesn't match our contract pricing -- billing needs to fix this ASAP.,negative,0.8724593560081184,1,ORG,our contract pricing,billing,3
771,2026-05-26,Soylent Corp,Enterprise,FlowPilot,onboarding,neutral,The onboarding docs for FlowPilot are a bit outdated but our team at Soylent Corp figured it out eventually.,neutral,0.7157892237803316,2,ORG,The onboarding docs,onboarding,0
772,2026-03-26,Initech,SMB,FlowPilot,praise,positive,"The new FlowPilot update is fantastic, our team at Initech loves the redesigned interface.",positive,0.8662094931813958,2,"NORP,ORG",The new FlowPilot update,unknown,7
773,2026-08-09,Soylent Corp,Enterprise,DataSync Pro,feature_request,neutral,It would help Soylent Corp a lot if DataSync Pro supported bulk export to Excel.,neutral,0.8481962505956652,2,"ORG,PRODUCT",Soylent Corp,unknown,7
774,2026-08-23,Massive Dynamic,Startup,QuickReport,performance,negative,We're seeing frequent 500 errors in QuickReport during peak hours.,negative,0.8595937072106011,2,"CARDINAL,ORG",frequent 500 errors,performance,7
775,2026-06-07,Cyberdyne Systems,Startup,MetricHub,feature_request,neutral,It would help Cyberdyne Systems a lot if MetricHub supported bulk export to Excel.,neutral,0.8462670963772859,3,"ORG,PRODUCT",Cyberdyne Systems,unknown,7
776,2026-07-03,Stark Data Systems,Enterprise,FlowPilot,praise,positive,Support resolved our FlowPilot issue within the hour -- great experience overall.,positive,0.9539029363686076,2,"ORG,TIME",our FlowPilot issue,unknown,6
777,2025-09-14,Soylent Corp,SMB,DataSync Pro,performance,negative,"DataSync Pro has been timing out constantly since the last update, our team at Soylent Corp can't get work done.",negative,0.8157886438581677,1,ORG,the last update,unknown,7
778,2026-06-28,Stark Data Systems,Enterprise,QuickReport,support,negative,Support wait times for QuickReport have gotten noticeably worse this quarter.,negative,0.8542249179194534,2,"DATE,ORG",Support,support,6
779,2025-11-02,Wayne Analytics,Startup,FlowPilot,support,neutral,Opened a ticket about FlowPilot five days ago and still no response from support.,negative,0.8021477738425319,2,"DATE,ORG",still no response,support,6
780,2026-06-27,Cyberdyne Systems,Startup,DataSync Pro,performance,negative,"Dashboard loads take over 30 seconds in DataSync Pro, this is unacceptable for Cyberdyne Systems's reporting needs.",negative,0.9190161398464438,3,"ORG,PERSON,TIME",Cyberdyne Systems's reporting needs,unknown,3
781,2026-02-03,Massive Dynamic,Startup,MetricHub,feature_request,neutral,It would help Massive Dynamic a lot if MetricHub supported bulk export to Excel.,neutral,0.7581923231082368,3,"ORG,PERSON,PRODUCT",Massive Dynamic,unknown,7
782,2026-05-03,Soylent Corp,Enterprise,QuickReport,praise,positive,"The new QuickReport update is fantastic, our team at Soylent Corp loves the redesigned interface.",positive,0.8797951518622888,2,ORG,The new QuickReport update,unknown,7
783,2026-03-03,Hooli,Startup,MetricHub,praise,positive,Support resolved our MetricHub issue within the hour -- great experience overall.,positive,0.9345933807860626,2,"ORG,TIME",our MetricHub issue,unknown,6
784,2026-02-10,Umbrella Labs,SMB,InsightBoard,support,negative,Opened a ticket about InsightBoard five days ago and still no response from support.,negative,0.7276515661837327,2,"DATE,ORG",still no response,support,6
785,2026-09-21,Soylent Corp,Startup,FlowPilot,performance,negative,We're seeing frequent 500 errors in FlowPilot during peak hours.,negative,0.8245280845059025,2,"CARDINAL,ORG",frequent 500 errors,performance,7
786,2026-07-20,Wayne Analytics,Enterprise,FlowPilot,billing,negative,We were double-charged for FlowPilot this month and support at Wayne Analytics has been slow to respond.,negative,0.7860083364046849,3,"DATE,ORG",Wayne Analytics,unknown,6
787,2026-09-04,Initech,SMB,InsightBoard,onboarding,positive,The onboarding docs for InsightBoard are a bit outdated but our team at Initech figured it out eventually.,neutral,0.5795137224925704,2,ORG,The onboarding docs,onboarding,0
788,2026-05-27,Soylent Corp,Enterprise,InsightBoard,bug,negative,InsightBoard's new filter feature crashes the app when we select more than 5 tags.,negative,0.8749854429887887,2,"CARDINAL,ORG",InsightBoard's new filter feature,unknown,5
789,2026-04-02,Soylent Corp,SMB,MetricHub,praise,positive,"The new MetricHub update is fantastic, our team at Soylent Corp loves the redesigned interface.",positive,0.8617231838697709,2,ORG,The new MetricHub update,unknown,7
790,2025-10-04,Umbrella Labs,Startup,InsightBoard,support,negative,Support wait times for InsightBoard have gotten noticeably worse this quarter.,negative,0.7973506347562989,2,"DATE,ORG",Support,support,6
791,2025-10-07,Soylent Corp,Startup,DataSync Pro,performance,negative,We're seeing frequent 500 errors in DataSync Pro during peak hours.,negative,0.8848384183212116,2,"CARDINAL,ORG",frequent 500 errors,performance,7
792,2025-12-18,Umbrella Labs,Enterprise,FlowPilot,feature_request,neutral,Any plans to add SSO support to FlowPilot? We'd need that to expand usage at Umbrella Labs.,neutral,0.772118062445789,3,ORG,Umbrella Labs,unknown,2
793,2026-04-23,Globex Inc,Enterprise,QuickReport,praise,neutral,QuickReport just works. Rock solid uptime and the Globex Inc team is very satisfied.,positive,0.9084803747080986,1,ORG,the Globex Inc team,unknown,0
794,2025-11-26,Globex Inc,Enterprise,DataSync Pro,support,negative,Opened a ticket about DataSync Pro five days ago and still no response from support.,negative,0.7940451734504377,2,"DATE,PRODUCT",still no response,support,6
795,2026-01-14,Globex Inc,Enterprise,MetricHub,support,negative,Support wait times for MetricHub have gotten noticeably worse this quarter.,negative,0.7896377312304317,2,"DATE,ORG",Support,support,6
796,2025-09-13,Hooli,SMB,FlowPilot,bug,negative,FlowPilot's new filter feature crashes the app when we select more than 5 tags.,negative,0.8849345975804095,2,"CARDINAL,ORG",FlowPilot's new filter feature,unknown,5
797,2026-08-20,Soylent Corp,Startup,DataSync Pro,feature_request,neutral,Would love to see a dark mode added to DataSync Pro in a future release.,neutral,0.7402102656028492,1,PRODUCT,a future release,unknown,4
798,2025-10-12,Cyberdyne Systems,Startup,DataSync Pro,billing,neutral,Getting a refund for the DataSync Pro overcharge took three weeks. Very frustrating billing process.,negative,0.7815169718618963,2,"DATE,ORG",Very frustrating billing process,billing,3
799,2025-10-10,Stark Data Systems,Startup,InsightBoard,onboarding,neutral,The onboarding docs for InsightBoard are a bit outdated but our team at Stark Data Systems figured it out eventually.,neutral,0.5581583659569962,2,ORG,The onboarding docs,onboarding,0
800,2025-09-16,Hooli,Startup,FlowPilot,praise,positive,FlowPilot just works. Rock solid uptime and the Hooli team is very satisfied.,positive,0.8881041676371045,2,"NORP,ORG",Rock solid uptime,praise,0
801,2026-03-26,Umbrella Labs,Startup,QuickReport,performance,negative,We're seeing frequent 500 errors in QuickReport during peak hours.,negative,0.8595937072106011,2,"CARDINAL,ORG",frequent 500 errors,performance,7
802,2026-09-28,Acme Corp,Startup,InsightBoard,praise,positive,"The new InsightBoard update is fantastic, our team at Acme Corp loves the redesigned interface.",positive,0.9232211599308464,2,ORG,The new InsightBoard update,unknown,7
803,2026-05-05,Wayne Analytics,Startup,DataSync Pro,feature_request,neutral,Any plans to add SSO support to DataSync Pro? We'd need that to expand usage at Wayne Analytics.,neutral,0.7866520174173676,2,ORG,Wayne Analytics,unknown,2
804,2026-03-18,Initech,Startup,MetricHub,billing,negative,We were double-charged for MetricHub this month and support at Initech has been slow to respond.,negative,0.8357075978150336,3,"DATE,ORG",We,unknown,6
805,2026-08-24,Stark Data Systems,Startup,QuickReport,onboarding,positive,The onboarding docs for QuickReport are a bit outdated but our team at Stark Data Systems figured it out eventually.,neutral,0.6665755674513878,2,ORG,The onboarding docs,onboarding,0
806,2025-11-06,Hooli,Enterprise,MetricHub,support,negative,Opened a ticket about MetricHub five days ago and still no response from support.,negative,0.8502571486942204,2,"DATE,ORG",still no response,support,6
807,2025-11-22,Stark Data Systems,Enterprise,QuickReport,performance,neutral,We're seeing frequent 500 errors in QuickReport during peak hours.,negative,0.8595937072106011,2,"CARDINAL,ORG",frequent 500 errors,performance,7
808,2026-05-03,Soylent Corp,Startup,FlowPilot,praise,positive,"FlowPilot has completely streamlined reporting for Soylent Corp, couldn't be happier with the results.",positive,0.9442826826883016,2,ORG,Soylent Corp,unknown,3
809,2025-12-24,Globex Inc,Enterprise,InsightBoard,support,neutral,Support wait times for InsightBoard have gotten noticeably worse this quarter.,negative,0.7973506347562989,2,"DATE,ORG",Support,support,6
810,2026-07-21,Wayne Analytics,Enterprise,InsightBoard,onboarding,neutral,"Setup for InsightBoard took longer than expected, would be nice to have a clearer setup wizard.",neutral,0.8195783722305164,1,ORG,a clearer setup wizard,onboarding,3
811,2025-12-11,Stark Data Systems,Enterprise,MetricHub,performance,negative,"MetricHub has been timing out constantly since the last update, our team at Stark Data Systems can't get work done.",negative,0.7562096614340352,2,ORG,Stark Data Systems,unknown,7
812,2026-01-23,Wayne Analytics,Startup,MetricHub,bug,negative,MetricHub's new filter feature crashes the app when we select more than 5 tags.,negative,0.8796970943181684,2,"CARDINAL,ORG",MetricHub's new filter feature,unknown,5
813,2026-09-11,Cyberdyne Systems,SMB,MetricHub,onboarding,neutral,The onboarding docs for MetricHub are a bit outdated but our team at Cyberdyne Systems figured it out eventually.,neutral,0.6912288936604407,2,ORG,The onboarding docs,onboarding,0
814,2026-09-08,Initech,Enterprise,InsightBoard,bug,negative,Found a bug in InsightBoard where exported reports show the wrong currency symbol.,negative,0.6628158991728411,1,ORG,the wrong currency symbol,unknown,7
815,2025-11-22,Hooli,SMB,InsightBoard,feature_request,neutral,Any plans to add SSO support to InsightBoard? We'd need that to expand usage at Hooli.,neutral,0.9056963999606945,3,"GPE,ORG",SSO support,support,2
816,2026-02-25,Massive Dynamic,SMB,FlowPilot,feature_request,neutral,It would help Massive Dynamic a lot if FlowPilot supported bulk export to Excel.,neutral,0.7853501088486642,3,"ORG,PERSON,PRODUCT",Massive Dynamic,unknown,7
817,2026-07-20,Soylent Corp,Enterprise,DataSync Pro,support,negative,The support team at Soylent Corp keeps closing our DataSync Pro tickets without actually resolving the issue.,negative,0.8631902406208896,2,ORG,our DataSync Pro tickets,support,6
818,2026-01-24,Acme Corp,Enterprise,MetricHub,billing,negative,The invoice for MetricHub doesn't match our contract pricing -- billing needs to fix this ASAP.,negative,0.7850364647255685,2,ORG,our contract pricing,billing,3
819,2026-07-01,Globex Inc,Startup,DataSync Pro,feature_request,neutral,Would love to see a dark mode added to DataSync Pro in a future release.,neutral,0.7402102656028492,1,PRODUCT,a future release,unknown,4
820,2026-05-09,Cyberdyne Systems,Enterprise,QuickReport,praise,positive,QuickReport just works. Rock solid uptime and the Cyberdyne Systems team is very satisfied.,positive,0.8972259862297669,2,ORG,the Cyberdyne Systems team,unknown,0
821,2026-03-08,Massive Dynamic,SMB,QuickReport,onboarding,neutral,New team members at Massive Dynamic find the QuickReport admin console confusing at first.,neutral,0.8789329834664181,3,"ORDINAL,ORG",the QuickReport admin console,onboarding,1
822,2026-05-03,Acme Corp,Startup,FlowPilot,praise,positive,"The new FlowPilot update is fantastic, our team at Acme Corp loves the redesigned interface.",positive,0.8558712249152283,2,ORG,The new FlowPilot update,unknown,7
823,2025-12-28,Soylent Corp,Startup,DataSync Pro,bug,negative,DataSync Pro's new filter feature crashes the app when we select more than 5 tags.,negative,0.9016175535663691,1,CARDINAL,DataSync Pro's new filter feature,bug,5
824,2025-11-06,Soylent Corp,SMB,QuickReport,praise,positive,Support resolved our QuickReport issue within the hour -- great experience overall.,positive,0.9475530199403878,2,"ORG,TIME",our QuickReport issue,unknown,6
825,2025-09-08,Acme Corp,SMB,FlowPilot,onboarding,neutral,New team members at Acme Corp find the FlowPilot admin console confusing at first.,neutral,0.8220811249898684,3,"ORDINAL,ORG",the FlowPilot admin console,onboarding,1
826,2026-02-08,Umbrella Labs,SMB,DataSync Pro,praise,positive,DataSync Pro just works. Rock solid uptime and the Umbrella Labs team is very satisfied.,positive,0.8765134409424232,1,ORG,the Umbrella Labs team,unknown,0
827,2026-03-16,Umbrella Labs,SMB,MetricHub,billing,negative,Getting a refund for the MetricHub overcharge took three weeks. Very frustrating billing process.,negative,0.8401558883569069,2,"DATE,ORG",Very frustrating billing process,billing,3
828,2026-08-17,Initech,Enterprise,InsightBoard,bug,negative,Found a bug in InsightBoard where exported reports show the wrong currency symbol.,negative,0.6628158991728411,1,ORG,the wrong currency symbol,unknown,7
829,2026-06-06,Stark Data Systems,Startup,MetricHub,feature_request,positive,It would help Stark Data Systems a lot if MetricHub supported bulk export to Excel.,neutral,0.7976463380096342,3,"ORG,PRODUCT",Stark Data Systems,unknown,0
830,2026-07-27,Hooli,Startup,InsightBoard,bug,neutral,Data sync between InsightBoard and our CRM has been dropping records intermittently.,negative,0.784861856413665,2,"ORG,PRODUCT",Data sync,bug,0
831,2026-05-13,Stark Data Systems,Enterprise,FlowPilot,billing,negative,Getting a refund for the FlowPilot overcharge took three weeks. Very frustrating billing process.,negative,0.8515634727305043,2,"DATE,ORG",Very frustrating billing process,billing,3
832,2025-09-17,Massive Dynamic,Startup,FlowPilot,support,negative,The support team at Massive Dynamic keeps closing our FlowPilot tickets without actually resolving the issue.,negative,0.8034397275818714,2,ORG,our FlowPilot tickets,support,6
833,2026-05-21,Acme Corp,Enterprise,QuickReport,performance,negative,"Dashboard loads take over 30 seconds in QuickReport, this is unacceptable for Acme Corp's reporting needs.",negative,0.8625548730462702,4,"ORG,PERSON,TIME",Acme Corp's reporting needs,unknown,3
834,2026-02-20,Acme Corp,Enterprise,QuickReport,support,negative,Opened a ticket about QuickReport five days ago and still no response from support.,negative,0.7367195099860478,2,"DATE,ORG",still no response,support,6
835,2026-08-04,Umbrella Labs,SMB,FlowPilot,feature_request,neutral,Would love to see a dark mode added to FlowPilot in a future release.,neutral,0.7772544021112159,1,ORG,a future release,unknown,4
836,2026-06-06,Massive Dynamic,Enterprise,FlowPilot,bug,negative,Data sync between FlowPilot and our CRM has been dropping records intermittently.,negative,0.7266052827531411,2,"ORG,PRODUCT",Data sync,bug,0
837,2025-11-19,Initech,Enterprise,QuickReport,feature_request,neutral,It would help Initech a lot if QuickReport supported bulk export to Excel.,neutral,0.6541409105209183,3,"NORP,ORG,PRODUCT",bulk export,bug,7
838,2026-06-05,Acme Corp,Enterprise,MetricHub,onboarding,neutral,The onboarding docs for MetricHub are a bit outdated but our team at Acme Corp figured it out eventually.,neutral,0.5678069402799658,2,ORG,The onboarding docs,onboarding,0
839,2026-03-20,Stark Data Systems,Startup,QuickReport,billing,negative,We were double-charged for QuickReport this month and support at Stark Data Systems has been slow to respond.,negative,0.764852201423118,3,"DATE,ORG",Stark Data Systems,unknown,6
840,2025-12-15,Initech,Enterprise,InsightBoard,onboarding,neutral,New team members at Initech find the InsightBoard admin console confusing at first.,neutral,0.8478795195431472,3,"ORDINAL,ORG",the InsightBoard admin console,onboarding,1
841,2026-03-20,Massive Dynamic,Enterprise,QuickReport,onboarding,neutral,"Setup for QuickReport took longer than expected, would be nice to have a clearer setup wizard.",neutral,0.8864772034004458,1,ORG,a clearer setup wizard,onboarding,3
842,2026-05-09,Acme Corp,Startup,MetricHub,performance,negative,We're seeing frequent 500 errors in MetricHub during peak hours.,negative,0.8753164810198771,2,"CARDINAL,ORG",frequent 500 errors,performance,7
843,2026-06-03,Wayne Analytics,Startup,FlowPilot,performance,negative,We're seeing frequent 500 errors in FlowPilot during peak hours.,negative,0.8245280845059025,2,"CARDINAL,ORG",frequent 500 errors,performance,7
844,2025-09-07,Hooli,Enterprise,QuickReport,performance,negative,"Dashboard loads take over 30 seconds in QuickReport, this is unacceptable for Hooli's reporting needs.",negative,0.7334435368637123,4,"ORG,PERSON,TIME",Hooli's reporting needs,unknown,3
845,2025-10-06,Hooli,Startup,QuickReport,onboarding,neutral,New team members at Hooli find the QuickReport admin console confusing at first.,neutral,0.9278166470179702,3,"GPE,ORDINAL,ORG",the QuickReport admin console,onboarding,1
846,2026-05-25,Cyberdyne Systems,Startup,DataSync Pro,bug,neutral,Data sync between DataSync Pro and our CRM has been dropping records intermittently.,negative,0.8603474287724876,1,PRODUCT,DataSync Pro,bug,0
847,2026-05-27,Massive Dynamic,Startup,QuickReport,billing,negative,We were double-charged for QuickReport this month and support at Massive Dynamic has been slow to respond.,negative,0.8227746863076724,3,"DATE,ORG",Massive Dynamic,unknown,6
848,2026-02-28,Hooli,SMB,MetricHub,billing,negative,Getting a refund for the MetricHub overcharge took three weeks. Very frustrating billing process.,negative,0.8401558883569069,2,"DATE,ORG",Very frustrating billing process,billing,3
849,2026-09-16,Soylent Corp,Enterprise,FlowPilot,billing,negative,Getting a refund for the FlowPilot overcharge took three weeks. Very frustrating billing process.,negative,0.8515634727305043,2,"DATE,ORG",Very frustrating billing process,billing,3
850,2026-09-27,Wayne Analytics,Startup,MetricHub,praise,positive,MetricHub just works. Rock solid uptime and the Wayne Analytics team is very satisfied.,positive,0.9147034281389258,1,ORG,the Wayne Analytics team,unknown,0
851,2026-01-16,Globex Inc,Enterprise,FlowPilot,feature_request,positive,Any plans to add SSO support to FlowPilot? We'd need that to expand usage at Globex Inc.,neutral,0.623463328928528,3,ORG,SSO support,support,2
852,2026-05-14,Globex Inc,Startup,InsightBoard,praise,positive,Support resolved our InsightBoard issue within the hour -- great experience overall.,positive,0.9114717590129222,2,"ORG,TIME",our InsightBoard issue,unknown,6
853,2026-05-04,Initech,Startup,DataSync Pro,support,negative,Opened a ticket about DataSync Pro five days ago and still no response from support.,negative,0.7940451734504377,2,"DATE,PRODUCT",still no response,support,6
854,2026-09-11,Hooli,Startup,QuickReport,onboarding,neutral,The onboarding docs for QuickReport are a bit outdated but our team at Hooli figured it out eventually.,neutral,0.7817965970629291,2,"ORG,PERSON",The onboarding docs,onboarding,0
855,2026-07-19,Globex Inc,SMB,QuickReport,bug,neutral,QuickReport's new filter feature crashes the app when we select more than 5 tags.,negative,0.8387219356211374,2,"CARDINAL,ORG",QuickReport's new filter feature,unknown,5
856,2026-02-20,Soylent Corp,Startup,FlowPilot,support,negative,The support team at Soylent Corp keeps closing our FlowPilot tickets without actually resolving the issue.,negative,0.8005073877185015,2,ORG,our FlowPilot tickets,support,6
857,2026-05-26,Hooli,SMB,QuickReport,support,negative,Support wait times for QuickReport have gotten noticeably worse this quarter.,negative,0.8542249179194534,2,"DATE,ORG",Support,support,6
858,2026-05-16,Acme Corp,Startup,InsightBoard,onboarding,neutral,"Setup for InsightBoard took longer than expected, would be nice to have a clearer setup wizard.",neutral,0.8195783722305164,1,ORG,a clearer setup wizard,onboarding,3
859,2026-03-24,Cyberdyne Systems,Startup,InsightBoard,support,negative,The support team at Cyberdyne Systems keeps closing our InsightBoard tickets without actually resolving the issue.,negative,0.829747338347036,2,ORG,our InsightBoard tickets,support,6
860,2026-09-23,Globex Inc,SMB,QuickReport,performance,negative,We're seeing frequent 500 errors in QuickReport during peak hours.,negative,0.8595937072106011,2,"CARDINAL,ORG",frequent 500 errors,performance,7
861,2026-09-11,Umbrella Labs,SMB,MetricHub,performance,negative,"MetricHub has been timing out constantly since the last update, our team at Umbrella Labs can't get work done.",negative,0.8031886751546796,2,ORG,the last update,unknown,7
862,2025-09-26,Acme Corp,Startup,FlowPilot,praise,neutral,"FlowPilot has completely streamlined reporting for Acme Corp, couldn't be happier with the results.",positive,0.9201013832925647,2,ORG,the results,unknown,3
863,2025-10-03,Massive Dynamic,SMB,MetricHub,billing,negative,We were double-charged for MetricHub this month and support at Massive Dynamic has been slow to respond.,negative,0.8828867919992802,3,"DATE,ORG",Massive Dynamic,unknown,6
864,2025-09-24,Wayne Analytics,Startup,DataSync Pro,support,negative,Opened a ticket about DataSync Pro five days ago and still no response from support.,negative,0.7940451734504377,2,"DATE,PRODUCT",still no response,support,6
865,2026-08-20,Cyberdyne Systems,SMB,MetricHub,bug,negative,MetricHub's new filter feature crashes the app when we select more than 5 tags.,negative,0.8796970943181684,2,"CARDINAL,ORG",MetricHub's new filter feature,unknown,5
866,2025-12-28,Massive Dynamic,Enterprise,FlowPilot,billing,negative,We were double-charged for FlowPilot this month and support at Massive Dynamic has been slow to respond.,negative,0.8269101332111982,3,"DATE,ORG",Massive Dynamic,unknown,6
867,2026-09-20,Stark Data Systems,Enterprise,QuickReport,feature_request,positive,Any plans to add SSO support to QuickReport? We'd need that to expand usage at Stark Data Systems.,neutral,0.6421216889486941,3,ORG,Stark Data Systems,unknown,2
868,2026-07-02,Umbrella Labs,Enterprise,MetricHub,onboarding,neutral,New team members at Umbrella Labs find the MetricHub admin console confusing at first.,neutral,0.9122858492524817,3,"ORDINAL,ORG",the MetricHub admin console,onboarding,1
869,2026-01-25,Initech,Enterprise,QuickReport,support,negative,Opened a ticket about QuickReport five days ago and still no response from support.,negative,0.7367195099860478,2,"DATE,ORG",still no response,support,6
870,2025-12-17,Hooli,Startup,FlowPilot,bug,negative,FlowPilot's new filter feature crashes the app when we select more than 5 tags.,negative,0.8849345975804095,2,"CARDINAL,ORG",FlowPilot's new filter feature,unknown,5
871,2026-01-24,Globex Inc,Startup,DataSync Pro,billing,negative,Getting a refund for the DataSync Pro overcharge took three weeks. Very frustrating billing process.,negative,0.7815169718618963,2,"DATE,ORG",Very frustrating billing process,billing,3
872,2026-06-07,Wayne Analytics,Enterprise,InsightBoard,praise,positive,"The new InsightBoard update is fantastic, our team at Wayne Analytics loves the redesigned interface.",positive,0.9292413161999584,2,ORG,The new InsightBoard update,unknown,7
873,2025-11-14,Cyberdyne Systems,SMB,DataSync Pro,bug,negative,DataSync Pro's new filter feature crashes the app when we select more than 5 tags.,negative,0.9016175535663691,1,CARDINAL,DataSync Pro's new filter feature,bug,5
874,2026-01-11,Soylent Corp,Startup,DataSync Pro,onboarding,positive,The onboarding docs for DataSync Pro are a bit outdated but our team at Soylent Corp figured it out eventually.,neutral,0.7404468940522264,1,ORG,The onboarding docs,onboarding,0
875,2026-01-23,Stark Data Systems,Startup,MetricHub,billing,negative,Getting a refund for the MetricHub overcharge took three weeks. Very frustrating billing process.,negative,0.8401558883569069,2,"DATE,ORG",Very frustrating billing process,billing,3
876,2026-09-11,Cyberdyne Systems,Enterprise,FlowPilot,bug,negative,FlowPilot's new filter feature crashes the app when we select more than 5 tags.,negative,0.8849345975804095,2,"CARDINAL,ORG",FlowPilot's new filter feature,unknown,5
877,2026-04-04,Massive Dynamic,Enterprise,MetricHub,praise,positive,MetricHub just works. Rock solid uptime and the Massive Dynamic team is very satisfied.,positive,0.8292007338457063,2,ORG,the Massive Dynamic team,unknown,0
878,2026-08-08,Hooli,Startup,QuickReport,support,negative,Opened a ticket about QuickReport five days ago and still no response from support.,negative,0.7367195099860478,2,"DATE,ORG",still no response,support,6
879,2026-05-01,Hooli,Startup,InsightBoard,praise,positive,"The new InsightBoard update is fantastic, our team at Hooli loves the redesigned interface.",positive,0.9214106571658964,2,"GPE,ORG",The new InsightBoard update,unknown,7
880,2026-03-22,Umbrella Labs,Enterprise,InsightBoard,feature_request,neutral,It would help Umbrella Labs a lot if InsightBoard supported bulk export to Excel.,neutral,0.8555513106528525,3,"ORG,PRODUCT",Umbrella Labs,unknown,7
881,2026-04-11,Globex Inc,Enterprise,MetricHub,feature_request,positive,It would help Globex Inc a lot if MetricHub supported bulk export to Excel.,neutral,0.9081871290716966,3,"ORG,PERSON,PRODUCT",bulk export,bug,7
882,2026-08-22,Cyberdyne Systems,Enterprise,InsightBoard,support,negative,Opened a ticket about InsightBoard five days ago and still no response from support.,negative,0.7276515661837327,2,"DATE,ORG",still no response,support,6
883,2025-12-28,Umbrella Labs,Startup,QuickReport,performance,negative,"Dashboard loads take over 30 seconds in QuickReport, this is unacceptable for Umbrella Labs's reporting needs.",negative,0.8488415940008635,4,"ORG,PERSON,TIME",Umbrella Labs's reporting needs,unknown,3
884,2026-06-12,Umbrella Labs,Enterprise,QuickReport,support,negative,Opened a ticket about QuickReport five days ago and still no response from support.,negative,0.7367195099860478,2,"DATE,ORG",still no response,support,6
885,2026-07-16,Globex Inc,Startup,DataSync Pro,performance,negative,"DataSync Pro has been timing out constantly since the last update, our team at Globex Inc can't get work done.",negative,0.8393463099732371,1,FAC,the last update,unknown,7
886,2026-02-20,Soylent Corp,SMB,DataSync Pro,onboarding,neutral,The onboarding docs for DataSync Pro are a bit outdated but our team at Soylent Corp figured it out eventually.,neutral,0.7404468940522264,1,ORG,The onboarding docs,onboarding,0
887,2025-11-25,Cyberdyne Systems,SMB,InsightBoard,support,negative,The support team at Cyberdyne Systems keeps closing our InsightBoard tickets without actually resolving the issue.,negative,0.829747338347036,2,ORG,our InsightBoard tickets,support,6
888,2025-11-02,Hooli,Startup,QuickReport,onboarding,neutral,"Setup for QuickReport took longer than expected, would be nice to have a clearer setup wizard.",neutral,0.8864772034004458,1,ORG,a clearer setup wizard,onboarding,3
889,2026-05-12,Massive Dynamic,Enterprise,MetricHub,onboarding,neutral,"Setup for MetricHub took longer than expected, would be nice to have a clearer setup wizard.",neutral,0.7774885708471921,1,ORG,a clearer setup wizard,onboarding,3
890,2026-08-17,Acme Corp,Enterprise,FlowPilot,bug,negative,Data sync between FlowPilot and our CRM has been dropping records intermittently.,negative,0.7266052827531411,2,"ORG,PRODUCT",Data sync,bug,0
891,2025-12-13,Initech,Startup,DataSync Pro,bug,negative,DataSync Pro's new filter feature crashes the app when we select more than 5 tags.,negative,0.9016175535663691,1,CARDINAL,DataSync Pro's new filter feature,bug,5
892,2026-01-06,Wayne Analytics,Startup,InsightBoard,onboarding,neutral,The onboarding docs for InsightBoard are a bit outdated but our team at Wayne Analytics figured it out eventually.,neutral,0.5733148560077387,2,ORG,The onboarding docs,onboarding,0
893,2026-06-11,Umbrella Labs,SMB,InsightBoard,onboarding,neutral,"Setup for InsightBoard took longer than expected, would be nice to have a clearer setup wizard.",neutral,0.8195783722305164,1,ORG,a clearer setup wizard,onboarding,3
894,2026-03-23,Massive Dynamic,Enterprise,FlowPilot,support,negative,Opened a ticket about FlowPilot five days ago and still no response from support.,negative,0.8021477738425319,2,"DATE,ORG",still no response,support,6
895,2026-04-06,Wayne Analytics,SMB,FlowPilot,praise,positive,"The new FlowPilot update is fantastic, our team at Wayne Analytics loves the redesigned interface.",positive,0.8694442339240867,2,ORG,The new FlowPilot update,unknown,7
896,2026-08-09,Cyberdyne Systems,Enterprise,QuickReport,onboarding,neutral,The onboarding docs for QuickReport are a bit outdated but our team at Cyberdyne Systems figured it out eventually.,neutral,0.7429532244515146,2,ORG,The onboarding docs,onboarding,0
897,2025-12-05,Soylent Corp,SMB,FlowPilot,praise,positive,Support resolved our FlowPilot issue within the hour -- great experience overall.,positive,0.9539029363686076,2,"ORG,TIME",our FlowPilot issue,unknown,6
898,2026-03-16,Massive Dynamic,Enterprise,DataSync Pro,praise,positive,Support resolved our DataSync Pro issue within the hour -- great experience overall.,positive,0.9274944164591788,2,"ORG,TIME",our DataSync Pro issue,bug,6
899,2026-02-26,Soylent Corp,Startup,MetricHub,performance,negative,We're seeing frequent 500 errors in MetricHub during peak hours.,negative,0.8753164810198771,2,"CARDINAL,ORG",frequent 500 errors,performance,7
900,2025-09-13,Stark Data Systems,Startup,MetricHub,bug,negative,MetricHub's new filter feature crashes the app when we select more than 5 tags.,negative,0.8796970943181684,2,"CARDINAL,ORG",MetricHub's new filter feature,unknown,5
901,2026-01-16,Acme Corp,Enterprise,DataSync Pro,billing,negative,Getting a refund for the DataSync Pro overcharge took three weeks. Very frustrating billing process.,negative,0.7815169718618963,2,"DATE,ORG",Very frustrating billing process,billing,3
902,2026-02-12,Massive Dynamic,SMB,InsightBoard,praise,positive,"InsightBoard has completely streamlined reporting for Massive Dynamic, couldn't be happier with the results.",positive,0.9394832700097424,2,"ORG,PERSON",Massive Dynamic,unknown,3
903,2026-03-04,Stark Data Systems,Enterprise,InsightBoard,onboarding,neutral,New team members at Stark Data Systems find the InsightBoard admin console confusing at first.,neutral,0.8284196296675674,3,"ORDINAL,ORG",the InsightBoard admin console,onboarding,1
904,2026-06-21,Cyberdyne Systems,Startup,QuickReport,support,negative,Support wait times for QuickReport have gotten noticeably worse this quarter.,negative,0.8542249179194534,2,"DATE,ORG",Support,support,6
905,2026-02-22,Acme Corp,SMB,InsightBoard,feature_request,neutral,Any plans to add SSO support to InsightBoard? We'd need that to expand usage at Acme Corp.,neutral,0.8956702139182396,3,ORG,SSO support,support,2
906,2026-06-10,Massive Dynamic,SMB,DataSync Pro,onboarding,positive,"Setup for DataSync Pro took longer than expected, would be nice to have a clearer setup wizard.",neutral,0.6914222084479202,0,,a clearer setup wizard,onboarding,3
907,2026-09-11,Acme Corp,Startup,QuickReport,bug,negative,Data sync between QuickReport and our CRM has been dropping records intermittently.,negative,0.7272511563133593,2,"ORG,PRODUCT",Data sync,bug,0
908,2025-10-03,Cyberdyne Systems,SMB,MetricHub,bug,negative,Data sync between MetricHub and our CRM has been dropping records intermittently.,negative,0.7886467024435281,2,"ORG,PRODUCT",Data sync,bug,0
909,2026-07-10,Umbrella Labs,SMB,InsightBoard,performance,negative,"Dashboard loads take over 30 seconds in InsightBoard, this is unacceptable for Umbrella Labs's reporting needs.",negative,0.7562406849878212,4,"ORG,PERSON,TIME",Umbrella Labs's reporting needs,unknown,3
910,2026-04-25,Cyberdyne Systems,SMB,FlowPilot,feature_request,neutral,It would help Cyberdyne Systems a lot if FlowPilot supported bulk export to Excel.,neutral,0.8632075527474186,3,"ORG,PRODUCT",Cyberdyne Systems,unknown,7
911,2026-03-06,Cyberdyne Systems,SMB,MetricHub,praise,positive,"The new MetricHub update is fantastic, our team at Cyberdyne Systems loves the redesigned interface.",positive,0.8815717935077262,2,ORG,The new MetricHub update,unknown,7
912,2026-01-24,Acme Corp,Startup,QuickReport,performance,negative,"QuickReport has been timing out constantly since the last update, our team at Acme Corp can't get work done.",negative,0.8197711759589997,2,ORG,the last update,unknown,7
913,2026-03-04,Globex Inc,Enterprise,QuickReport,feature_request,neutral,Any plans to add SSO support to QuickReport? We'd need that to expand usage at Globex Inc.,neutral,0.590117210257775,3,ORG,SSO support,support,2
914,2025-09-25,Massive Dynamic,Enterprise,MetricHub,billing,negative,We were double-charged for MetricHub this month and support at Massive Dynamic has been slow to respond.,negative,0.8828867919992802,3,"DATE,ORG",Massive Dynamic,unknown,6
915,2026-06-05,Globex Inc,SMB,DataSync Pro,bug,negative,Data sync between DataSync Pro and our CRM has been dropping records intermittently.,negative,0.8603474287724876,1,PRODUCT,DataSync Pro,bug,0
916,2025-12-24,Hooli,Enterprise,InsightBoard,billing,negative,Getting a refund for the InsightBoard overcharge took three weeks. Very frustrating billing process.,negative,0.8123642772218876,2,"DATE,ORG",Very frustrating billing process,billing,3
917,2025-11-01,Acme Corp,Startup,QuickReport,support,negative,The support team at Acme Corp keeps closing our QuickReport tickets without actually resolving the issue.,negative,0.755728803621843,2,ORG,our QuickReport tickets,support,6
918,2026-04-28,Wayne Analytics,SMB,InsightBoard,billing,negative,Getting a refund for the InsightBoard overcharge took three weeks. Very frustrating billing process.,negative,0.8123642772218876,2,"DATE,ORG",Very frustrating billing process,billing,3
919,2026-08-18,Soylent Corp,Enterprise,FlowPilot,onboarding,positive,"Setup for FlowPilot took longer than expected, would be nice to have a clearer setup wizard.",neutral,0.712107551866232,1,ORG,a clearer setup wizard,onboarding,3
920,2026-08-21,Cyberdyne Systems,Startup,FlowPilot,performance,negative,We're seeing frequent 500 errors in FlowPilot during peak hours.,negative,0.8245280845059025,2,"CARDINAL,ORG",frequent 500 errors,performance,7
921,2026-02-16,Soylent Corp,SMB,MetricHub,onboarding,positive,"Setup for MetricHub took longer than expected, would be nice to have a clearer setup wizard.",neutral,0.7774885708471921,1,ORG,a clearer setup wizard,onboarding,3
922,2026-02-14,Globex Inc,SMB,FlowPilot,onboarding,neutral,The onboarding docs for FlowPilot are a bit outdated but our team at Globex Inc figured it out eventually.,neutral,0.8143312366610503,2,"FAC,ORG",The onboarding docs,onboarding,0
923,2026-05-27,Stark Data Systems,Enterprise,DataSync Pro,support,negative,Opened a ticket about DataSync Pro five days ago and still no response from support.,negative,0.7940451734504377,2,"DATE,PRODUCT",still no response,support,6
924,2026-05-01,Wayne Analytics,SMB,InsightBoard,praise,positive,Support resolved our InsightBoard issue within the hour -- great experience overall.,positive,0.9114717590129222,2,"ORG,TIME",our InsightBoard issue,unknown,6
925,2026-09-14,Massive Dynamic,Enterprise,InsightBoard,feature_request,neutral,It would help Massive Dynamic a lot if InsightBoard supported bulk export to Excel.,neutral,0.6637235040830592,3,"ORG,PERSON,PRODUCT",Massive Dynamic,unknown,7
926,2026-05-12,Cyberdyne Systems,Enterprise,QuickReport,praise,positive,"The new QuickReport update is fantastic, our team at Cyberdyne Systems loves the redesigned interface.",positive,0.8967729156316306,2,ORG,The new QuickReport update,unknown,7
927,2025-12-06,Soylent Corp,SMB,FlowPilot,performance,negative,"Dashboard loads take over 30 seconds in FlowPilot, this is unacceptable for Soylent Corp's reporting needs.",negative,0.8682356700124454,4,"ORG,PERSON,TIME",Soylent Corp's reporting needs,unknown,3
928,2026-01-03,Hooli,Enterprise,FlowPilot,feature_request,neutral,Any plans to add SSO support to FlowPilot? We'd need that to expand usage at Hooli.,neutral,0.846129772565182,3,"GPE,ORG",SSO support,support,2
929,2026-09-23,Umbrella Labs,Startup,MetricHub,bug,negative,Data sync between MetricHub and our CRM has been dropping records intermittently.,negative,0.7886467024435281,2,"ORG,PRODUCT",Data sync,bug,0
930,2026-03-07,Stark Data Systems,SMB,MetricHub,feature_request,neutral,It would help Stark Data Systems a lot if MetricHub supported bulk export to Excel.,neutral,0.7976463380096342,3,"ORG,PRODUCT",Stark Data Systems,unknown,0
931,2025-10-21,Acme Corp,SMB,QuickReport,praise,positive,"QuickReport has completely streamlined reporting for Acme Corp, couldn't be happier with the results.",positive,0.9147442270200419,2,ORG,the results,unknown,3
932,2026-06-16,Massive Dynamic,Startup,InsightBoard,bug,negative,Data sync between InsightBoard and our CRM has been dropping records intermittently.,negative,0.784861856413665,2,"ORG,PRODUCT",Data sync,bug,0
933,2026-05-01,Initech,Enterprise,QuickReport,performance,neutral,"Dashboard loads take over 30 seconds in QuickReport, this is unacceptable for Initech's reporting needs.",negative,0.7646395505537025,4,"ORG,PERSON,TIME",Initech's reporting needs,unknown,3
934,2026-08-15,Stark Data Systems,Enterprise,InsightBoard,performance,neutral,"InsightBoard has been timing out constantly since the last update, our team at Stark Data Systems can't get work done.",negative,0.8027047667432899,2,ORG,Stark Data Systems,unknown,7
935,2025-09-16,Umbrella Labs,Enterprise,DataSync Pro,feature_request,neutral,Would love to see a dark mode added to DataSync Pro in a future release.,neutral,0.7402102656028492,1,PRODUCT,a future release,unknown,4
936,2026-02-15,Hooli,SMB,InsightBoard,performance,neutral,"Dashboard loads take over 30 seconds in InsightBoard, this is unacceptable for Hooli's reporting needs.",negative,0.5901390493871517,4,"ORG,PERSON,TIME",Hooli's reporting needs,unknown,3
937,2025-09-09,Wayne Analytics,Enterprise,DataSync Pro,feature_request,positive,Would love to see a dark mode added to DataSync Pro in a future release.,neutral,0.7402102656028492,1,PRODUCT,a future release,unknown,4
938,2025-11-07,Globex Inc,SMB,MetricHub,praise,positive,MetricHub just works. Rock solid uptime and the Globex Inc team is very satisfied.,positive,0.9368295653759097,1,ORG,the Globex Inc team,unknown,0
939,2026-09-23,Hooli,Enterprise,DataSync Pro,praise,positive,"The new DataSync Pro update is fantastic, our team at Hooli loves the redesigned interface.",positive,0.8494566154524408,2,"GPE,ORG",The new DataSync Pro update,bug,7
940,2025-09-07,Massive Dynamic,Startup,QuickReport,performance,negative,"Dashboard loads take over 30 seconds in QuickReport, this is unacceptable for Massive Dynamic's reporting needs.",negative,0.7527621388709435,4,"ORG,PERSON,TIME",Massive Dynamic's reporting needs,unknown,3
941,2025-12-16,Globex Inc,Startup,MetricHub,bug,negative,Data sync between MetricHub and our CRM has been dropping records intermittently.,negative,0.7886467024435281,2,"ORG,PRODUCT",Data sync,bug,0
942,2026-07-24,Stark Data Systems,Enterprise,InsightBoard,bug,negative,Data sync between InsightBoard and our CRM has been dropping records intermittently.,negative,0.784861856413665,2,"ORG,PRODUCT",Data sync,bug,0
943,2026-01-16,Soylent Corp,Enterprise,MetricHub,billing,negative,Getting a refund for the MetricHub overcharge took three weeks. Very frustrating billing process.,negative,0.8401558883569069,2,"DATE,ORG",Very frustrating billing process,billing,3
944,2026-07-07,Umbrella Labs,Enterprise,InsightBoard,feature_request,neutral,It would help Umbrella Labs a lot if InsightBoard supported bulk export to Excel.,neutral,0.8555513106528525,3,"ORG,PRODUCT",Umbrella Labs,unknown,7
945,2025-11-26,Hooli,Enterprise,InsightBoard,billing,negative,We were double-charged for InsightBoard this month and support at Hooli has been slow to respond.,negative,0.7768411447090389,3,"DATE,GPE,ORG",We,unknown,6
946,2025-09-02,Globex Inc,Enterprise,FlowPilot,support,negative,Support wait times for FlowPilot have gotten noticeably worse this quarter.,negative,0.8773696561949629,2,"DATE,ORG",Support,support,6
947,2026-02-25,Massive Dynamic,Enterprise,MetricHub,onboarding,neutral,New team members at Massive Dynamic find the MetricHub admin console confusing at first.,neutral,0.8997962712992508,3,"ORDINAL,ORG",the MetricHub admin console,onboarding,1
948,2026-07-20,Acme Corp,Enterprise,FlowPilot,billing,negative,We were double-charged for FlowPilot this month and support at Acme Corp has been slow to respond.,negative,0.8521900514098044,3,"DATE,ORG",Acme Corp,unknown,6
949,2026-07-05,Initech,SMB,DataSync Pro,support,negative,Support wait times for DataSync Pro have gotten noticeably worse this quarter.,negative,0.8144527305273883,1,DATE,DataSync Pro,bug,6
950,2025-12-11,Globex Inc,SMB,QuickReport,feature_request,positive,Any plans to add SSO support to QuickReport? We'd need that to expand usage at Globex Inc.,neutral,0.590117210257775,3,ORG,SSO support,support,2
951,2025-12-01,Wayne Analytics,Startup,FlowPilot,onboarding,neutral,New team members at Wayne Analytics find the FlowPilot admin console confusing at first.,neutral,0.8682165528956698,3,"ORDINAL,ORG",the FlowPilot admin console,onboarding,1
952,2025-09-16,Wayne Analytics,SMB,QuickReport,feature_request,neutral,It would help Wayne Analytics a lot if QuickReport supported bulk export to Excel.,neutral,0.8413993717669636,3,"ORG,PERSON,PRODUCT",Wayne Analytics,unknown,7
953,2026-08-16,Soylent Corp,Startup,InsightBoard,feature_request,neutral,It would help Soylent Corp a lot if InsightBoard supported bulk export to Excel.,neutral,0.796570612405483,3,"ORG,PRODUCT",Soylent Corp,unknown,7
954,2026-02-24,Acme Corp,SMB,MetricHub,performance,negative,We're seeing frequent 500 errors in MetricHub during peak hours.,negative,0.8753164810198771,2,"CARDINAL,ORG",frequent 500 errors,performance,7
955,2025-10-17,Cyberdyne Systems,Enterprise,MetricHub,bug,negative,MetricHub's new filter feature crashes the app when we select more than 5 tags.,negative,0.8796970943181684,2,"CARDINAL,ORG",MetricHub's new filter feature,unknown,5
956,2026-02-15,Stark Data Systems,Startup,InsightBoard,performance,negative,"Dashboard loads take over 30 seconds in InsightBoard, this is unacceptable for Stark Data Systems's reporting needs.",negative,0.7816278025088613,4,"ORG,PERSON,TIME",Stark Data Systems's reporting needs,unknown,3
957,2025-11-01,Soylent Corp,Startup,FlowPilot,billing,negative,Getting a refund for the FlowPilot overcharge took three weeks. Very frustrating billing process.,negative,0.8515634727305043,2,"DATE,ORG",Very frustrating billing process,billing,3
958,2026-08-03,Cyberdyne Systems,SMB,QuickReport,onboarding,neutral,"Setup for QuickReport took longer than expected, would be nice to have a clearer setup wizard.",neutral,0.8864772034004458,1,ORG,a clearer setup wizard,onboarding,3
959,2026-07-16,Hooli,Startup,QuickReport,feature_request,neutral,Any plans to add SSO support to QuickReport? We'd need that to expand usage at Hooli.,neutral,0.8285830154106839,3,"GPE,ORG",SSO support,support,2
960,2026-03-21,Cyberdyne Systems,SMB,InsightBoard,praise,positive,Support resolved our InsightBoard issue within the hour -- great experience overall.,positive,0.9114717590129222,2,"ORG,TIME",our InsightBoard issue,unknown,6
961,2025-10-02,Globex Inc,Startup,MetricHub,support,negative,Opened a ticket about MetricHub five days ago and still no response from support.,negative,0.8502571486942204,2,"DATE,ORG",still no response,support,6
962,2025-10-16,Acme Corp,Enterprise,DataSync Pro,praise,positive,Support resolved our DataSync Pro issue within the hour -- great experience overall.,positive,0.9274944164591788,2,"ORG,TIME",our DataSync Pro issue,bug,6
963,2026-03-22,Initech,Startup,MetricHub,performance,negative,"MetricHub has been timing out constantly since the last update, our team at Initech can't get work done.",negative,0.728579637104346,2,ORG,the last update,unknown,7
964,2025-09-12,Cyberdyne Systems,SMB,MetricHub,bug,negative,Data sync between MetricHub and our CRM has been dropping records intermittently.,negative,0.7886467024435281,2,"ORG,PRODUCT",Data sync,bug,0
965,2026-07-16,Globex Inc,Enterprise,DataSync Pro,performance,negative,We're seeing frequent 500 errors in DataSync Pro during peak hours.,negative,0.8848384183212116,2,"CARDINAL,ORG",frequent 500 errors,performance,7
966,2026-05-24,Massive Dynamic,SMB,DataSync Pro,praise,positive,"DataSync Pro has completely streamlined reporting for Massive Dynamic, couldn't be happier with the results.",positive,0.9323738570127317,1,PERSON,Massive Dynamic,unknown,3
967,2026-05-02,Initech,SMB,MetricHub,bug,negative,MetricHub's new filter feature crashes the app when we select more than 5 tags.,negative,0.8796970943181684,2,"CARDINAL,ORG",MetricHub's new filter feature,unknown,5
968,2026-05-04,Stark Data Systems,Enterprise,DataSync Pro,feature_request,neutral,Would love to see a dark mode added to DataSync Pro in a future release.,neutral,0.7402102656028492,1,PRODUCT,a future release,unknown,4
969,2025-12-07,Umbrella Labs,SMB,MetricHub,billing,negative,Getting a refund for the MetricHub overcharge took three weeks. Very frustrating billing process.,negative,0.8401558883569069,2,"DATE,ORG",Very frustrating billing process,billing,3
970,2025-11-18,Umbrella Labs,Startup,MetricHub,onboarding,neutral,New team members at Umbrella Labs find the MetricHub admin console confusing at first.,neutral,0.9122858492524817,3,"ORDINAL,ORG",the MetricHub admin console,onboarding,1
971,2026-06-12,Hooli,Startup,DataSync Pro,feature_request,neutral,Any plans to add SSO support to DataSync Pro? We'd need that to expand usage at Hooli.,neutral,0.8280247036650273,2,"GPE,ORG",DataSync Pro,bug,2
972,2026-09-06,Hooli,Enterprise,DataSync Pro,feature_request,neutral,It would help Hooli a lot if DataSync Pro supported bulk export to Excel.,neutral,0.9089348185007567,2,"PERSON,PRODUCT",DataSync Pro,bug,7
973,2025-11-18,Soylent Corp,Startup,InsightBoard,onboarding,neutral,"Setup for InsightBoard took longer than expected, would be nice to have a clearer setup wizard.",neutral,0.8195783722305164,1,ORG,a clearer setup wizard,onboarding,3
974,2026-02-28,Wayne Analytics,Startup,InsightBoard,onboarding,neutral,"Setup for InsightBoard took longer than expected, would be nice to have a clearer setup wizard.",neutral,0.8195783722305164,1,ORG,a clearer setup wizard,onboarding,3
975,2025-12-19,Hooli,Startup,InsightBoard,support,negative,The support team at Hooli keeps closing our InsightBoard tickets without actually resolving the issue.,negative,0.8554523747737718,2,"GPE,ORG",our InsightBoard tickets,support,6
976,2026-01-12,Hooli,Startup,MetricHub,onboarding,neutral,The onboarding docs for MetricHub are a bit outdated but our team at Hooli figured it out eventually.,neutral,0.7332304895776307,2,"ORG,PERSON",The onboarding docs,onboarding,0
977,2025-09-10,Hooli,Startup,DataSync Pro,bug,negative,DataSync Pro's new filter feature crashes the app when we select more than 5 tags.,negative,0.9016175535663691,1,CARDINAL,DataSync Pro's new filter feature,bug,5
978,2025-09-10,Soylent Corp,SMB,QuickReport,onboarding,neutral,The onboarding docs for QuickReport are a bit outdated but our team at Soylent Corp figured it out eventually.,neutral,0.6711820400177616,2,ORG,The onboarding docs,onboarding,0
979,2026-01-18,Wayne Analytics,Startup,DataSync Pro,performance,negative,"DataSync Pro has been timing out constantly since the last update, our team at Wayne Analytics can't get work done.",negative,0.8044830783529069,1,ORG,the last update,unknown,7
980,2025-10-02,Cyberdyne Systems,Enterprise,MetricHub,onboarding,neutral,New team members at Cyberdyne Systems find the MetricHub admin console confusing at first.,neutral,0.90923629912083,3,"ORDINAL,ORG",the MetricHub admin console,onboarding,1
981,2026-02-19,Acme Corp,SMB,QuickReport,bug,negative,QuickReport's new filter feature crashes the app when we select more than 5 tags.,negative,0.8387219356211374,2,"CARDINAL,ORG",QuickReport's new filter feature,unknown,5
982,2026-06-13,Stark Data Systems,Enterprise,InsightBoard,performance,negative,"InsightBoard has been timing out constantly since the last update, our team at Stark Data Systems can't get work done.",negative,0.8027047667432899,2,ORG,Stark Data Systems,unknown,7
983,2025-11-16,Globex Inc,SMB,InsightBoard,onboarding,neutral,The onboarding docs for InsightBoard are a bit outdated but our team at Globex Inc figured it out eventually.,neutral,0.6874014249478103,2,"FAC,ORG",The onboarding docs,onboarding,0
984,2026-08-26,Cyberdyne Systems,Enterprise,InsightBoard,praise,positive,"InsightBoard has completely streamlined reporting for Cyberdyne Systems, couldn't be happier with the results.",positive,0.9380233020212214,2,ORG,Cyberdyne Systems,unknown,3
985,2026-02-27,Globex Inc,SMB,DataSync Pro,onboarding,neutral,"Setup for DataSync Pro took longer than expected, would be nice to have a clearer setup wizard.",neutral,0.6914222084479202,0,,a clearer setup wizard,onboarding,3
986,2026-07-28,Globex Inc,Startup,QuickReport,bug,negative,QuickReport's new filter feature crashes the app when we select more than 5 tags.,negative,0.8387219356211374,2,"CARDINAL,ORG",QuickReport's new filter feature,unknown,5
987,2026-05-02,Hooli,SMB,DataSync Pro,onboarding,neutral,The onboarding docs for DataSync Pro are a bit outdated but our team at Hooli figured it out eventually.,neutral,0.8286237228997907,1,PERSON,The onboarding docs,onboarding,0
988,2026-05-23,Cyberdyne Systems,SMB,QuickReport,support,negative,Support wait times for QuickReport have gotten noticeably worse this quarter.,negative,0.8542249179194534,2,"DATE,ORG",Support,support,6
989,2026-09-20,Initech,SMB,FlowPilot,performance,negative,"FlowPilot has been timing out constantly since the last update, our team at Initech can't get work done.",negative,0.8359300461449533,2,ORG,the last update,unknown,7
990,2026-01-26,Globex Inc,SMB,QuickReport,onboarding,neutral,New team members at Globex Inc find the QuickReport admin console confusing at first.,neutral,0.8999009456310482,3,"FAC,ORDINAL,ORG",the QuickReport admin console,onboarding,1
991,2026-04-19,Acme Corp,Enterprise,InsightBoard,bug,negative,Found a bug in InsightBoard where exported reports show the wrong currency symbol.,negative,0.6628158991728411,1,ORG,the wrong currency symbol,unknown,7
992,2025-10-13,Soylent Corp,SMB,FlowPilot,feature_request,neutral,Would love to see a dark mode added to FlowPilot in a future release.,neutral,0.7772544021112159,1,ORG,a future release,unknown,4
993,2026-05-07,Acme Corp,SMB,QuickReport,onboarding,neutral,"Setup for QuickReport took longer than expected, would be nice to have a clearer setup wizard.",neutral,0.8864772034004458,1,ORG,a clearer setup wizard,onboarding,3
994,2026-06-24,Cyberdyne Systems,Startup,QuickReport,bug,negative,QuickReport's new filter feature crashes the app when we select more than 5 tags.,negative,0.8387219356211374,2,"CARDINAL,ORG",QuickReport's new filter feature,unknown,5
995,2026-09-14,Umbrella Labs,SMB,DataSync Pro,onboarding,neutral,The onboarding docs for DataSync Pro are a bit outdated but our team at Umbrella Labs figured it out eventually.,neutral,0.7532053160104081,1,ORG,The onboarding docs,onboarding,0
996,2026-07-14,Cyberdyne Systems,Enterprise,DataSync Pro,support,negative,Support wait times for DataSync Pro have gotten noticeably worse this quarter.,negative,0.8144527305273883,1,DATE,DataSync Pro,bug,6
997,2026-02-20,Wayne Analytics,SMB,QuickReport,bug,negative,QuickReport's new filter feature crashes the app when we select more than 5 tags.,negative,0.8387219356211374,2,"CARDINAL,ORG",QuickReport's new filter feature,unknown,5
998,2026-06-27,Stark Data Systems,SMB,QuickReport,feature_request,neutral,Would love to see a dark mode added to QuickReport in a future release.,neutral,0.7180881484446326,1,ORG,a future release,unknown,4
999,2025-09-27,Cyberdyne Systems,SMB,QuickReport,praise,positive,QuickReport just works. Rock solid uptime and the Cyberdyne Systems team is very satisfied.,positive,0.8972259862297669,2,ORG,the Cyberdyne Systems team,unknown,0
1000,2025-10-04,Wayne Analytics,Startup,QuickReport,performance,neutral,"QuickReport has been timing out constantly since the last update, our team at Wayne Analytics can't get work done.",negative,0.8068817428004404,2,ORG,the last update,unknown,7
1001,2026-01-01,Umbrella Labs,Enterprise,MetricHub,feature_request,neutral,Would love to see a dark mode added to MetricHub in a future release.,neutral,0.6839478219854184,1,ORG,a future release,unknown,4
1002,2026-04-01,Globex Inc,SMB,InsightBoard,support,negative,Support wait times for InsightBoard have gotten noticeably worse this quarter.,negative,0.7973506347562989,2,"DATE,ORG",Support,support,6
1003,2026-05-17,Soylent Corp,Enterprise,QuickReport,support,neutral,Opened a ticket about QuickReport five days ago and still no response from support.,negative,0.7367195099860478,2,"DATE,ORG",still no response,support,6
1004,2026-08-05,Soylent Corp,Startup,FlowPilot,praise,neutral,"The new FlowPilot update is fantastic, our team at Soylent Corp loves the redesigned interface.",positive,0.8339335059843108,2,ORG,The new FlowPilot update,unknown,7
1005,2026-07-17,Initech,Startup,FlowPilot,feature_request,neutral,Any plans to add SSO support to FlowPilot? We'd need that to expand usage at Initech.,neutral,0.7069409397566071,3,ORG,SSO support,support,2
1006,2025-12-26,Acme Corp,SMB,DataSync Pro,billing,negative,The invoice for DataSync Pro doesn't match our contract pricing -- billing needs to fix this ASAP.,negative,0.8724593560081184,1,ORG,our contract pricing,billing,3
1007,2026-07-01,Stark Data Systems,SMB,DataSync Pro,feature_request,neutral,Any plans to add SSO support to DataSync Pro? We'd need that to expand usage at Stark Data Systems.,neutral,0.6475526835717033,2,ORG,Stark Data Systems,unknown,2
1008,2025-09-10,Stark Data Systems,Enterprise,InsightBoard,billing,negative,The invoice for InsightBoard doesn't match our contract pricing -- billing needs to fix this ASAP.,negative,0.7444367890345324,2,ORG,our contract pricing,billing,3
1009,2026-08-04,Umbrella Labs,Startup,FlowPilot,praise,positive,FlowPilot just works. Rock solid uptime and the Umbrella Labs team is very satisfied.,positive,0.904256193123285,2,ORG,the Umbrella Labs team,unknown,0
1010,2025-11-07,Cyberdyne Systems,Enterprise,MetricHub,support,negative,The support team at Cyberdyne Systems keeps closing our MetricHub tickets without actually resolving the issue.,negative,0.7747209247528823,2,ORG,our MetricHub tickets,support,6
1011,2025-12-17,Soylent Corp,Enterprise,DataSync Pro,onboarding,neutral,"Setup for DataSync Pro took longer than expected, would be nice to have a clearer setup wizard.",neutral,0.6914222084479202,0,,a clearer setup wizard,onboarding,3
1012,2025-11-01,Massive Dynamic,Startup,FlowPilot,support,negative,The support team at Massive Dynamic keeps closing our FlowPilot tickets without actually resolving the issue.,negative,0.8034397275818714,2,ORG,our FlowPilot tickets,support,6
1013,2026-01-08,Wayne Analytics,Startup,InsightBoard,support,negative,Support wait times for InsightBoard have gotten noticeably worse this quarter.,negative,0.7973506347562989,2,"DATE,ORG",Support,support,6
1014,2025-09-18,Initech,SMB,InsightBoard,onboarding,neutral,"Setup for InsightBoard took longer than expected, would be nice to have a clearer setup wizard.",neutral,0.8195783722305164,1,ORG,a clearer setup wizard,onboarding,3
1015,2026-07-05,Acme Corp,SMB,InsightBoard,support,negative,Opened a ticket about InsightBoard five days ago and still no response from support.,negative,0.7276515661837327,2,"DATE,ORG",still no response,support,6
1016,2026-06-28,Hooli,Startup,MetricHub,billing,neutral,Getting a refund for the MetricHub overcharge took three weeks. Very frustrating billing process.,negative,0.8401558883569069,2,"DATE,ORG",Very frustrating billing process,billing,3
1017,2026-06-05,Umbrella Labs,Enterprise,FlowPilot,feature_request,neutral,Any plans to add SSO support to FlowPilot? We'd need that to expand usage at Umbrella Labs.,neutral,0.772118062445789,3,ORG,Umbrella Labs,unknown,2
1018,2026-05-05,Cyberdyne Systems,SMB,InsightBoard,bug,negative,InsightBoard's new filter feature crashes the app when we select more than 5 tags.,negative,0.8749854429887887,2,"CARDINAL,ORG",InsightBoard's new filter feature,unknown,5
1019,2026-07-26,Acme Corp,Startup,MetricHub,performance,negative,We're seeing frequent 500 errors in MetricHub during peak hours.,negative,0.8753164810198771,2,"CARDINAL,ORG",frequent 500 errors,performance,7
1020,2026-03-25,Stark Data Systems,Enterprise,MetricHub,performance,neutral,"MetricHub has been timing out constantly since the last update, our team at Stark Data Systems can't get work done.",negative,0.7562096614340352,2,ORG,Stark Data Systems,unknown,7
1021,2025-10-18,Cyberdyne Systems,SMB,QuickReport,performance,negative,We're seeing frequent 500 errors in QuickReport during peak hours.,negative,0.8595937072106011,2,"CARDINAL,ORG",frequent 500 errors,performance,7
1022,2025-11-24,Globex Inc,SMB,QuickReport,onboarding,neutral,New team members at Globex Inc find the QuickReport admin console confusing at first.,neutral,0.8999009456310482,3,"FAC,ORDINAL,ORG",the QuickReport admin console,onboarding,1
1023,2026-04-24,Hooli,SMB,FlowPilot,billing,negative,The invoice for FlowPilot doesn't match our contract pricing -- billing needs to fix this ASAP.,negative,0.8332377145867494,2,ORG,our contract pricing,billing,3
1024,2025-11-06,Acme Corp,Enterprise,QuickReport,praise,positive,"The new QuickReport update is fantastic, our team at Acme Corp loves the redesigned interface.",positive,0.8958831634997098,2,ORG,The new QuickReport update,unknown,7
1025,2026-06-20,Cyberdyne Systems,Startup,InsightBoard,billing,negative,Getting a refund for the InsightBoard overcharge took three weeks. Very frustrating billing process.,negative,0.8123642772218876,2,"DATE,ORG",Very frustrating billing process,billing,3
1026,2025-09-12,Umbrella Labs,Startup,QuickReport,performance,negative,We're seeing frequent 500 errors in QuickReport during peak hours.,negative,0.8595937072106011,2,"CARDINAL,ORG",frequent 500 errors,performance,7
1027,2026-06-16,Massive Dynamic,Startup,QuickReport,billing,negative,Getting a refund for the QuickReport overcharge took three weeks. Very frustrating billing process.,negative,0.8895528677098382,2,"DATE,ORG",Very frustrating billing process,billing,3
1028,2026-04-16,Wayne Analytics,SMB,QuickReport,feature_request,neutral,Any plans to add SSO support to QuickReport? We'd need that to expand usage at Wayne Analytics.,neutral,0.7858944886470116,3,ORG,Wayne Analytics,unknown,2
1029,2026-03-25,Umbrella Labs,Enterprise,QuickReport,performance,negative,"QuickReport has been timing out constantly since the last update, our team at Umbrella Labs can't get work done.",negative,0.8538350676806344,2,ORG,the last update,unknown,7
1030,2026-07-07,Hooli,Startup,QuickReport,billing,negative,The invoice for QuickReport doesn't match our contract pricing -- billing needs to fix this ASAP.,negative,0.8224288397930526,2,ORG,our contract pricing,billing,3
1031,2026-06-16,Globex Inc,SMB,QuickReport,praise,positive,Support resolved our QuickReport issue within the hour -- great experience overall.,positive,0.9475530199403878,2,"ORG,TIME",our QuickReport issue,unknown,6
1032,2026-03-25,Massive Dynamic,SMB,QuickReport,feature_request,positive,It would help Massive Dynamic a lot if QuickReport supported bulk export to Excel.,neutral,0.5974606188752115,3,"ORG,PERSON,PRODUCT",Massive Dynamic,unknown,7
1033,2026-06-24,Hooli,SMB,InsightBoard,billing,negative,Getting a refund for the InsightBoard overcharge took three weeks. Very frustrating billing process.,negative,0.8123642772218876,2,"DATE,ORG",Very frustrating billing process,billing,3
1034,2026-08-26,Soylent Corp,Startup,MetricHub,onboarding,neutral,New team members at Soylent Corp find the MetricHub admin console confusing at first.,neutral,0.8607674549643539,3,"ORDINAL,ORG",the MetricHub admin console,onboarding,1
1035,2025-09-08,Globex Inc,SMB,FlowPilot,billing,negative,Getting a refund for the FlowPilot overcharge took three weeks. Very frustrating billing process.,negative,0.8515634727305043,2,"DATE,ORG",Very frustrating billing process,billing,3
1036,2026-03-17,Hooli,Startup,DataSync Pro,onboarding,neutral,New team members at Hooli find the DataSync Pro admin console confusing at first.,neutral,0.8967901942616545,3,"GPE,ORDINAL,ORG",the DataSync Pro admin console,bug,1
1037,2026-03-10,Umbrella Labs,SMB,InsightBoard,praise,positive,"InsightBoard has completely streamlined reporting for Umbrella Labs, couldn't be happier with the results.",positive,0.9084242071637808,2,ORG,Umbrella Labs,unknown,3
1038,2026-01-20,Massive Dynamic,SMB,QuickReport,praise,positive,"The new QuickReport update is fantastic, our team at Massive Dynamic loves the redesigned interface.",positive,0.8892313228142006,2,ORG,The new QuickReport update,unknown,7
1039,2026-07-15,Soylent Corp,SMB,QuickReport,billing,negative,Getting a refund for the QuickReport overcharge took three weeks. Very frustrating billing process.,negative,0.8895528677098382,2,"DATE,ORG",Very frustrating billing process,billing,3
1040,2026-09-19,Soylent Corp,Enterprise,DataSync Pro,billing,negative,Getting a refund for the DataSync Pro overcharge took three weeks. Very frustrating billing process.,negative,0.7815169718618963,2,"DATE,ORG",Very frustrating billing process,billing,3
1041,2026-02-15,Acme Corp,SMB,FlowPilot,feature_request,neutral,Any plans to add SSO support to FlowPilot? We'd need that to expand usage at Acme Corp.,neutral,0.8332195417860364,3,ORG,SSO support,support,2
1042,2025-12-15,Massive Dynamic,Startup,MetricHub,billing,negative,We were double-charged for MetricHub this month and support at Massive Dynamic has been slow to respond.,negative,0.8828867919992802,3,"DATE,ORG",Massive Dynamic,unknown,6
1043,2026-08-04,Wayne Analytics,Startup,QuickReport,billing,negative,The invoice for QuickReport doesn't match our contract pricing -- billing needs to fix this ASAP.,negative,0.8224288397930526,2,ORG,our contract pricing,billing,3
1044,2026-05-23,Massive Dynamic,Enterprise,InsightBoard,billing,negative,We were double-charged for InsightBoard this month and support at Massive Dynamic has been slow to respond.,negative,0.8206652682579093,3,"DATE,ORG",Massive Dynamic,unknown,6
1045,2026-03-18,Soylent Corp,Enterprise,MetricHub,bug,negative,Data sync between MetricHub and our CRM has been dropping records intermittently.,negative,0.7886467024435281,2,"ORG,PRODUCT",Data sync,bug,0
1046,2026-07-28,Acme Corp,Startup,InsightBoard,bug,negative,Found a bug in InsightBoard where exported reports show the wrong currency symbol.,negative,0.6628158991728411,1,ORG,the wrong currency symbol,unknown,7
1047,2025-09-14,Acme Corp,Startup,QuickReport,performance,negative,"QuickReport has been timing out constantly since the last update, our team at Acme Corp can't get work done.",negative,0.8197711759589997,2,ORG,the last update,unknown,7
1048,2025-11-04,Massive Dynamic,Startup,InsightBoard,support,negative,The support team at Massive Dynamic keeps closing our InsightBoard tickets without actually resolving the issue.,negative,0.8111193265327666,2,ORG,our InsightBoard tickets,support,6
1049,2025-09-15,Initech,SMB,MetricHub,performance,neutral,"MetricHub has been timing out constantly since the last update, our team at Initech can't get work done.",negative,0.728579637104346,2,ORG,the last update,unknown,7
1050,2026-04-08,Soylent Corp,Startup,DataSync Pro,bug,negative,DataSync Pro's new filter feature crashes the app when we select more than 5 tags.,negative,0.9016175535663691,1,CARDINAL,DataSync Pro's new filter feature,bug,5
1051,2026-04-03,Massive Dynamic,SMB,FlowPilot,performance,negative,We're seeing frequent 500 errors in FlowPilot during peak hours.,negative,0.8245280845059025,2,"CARDINAL,ORG",frequent 500 errors,performance,7
1052,2026-01-20,Initech,Startup,QuickReport,onboarding,neutral,New team members at Initech find the QuickReport admin console confusing at first.,neutral,0.8597359123684755,3,"ORDINAL,ORG",the QuickReport admin console,onboarding,1
1053,2025-11-02,Umbrella Labs,Enterprise,DataSync Pro,feature_request,neutral,Any plans to add SSO support to DataSync Pro? We'd need that to expand usage at Umbrella Labs.,neutral,0.7508736862692362,2,ORG,Umbrella Labs,unknown,2
1054,2026-07-19,Initech,Enterprise,QuickReport,feature_request,positive,It would help Initech a lot if QuickReport supported bulk export to Excel.,neutral,0.6541409105209183,3,"NORP,ORG,PRODUCT",bulk export,bug,7
1055,2025-10-14,Wayne Analytics,Enterprise,DataSync Pro,praise,positive,"The new DataSync Pro update is fantastic, our team at Wayne Analytics loves the redesigned interface.",positive,0.8679947896655199,2,ORG,The new DataSync Pro update,bug,7
1056,2026-08-23,Stark Data Systems,Startup,MetricHub,performance,negative,"MetricHub has been timing out constantly since the last update, our team at Stark Data Systems can't get work done.",negative,0.7562096614340352,2,ORG,Stark Data Systems,unknown,7
1057,2026-08-19,Soylent Corp,SMB,QuickReport,onboarding,positive,New team members at Soylent Corp find the QuickReport admin console confusing at first.,neutral,0.7652406368974675,3,"ORDINAL,ORG",the QuickReport admin console,onboarding,1
1058,2026-02-13,Globex Inc,SMB,InsightBoard,support,negative,Opened a ticket about InsightBoard five days ago and still no response from support.,negative,0.7276515661837327,2,"DATE,ORG",still no response,support,6
1059,2026-01-16,Hooli,Enterprise,MetricHub,praise,positive,"MetricHub has completely streamlined reporting for Hooli, couldn't be happier with the results.",positive,0.9225126067898957,2,"ORG,PERSON",the results,unknown,3
1060,2026-03-17,Stark Data Systems,Startup,InsightBoard,performance,negative,"InsightBoard has been timing out constantly since the last update, our team at Stark Data Systems can't get work done.",negative,0.8027047667432899,2,ORG,Stark Data Systems,unknown,7
1061,2025-10-19,Umbrella Labs,Enterprise,MetricHub,performance,negative,We're seeing frequent 500 errors in MetricHub during peak hours.,negative,0.8753164810198771,2,"CARDINAL,ORG",frequent 500 errors,performance,7
1062,2026-08-23,Soylent Corp,SMB,DataSync Pro,feature_request,neutral,Any plans to add SSO support to DataSync Pro? We'd need that to expand usage at Soylent Corp.,neutral,0.6927537234748471,2,ORG,Soylent Corp.,unknown,2
1063,2026-02-09,Stark Data Systems,Startup,FlowPilot,onboarding,positive,New team members at Stark Data Systems find the FlowPilot admin console confusing at first.,neutral,0.6609280650514204,3,"ORDINAL,ORG",the FlowPilot admin console,onboarding,1
1064,2026-06-19,Cyberdyne Systems,Enterprise,InsightBoard,onboarding,neutral,New team members at Cyberdyne Systems find the InsightBoard admin console confusing at first.,neutral,0.8924317970069859,3,"ORDINAL,ORG",the InsightBoard admin console,onboarding,1
1065,2026-06-08,Massive Dynamic,Enterprise,FlowPilot,bug,neutral,Data sync between FlowPilot and our CRM has been dropping records intermittently.,negative,0.7266052827531411,2,"ORG,PRODUCT",Data sync,bug,0
1066,2025-09-15,Umbrella Labs,Enterprise,DataSync Pro,feature_request,neutral,It would help Umbrella Labs a lot if DataSync Pro supported bulk export to Excel.,neutral,0.8891140656089999,2,"ORG,PRODUCT",Umbrella Labs,unknown,7
1067,2026-03-02,Umbrella Labs,SMB,MetricHub,feature_request,neutral,Would love to see a dark mode added to MetricHub in a future release.,neutral,0.6839478219854184,1,ORG,a future release,unknown,4
1068,2026-07-07,Soylent Corp,Enterprise,QuickReport,support,negative,The support team at Soylent Corp keeps closing our QuickReport tickets without actually resolving the issue.,negative,0.7526592367118758,2,ORG,our QuickReport tickets,support,6
1069,2026-01-17,Stark Data Systems,SMB,DataSync Pro,feature_request,neutral,It would help Stark Data Systems a lot if DataSync Pro supported bulk export to Excel.,neutral,0.7843169933224262,2,"ORG,PRODUCT",Stark Data Systems,unknown,0
1070,2026-02-11,Initech,Startup,DataSync Pro,onboarding,neutral,"Setup for DataSync Pro took longer than expected, would be nice to have a clearer setup wizard.",neutral,0.6914222084479202,0,,a clearer setup wizard,onboarding,3
1071,2025-11-07,Cyberdyne Systems,Enterprise,MetricHub,bug,negative,Data sync between MetricHub and our CRM has been dropping records intermittently.,negative,0.7886467024435281,2,"ORG,PRODUCT",Data sync,bug,0
1072,2026-07-05,Massive Dynamic,Enterprise,FlowPilot,support,negative,The support team at Massive Dynamic keeps closing our FlowPilot tickets without actually resolving the issue.,negative,0.8034397275818714,2,ORG,our FlowPilot tickets,support,6
1073,2026-04-26,Massive Dynamic,SMB,MetricHub,bug,negative,Found a bug in MetricHub where exported reports show the wrong currency symbol.,negative,0.8149342942734071,1,ORG,the wrong currency symbol,unknown,7
1074,2026-06-24,Initech,SMB,MetricHub,praise,positive,MetricHub just works. Rock solid uptime and the Initech team is very satisfied.,positive,0.9396041377460348,2,"NORP,ORG",Rock solid uptime,praise,0
1075,2025-12-19,Soylent Corp,Enterprise,MetricHub,feature_request,neutral,It would help Soylent Corp a lot if MetricHub supported bulk export to Excel.,neutral,0.860603832824942,3,"ORG,PRODUCT",Soylent Corp,unknown,7
1076,2026-01-27,Wayne Analytics,Enterprise,DataSync Pro,feature_request,neutral,It would help Wayne Analytics a lot if DataSync Pro supported bulk export to Excel.,neutral,0.9044827001052952,2,"PERSON,PRODUCT",Wayne Analytics,unknown,7
1077,2026-06-20,Hooli,Enterprise,MetricHub,billing,neutral,The invoice for MetricHub doesn't match our contract pricing -- billing needs to fix this ASAP.,negative,0.7850364647255685,2,ORG,our contract pricing,billing,3
1078,2026-08-28,Cyberdyne Systems,SMB,DataSync Pro,bug,negative,Found a bug in DataSync Pro where exported reports show the wrong currency symbol.,negative,0.8318813149023164,0,,the wrong currency symbol,unknown,7
1079,2025-10-16,Initech,SMB,InsightBoard,support,negative,Support wait times for InsightBoard have gotten noticeably worse this quarter.,negative,0.7973506347562989,2,"DATE,ORG",Support,support,6
1080,2026-05-10,Massive Dynamic,Enterprise,InsightBoard,performance,negative,"Dashboard loads take over 30 seconds in InsightBoard, this is unacceptable for Massive Dynamic's reporting needs.",negative,0.6227397572898034,4,"ORG,PERSON,TIME",Massive Dynamic's reporting needs,unknown,3
1081,2025-10-15,Wayne Analytics,Enterprise,DataSync Pro,performance,negative,"DataSync Pro has been timing out constantly since the last update, our team at Wayne Analytics can't get work done.",negative,0.8044830783529069,1,ORG,the last update,unknown,7
1082,2025-12-11,Massive Dynamic,Enterprise,MetricHub,onboarding,neutral,The onboarding docs for MetricHub are a bit outdated but our team at Massive Dynamic figured it out eventually.,neutral,0.7132856240534987,2,ORG,The onboarding docs,onboarding,0
1083,2025-11-25,Soylent Corp,SMB,InsightBoard,bug,neutral,Data sync between InsightBoard and our CRM has been dropping records intermittently.,negative,0.784861856413665,2,"ORG,PRODUCT",Data sync,bug,0
1084,2026-08-02,Soylent Corp,Enterprise,QuickReport,praise,positive,"QuickReport has completely streamlined reporting for Soylent Corp, couldn't be happier with the results.",positive,0.9406997937543223,2,ORG,Soylent Corp,unknown,3
1085,2026-01-02,Soylent Corp,Enterprise,DataSync Pro,bug,negative,DataSync Pro's new filter feature crashes the app when we select more than 5 tags.,negative,0.9016175535663691,1,CARDINAL,DataSync Pro's new filter feature,bug,5
1086,2025-09-04,Globex Inc,SMB,InsightBoard,feature_request,neutral,Any plans to add SSO support to InsightBoard? We'd need that to expand usage at Globex Inc.,neutral,0.749175720671133,3,ORG,SSO support,support,2
1087,2026-09-10,Stark Data Systems,Startup,DataSync Pro,onboarding,neutral,New team members at Stark Data Systems find the DataSync Pro admin console confusing at first.,neutral,0.784626965386158,3,"ORDINAL,ORG",the DataSync Pro admin console,bug,1
1088,2026-01-09,Wayne Analytics,Enterprise,QuickReport,feature_request,neutral,Would love to see a dark mode added to QuickReport in a future release.,neutral,0.7180881484446326,1,ORG,a future release,unknown,4
1089,2025-11-06,Massive Dynamic,SMB,DataSync Pro,onboarding,positive,"Setup for DataSync Pro took longer than expected, would be nice to have a clearer setup wizard.",neutral,0.6914222084479202,0,,a clearer setup wizard,onboarding,3
1090,2026-05-04,Initech,Startup,MetricHub,support,negative,Opened a ticket about MetricHub five days ago and still no response from support.,negative,0.8502571486942204,2,"DATE,ORG",still no response,support,6
1091,2026-01-05,Wayne Analytics,SMB,MetricHub,performance,negative,We're seeing frequent 500 errors in MetricHub during peak hours.,negative,0.8753164810198771,2,"CARDINAL,ORG",frequent 500 errors,performance,7
1092,2025-10-10,Cyberdyne Systems,Enterprise,QuickReport,feature_request,neutral,It would help Cyberdyne Systems a lot if QuickReport supported bulk export to Excel.,neutral,0.7253883516677012,3,"ORG,PRODUCT",Cyberdyne Systems,unknown,7
1093,2025-11-01,Soylent Corp,Enterprise,FlowPilot,onboarding,neutral,"Setup for FlowPilot took longer than expected, would be nice to have a clearer setup wizard.",neutral,0.712107551866232,1,ORG,a clearer setup wizard,onboarding,3
1094,2025-09-03,Initech,SMB,DataSync Pro,bug,negative,Data sync between DataSync Pro and our CRM has been dropping records intermittently.,negative,0.8603474287724876,1,PRODUCT,DataSync Pro,bug,0
1095,2026-07-27,Acme Corp,Startup,MetricHub,bug,negative,MetricHub's new filter feature crashes the app when we select more than 5 tags.,negative,0.8796970943181684,2,"CARDINAL,ORG",MetricHub's new filter feature,unknown,5
1096,2026-01-11,Massive Dynamic,SMB,MetricHub,feature_request,neutral,Any plans to add SSO support to MetricHub? We'd need that to expand usage at Massive Dynamic.,neutral,0.9165790265110196,3,ORG,Massive Dynamic,unknown,2
1097,2026-06-05,Soylent Corp,SMB,DataSync Pro,praise,positive,Support resolved our DataSync Pro issue within the hour -- great experience overall.,positive,0.9274944164591788,2,"ORG,TIME",our DataSync Pro issue,bug,6
1098,2026-01-22,Massive Dynamic,SMB,DataSync Pro,billing,negative,Getting a refund for the DataSync Pro overcharge took three weeks. Very frustrating billing process.,negative,0.7815169718618963,2,"DATE,ORG",Very frustrating billing process,billing,3
1099,2025-12-05,Massive Dynamic,Enterprise,FlowPilot,feature_request,neutral,Any plans to add SSO support to FlowPilot? We'd need that to expand usage at Massive Dynamic.,neutral,0.8084670715113061,3,ORG,Massive Dynamic,unknown,2
1100,2026-08-22,Wayne Analytics,Enterprise,FlowPilot,praise,positive,"The new FlowPilot update is fantastic, our team at Wayne Analytics loves the redesigned interface.",positive,0.8694442339240867,2,ORG,The new FlowPilot update,unknown,7
1101,2025-10-16,Massive Dynamic,Enterprise,FlowPilot,support,negative,The support team at Massive Dynamic keeps closing our FlowPilot tickets without actually resolving the issue.,negative,0.8034397275818714,2,ORG,our FlowPilot tickets,support,6
1102,2026-01-25,Massive Dynamic,Enterprise,FlowPilot,billing,negative,The invoice for FlowPilot doesn't match our contract pricing -- billing needs to fix this ASAP.,negative,0.8332377145867494,2,ORG,our contract pricing,billing,3
1103,2025-10-13,Cyberdyne Systems,Startup,QuickReport,support,negative,Support wait times for QuickReport have gotten noticeably worse this quarter.,negative,0.8542249179194534,2,"DATE,ORG",Support,support,6
1104,2025-10-26,Wayne Analytics,Startup,MetricHub,praise,neutral,"MetricHub has completely streamlined reporting for Wayne Analytics, couldn't be happier with the results.",positive,0.8412433837979731,2,"ORG,PERSON",Wayne Analytics,unknown,3
1105,2026-03-08,Massive Dynamic,Startup,FlowPilot,support,negative,Support wait times for FlowPilot have gotten noticeably worse this quarter.,negative,0.8773696561949629,2,"DATE,ORG",Support,support,6
1106,2026-03-03,Soylent Corp,SMB,QuickReport,onboarding,neutral,The onboarding docs for QuickReport are a bit outdated but our team at Soylent Corp figured it out eventually.,neutral,0.6711820400177616,2,ORG,The onboarding docs,onboarding,0
1107,2026-06-26,Cyberdyne Systems,SMB,FlowPilot,support,negative,Opened a ticket about FlowPilot five days ago and still no response from support.,negative,0.8021477738425319,2,"DATE,ORG",still no response,support,6
1108,2026-07-03,Umbrella Labs,Startup,QuickReport,support,negative,Support wait times for QuickReport have gotten noticeably worse this quarter.,negative,0.8542249179194534,2,"DATE,ORG",Support,support,6
1109,2026-06-20,Cyberdyne Systems,Enterprise,FlowPilot,feature_request,positive,Any plans to add SSO support to FlowPilot? We'd need that to expand usage at Cyberdyne Systems.,neutral,0.7577210803973694,3,ORG,Cyberdyne Systems,unknown,2
1110,2025-11-10,Soylent Corp,SMB,DataSync Pro,bug,negative,DataSync Pro's new filter feature crashes the app when we select more than 5 tags.,negative,0.9016175535663691,1,CARDINAL,DataSync Pro's new filter feature,bug,5
1111,2026-06-25,Cyberdyne Systems,Startup,DataSync Pro,bug,negative,Found a bug in DataSync Pro where exported reports show the wrong currency symbol.,negative,0.8318813149023164,0,,the wrong currency symbol,unknown,7
1112,2026-07-02,Wayne Analytics,Startup,FlowPilot,praise,neutral,FlowPilot just works. Rock solid uptime and the Wayne Analytics team is very satisfied.,positive,0.9116477496123917,1,ORG,the Wayne Analytics team,unknown,0
1113,2026-09-01,Acme Corp,Startup,MetricHub,billing,negative,We were double-charged for MetricHub this month and support at Acme Corp has been slow to respond.,negative,0.9018312347770939,3,"DATE,ORG",Acme Corp,unknown,6
1114,2026-01-13,Acme Corp,Startup,FlowPilot,praise,positive,Support resolved our FlowPilot issue within the hour -- great experience overall.,positive,0.9539029363686076,2,"ORG,TIME",our FlowPilot issue,unknown,6
1115,2026-07-11,Massive Dynamic,Enterprise,QuickReport,onboarding,neutral,New team members at Massive Dynamic find the QuickReport admin console confusing at first.,neutral,0.8789329834664181,3,"ORDINAL,ORG",the QuickReport admin console,onboarding,1
1116,2026-02-03,Stark Data Systems,Startup,FlowPilot,support,negative,Support wait times for FlowPilot have gotten noticeably worse this quarter.,negative,0.8773696561949629,2,"DATE,ORG",Support,support,6
1117,2025-11-28,Cyberdyne Systems,SMB,MetricHub,onboarding,neutral,The onboarding docs for MetricHub are a bit outdated but our team at Cyberdyne Systems figured it out eventually.,neutral,0.6912288936604407,2,ORG,The onboarding docs,onboarding,0
1118,2025-09-23,Wayne Analytics,Enterprise,MetricHub,support,negative,Opened a ticket about MetricHub five days ago and still no response from support.,negative,0.8502571486942204,2,"DATE,ORG",still no response,support,6
1119,2025-12-14,Globex Inc,Enterprise,InsightBoard,onboarding,neutral,"Setup for InsightBoard took longer than expected, would be nice to have a clearer setup wizard.",neutral,0.8195783722305164,1,ORG,a clearer setup wizard,onboarding,3
1120,2026-03-13,Hooli,Startup,InsightBoard,feature_request,neutral,Any plans to add SSO support to InsightBoard? We'd need that to expand usage at Hooli.,neutral,0.9056963999606945,3,"GPE,ORG",SSO support,support,2
1121,2025-11-16,Soylent Corp,Startup,QuickReport,bug,negative,QuickReport's new filter feature crashes the app when we select more than 5 tags.,negative,0.8387219356211374,2,"CARDINAL,ORG",QuickReport's new filter feature,unknown,5
1122,2026-03-05,Soylent Corp,SMB,FlowPilot,performance,negative,"FlowPilot has been timing out constantly since the last update, our team at Soylent Corp can't get work done.",negative,0.8519047208098067,2,ORG,the last update,unknown,7
1123,2025-10-21,Acme Corp,Enterprise,QuickReport,support,negative,Support wait times for QuickReport have gotten noticeably worse this quarter.,negative,0.8542249179194534,2,"DATE,ORG",Support,support,6
1124,2025-10-05,Massive Dynamic,Enterprise,FlowPilot,billing,neutral,We were double-charged for FlowPilot this month and support at Massive Dynamic has been slow to respond.,negative,0.8269101332111982,3,"DATE,ORG",Massive Dynamic,unknown,6
1125,2026-06-06,Massive Dynamic,SMB,MetricHub,feature_request,neutral,It would help Massive Dynamic a lot if MetricHub supported bulk export to Excel.,neutral,0.7581923231082368,3,"ORG,PERSON,PRODUCT",Massive Dynamic,unknown,7
1126,2026-03-12,Hooli,SMB,MetricHub,bug,negative,Data sync between MetricHub and our CRM has been dropping records intermittently.,negative,0.7886467024435281,2,"ORG,PRODUCT",Data sync,bug,0
1127,2026-06-16,Hooli,Enterprise,MetricHub,performance,negative,"MetricHub has been timing out constantly since the last update, our team at Hooli can't get work done.",negative,0.814052387856696,2,"GPE,ORG",the last update,unknown,7
1128,2026-05-19,Soylent Corp,SMB,InsightBoard,praise,neutral,Support resolved our InsightBoard issue within the hour -- great experience overall.,positive,0.9114717590129222,2,"ORG,TIME",our InsightBoard issue,unknown,6
1129,2026-08-12,Initech,SMB,MetricHub,support,negative,Opened a ticket about MetricHub five days ago and still no response from support.,negative,0.8502571486942204,2,"DATE,ORG",still no response,support,6
1130,2026-08-24,Massive Dynamic,Enterprise,DataSync Pro,billing,negative,Getting a refund for the DataSync Pro overcharge took three weeks. Very frustrating billing process.,negative,0.7815169718618963,2,"DATE,ORG",Very frustrating billing process,billing,3
1131,2026-05-20,Massive Dynamic,Enterprise,MetricHub,onboarding,neutral,"Setup for MetricHub took longer than expected, would be nice to have a clearer setup wizard.",neutral,0.7774885708471921,1,ORG,a clearer setup wizard,onboarding,3
1132,2026-07-18,Massive Dynamic,Startup,DataSync Pro,billing,negative,We were double-charged for DataSync Pro this month and support at Massive Dynamic has been slow to respond.,negative,0.816807744338129,2,"DATE,ORG",Massive Dynamic,unknown,6
1133,2026-05-25,Cyberdyne Systems,SMB,DataSync Pro,praise,positive,"The new DataSync Pro update is fantastic, our team at Cyberdyne Systems loves the redesigned interface.",positive,0.8563179761761129,2,ORG,The new DataSync Pro update,bug,7
1134,2026-06-24,Massive Dynamic,SMB,MetricHub,billing,negative,The invoice for MetricHub doesn't match our contract pricing -- billing needs to fix this ASAP.,negative,0.7850364647255685,2,ORG,our contract pricing,billing,3
1135,2025-11-02,Wayne Analytics,SMB,InsightBoard,support,negative,The support team at Wayne Analytics keeps closing our InsightBoard tickets without actually resolving the issue.,negative,0.7980846088791216,2,ORG,our InsightBoard tickets,support,6
1136,2025-09-21,Stark Data Systems,SMB,MetricHub,feature_request,neutral,Any plans to add SSO support to MetricHub? We'd need that to expand usage at Stark Data Systems.,neutral,0.8445095623339031,3,ORG,Stark Data Systems,unknown,2
1137,2026-07-10,Acme Corp,Enterprise,MetricHub,bug,neutral,Data sync between MetricHub and our CRM has been dropping records intermittently.,negative,0.7886467024435281,2,"ORG,PRODUCT",Data sync,bug,0
1138,2025-11-17,Stark Data Systems,Enterprise,FlowPilot,praise,positive,"FlowPilot has completely streamlined reporting for Stark Data Systems, couldn't be happier with the results.",positive,0.9570055761242472,2,ORG,Stark Data Systems,unknown,0
1139,2026-01-09,Stark Data Systems,Startup,QuickReport,billing,negative,The invoice for QuickReport doesn't match our contract pricing -- billing needs to fix this ASAP.,negative,0.8224288397930526,2,ORG,our contract pricing,billing,3
1140,2025-11-19,Initech,Startup,DataSync Pro,praise,neutral,"The new DataSync Pro update is fantastic, our team at Initech loves the redesigned interface.",positive,0.8648578765911885,2,"NORP,ORG",The new DataSync Pro update,bug,7
1141,2026-01-26,Massive Dynamic,Enterprise,InsightBoard,feature_request,neutral,Would love to see a dark mode added to InsightBoard in a future release.,neutral,0.834952071949089,1,ORG,a future release,unknown,4
1142,2025-09-11,Massive Dynamic,Startup,QuickReport,feature_request,neutral,Would love to see a dark mode added to QuickReport in a future release.,neutral,0.7180881484446326,1,ORG,a future release,unknown,4
1143,2026-09-14,Cyberdyne Systems,SMB,QuickReport,billing,negative,We were double-charged for QuickReport this month and support at Cyberdyne Systems has been slow to respond.,negative,0.8458079238408547,3,"DATE,ORG",Cyberdyne Systems,unknown,6
1144,2026-07-06,Umbrella Labs,Startup,FlowPilot,praise,positive,FlowPilot just works. Rock solid uptime and the Umbrella Labs team is very satisfied.,positive,0.904256193123285,2,ORG,the Umbrella Labs team,unknown,0
1145,2026-01-25,Wayne Analytics,Startup,DataSync Pro,performance,negative,We're seeing frequent 500 errors in DataSync Pro during peak hours.,negative,0.8848384183212116,2,"CARDINAL,ORG",frequent 500 errors,performance,7
1146,2026-03-16,Initech,SMB,QuickReport,praise,positive,"QuickReport has completely streamlined reporting for Initech, couldn't be happier with the results.",positive,0.9503834313627146,2,ORG,the results,unknown,3
1147,2026-07-23,Soylent Corp,SMB,QuickReport,support,negative,The support team at Soylent Corp keeps closing our QuickReport tickets without actually resolving the issue.,negative,0.7526592367118758,2,ORG,our QuickReport tickets,support,6
1148,2026-03-01,Stark Data Systems,Startup,QuickReport,bug,negative,QuickReport's new filter feature crashes the app when we select more than 5 tags.,negative,0.8387219356211374,2,"CARDINAL,ORG",QuickReport's new filter feature,unknown,5
1149,2026-07-02,Hooli,Startup,InsightBoard,support,negative,The support team at Hooli keeps closing our InsightBoard tickets without actually resolving the issue.,negative,0.8554523747737718,2,"GPE,ORG",our InsightBoard tickets,support,6
1150,2026-07-28,Wayne Analytics,Startup,FlowPilot,billing,negative,Getting a refund for the FlowPilot overcharge took three weeks. Very frustrating billing process.,negative,0.8515634727305043,2,"DATE,ORG",Very frustrating billing process,billing,3
1151,2026-01-21,Stark Data Systems,Enterprise,InsightBoard,support,negative,The support team at Stark Data Systems keeps closing our InsightBoard tickets without actually resolving the issue.,negative,0.786111381224964,2,ORG,our InsightBoard tickets,support,6
1152,2026-07-19,Massive Dynamic,Startup,QuickReport,onboarding,neutral,"Setup for QuickReport took longer than expected, would be nice to have a clearer setup wizard.",neutral,0.8864772034004458,1,ORG,a clearer setup wizard,onboarding,3
1153,2026-08-06,Soylent Corp,Startup,InsightBoard,praise,positive,Support resolved our InsightBoard issue within the hour -- great experience overall.,positive,0.9114717590129222,2,"ORG,TIME",our InsightBoard issue,unknown,6
1154,2025-09-14,Initech,Enterprise,DataSync Pro,support,negative,Support wait times for DataSync Pro have gotten noticeably worse this quarter.,negative,0.8144527305273883,1,DATE,DataSync Pro,bug,6
1155,2025-12-24,Globex Inc,SMB,FlowPilot,billing,negative,Getting a refund for the FlowPilot overcharge took three weeks. Very frustrating billing process.,negative,0.8515634727305043,2,"DATE,ORG",Very frustrating billing process,billing,3
1156,2026-06-03,Umbrella Labs,Enterprise,DataSync Pro,support,negative,The support team at Umbrella Labs keeps closing our DataSync Pro tickets without actually resolving the issue.,negative,0.8834678424997133,2,ORG,our DataSync Pro tickets,support,6
1157,2025-10-23,Umbrella Labs,Startup,MetricHub,billing,negative,Getting a refund for the MetricHub overcharge took three weeks. Very frustrating billing process.,negative,0.8401558883569069,2,"DATE,ORG",Very frustrating billing process,billing,3
1158,2026-07-25,Cyberdyne Systems,SMB,QuickReport,billing,negative,We were double-charged for QuickReport this month and support at Cyberdyne Systems has been slow to respond.,negative,0.8458079238408547,3,"DATE,ORG",Cyberdyne Systems,unknown,6
1159,2025-11-09,Acme Corp,Startup,DataSync Pro,feature_request,neutral,Any plans to add SSO support to DataSync Pro? We'd need that to expand usage at Acme Corp.,neutral,0.8148777341984891,2,ORG,DataSync Pro,bug,2
1160,2026-09-14,Globex Inc,SMB,FlowPilot,support,negative,The support team at Globex Inc keeps closing our FlowPilot tickets without actually resolving the issue.,negative,0.8569010106874537,2,"FAC,ORG",our FlowPilot tickets,support,6
1161,2026-09-03,Wayne Analytics,Enterprise,InsightBoard,feature_request,neutral,Any plans to add SSO support to InsightBoard? We'd need that to expand usage at Wayne Analytics.,neutral,0.8772178042754024,3,ORG,Wayne Analytics,unknown,2
1162,2025-09-09,Hooli,SMB,FlowPilot,support,negative,Opened a ticket about FlowPilot five days ago and still no response from support.,negative,0.8021477738425319,2,"DATE,ORG",still no response,support,6
1163,2026-04-07,Acme Corp,Enterprise,FlowPilot,praise,neutral,"The new FlowPilot update is fantastic, our team at Acme Corp loves the redesigned interface.",positive,0.8558712249152283,2,ORG,The new FlowPilot update,unknown,7
1164,2025-11-18,Acme Corp,Enterprise,FlowPilot,onboarding,neutral,"Setup for FlowPilot took longer than expected, would be nice to have a clearer setup wizard.",neutral,0.712107551866232,1,ORG,a clearer setup wizard,onboarding,3
1165,2025-10-15,Umbrella Labs,Startup,MetricHub,praise,positive,MetricHub just works. Rock solid uptime and the Umbrella Labs team is very satisfied.,positive,0.9075434131022753,2,ORG,the Umbrella Labs team,unknown,0
1166,2025-10-19,Globex Inc,Enterprise,DataSync Pro,feature_request,neutral,It would help Globex Inc a lot if DataSync Pro supported bulk export to Excel.,neutral,0.8976367732438975,2,"PERSON,PRODUCT",DataSync Pro,bug,7
1167,2025-11-21,Massive Dynamic,SMB,DataSync Pro,feature_request,neutral,It would help Massive Dynamic a lot if DataSync Pro supported bulk export to Excel.,neutral,0.7438103898790439,2,"PERSON,PRODUCT",Massive Dynamic,unknown,7
1168,2025-11-23,Initech,SMB,FlowPilot,feature_request,neutral,Would love to see a dark mode added to FlowPilot in a future release.,neutral,0.7772544021112159,1,ORG,a future release,unknown,4
1169,2026-08-25,Cyberdyne Systems,Startup,DataSync Pro,support,negative,The support team at Cyberdyne Systems keeps closing our DataSync Pro tickets without actually resolving the issue.,negative,0.8795980843730453,2,ORG,our DataSync Pro tickets,support,6
1170,2026-09-26,Hooli,Startup,FlowPilot,bug,negative,FlowPilot's new filter feature crashes the app when we select more than 5 tags.,negative,0.8849345975804095,2,"CARDINAL,ORG",FlowPilot's new filter feature,unknown,5
1171,2026-03-23,Soylent Corp,Enterprise,QuickReport,praise,positive,"QuickReport has completely streamlined reporting for Soylent Corp, couldn't be happier with the results.",positive,0.9406997937543223,2,ORG,Soylent Corp,unknown,3
1172,2026-02-11,Globex Inc,Startup,MetricHub,praise,positive,MetricHub just works. Rock solid uptime and the Globex Inc team is very satisfied.,positive,0.9368295653759097,1,ORG,the Globex Inc team,unknown,0
1173,2026-07-03,Hooli,Startup,DataSync Pro,feature_request,neutral,It would help Hooli a lot if DataSync Pro supported bulk export to Excel.,neutral,0.9089348185007567,2,"PERSON,PRODUCT",DataSync Pro,bug,7
1174,2026-09-25,Wayne Analytics,SMB,DataSync Pro,support,negative,Support wait times for DataSync Pro have gotten noticeably worse this quarter.,negative,0.8144527305273883,1,DATE,DataSync Pro,bug,6
1175,2025-09-13,Umbrella Labs,Startup,QuickReport,support,negative,Support wait times for QuickReport have gotten noticeably worse this quarter.,negative,0.8542249179194534,2,"DATE,ORG",Support,support,6
1176,2026-07-23,Stark Data Systems,Enterprise,FlowPilot,feature_request,neutral,Would love to see a dark mode added to FlowPilot in a future release.,neutral,0.7772544021112159,1,ORG,a future release,unknown,4
1177,2025-12-05,Globex Inc,Startup,FlowPilot,support,negative,The support team at Globex Inc keeps closing our FlowPilot tickets without actually resolving the issue.,negative,0.8569010106874537,2,"FAC,ORG",our FlowPilot tickets,support,6
1178,2026-04-13,Initech,Enterprise,MetricHub,billing,negative,We were double-charged for MetricHub this month and support at Initech has been slow to respond.,negative,0.8357075978150336,3,"DATE,ORG",We,unknown,6
1179,2026-09-15,Stark Data Systems,Startup,FlowPilot,billing,negative,Getting a refund for the FlowPilot overcharge took three weeks. Very frustrating billing process.,negative,0.8515634727305043,2,"DATE,ORG",Very frustrating billing process,billing,3
1180,2026-09-24,Wayne Analytics,SMB,DataSync Pro,billing,negative,We were double-charged for DataSync Pro this month and support at Wayne Analytics has been slow to respond.,negative,0.7750933789975639,2,"DATE,ORG",Wayne Analytics,unknown,6
1181,2026-07-17,Globex Inc,Startup,QuickReport,billing,negative,The invoice for QuickReport doesn't match our contract pricing -- billing needs to fix this ASAP.,negative,0.8224288397930526,2,ORG,our contract pricing,billing,3
1182,2026-06-08,Soylent Corp,Startup,QuickReport,bug,neutral,Data sync between QuickReport and our CRM has been dropping records intermittently.,negative,0.7272511563133593,2,"ORG,PRODUCT",Data sync,bug,0
1183,2025-09-16,Acme Corp,Startup,FlowPilot,billing,negative,We were double-charged for FlowPilot this month and support at Acme Corp has been slow to respond.,negative,0.8521900514098044,3,"DATE,ORG",Acme Corp,unknown,6
1184,2025-11-21,Umbrella Labs,Enterprise,QuickReport,onboarding,neutral,The onboarding docs for QuickReport are a bit outdated but our team at Umbrella Labs figured it out eventually.,neutral,0.6938610421085544,2,ORG,The onboarding docs,onboarding,0
1185,2025-11-27,Globex Inc,Startup,FlowPilot,billing,negative,The invoice for FlowPilot doesn't match our contract pricing -- billing needs to fix this ASAP.,negative,0.8332377145867494,2,ORG,our contract pricing,billing,3
1186,2026-06-26,Globex Inc,SMB,DataSync Pro,onboarding,neutral,The onboarding docs for DataSync Pro are a bit outdated but our team at Globex Inc figured it out eventually.,neutral,0.8290516109496817,1,FAC,The onboarding docs,onboarding,0
1187,2026-02-26,Globex Inc,SMB,QuickReport,onboarding,neutral,The onboarding docs for QuickReport are a bit outdated but our team at Globex Inc figured it out eventually.,neutral,0.7824484493113218,2,"FAC,ORG",The onboarding docs,onboarding,0
1188,2026-06-18,Wayne Analytics,Startup,DataSync Pro,praise,positive,DataSync Pro just works. Rock solid uptime and the Wayne Analytics team is very satisfied.,positive,0.8867122568693813,0,,the Wayne Analytics team,unknown,0
1189,2025-11-11,Umbrella Labs,Startup,DataSync Pro,performance,negative,"Dashboard loads take over 30 seconds in DataSync Pro, this is unacceptable for Umbrella Labs's reporting needs.",negative,0.8861747216201045,3,"ORG,PERSON,TIME",Umbrella Labs's reporting needs,unknown,3
1190,2025-11-23,Stark Data Systems,SMB,QuickReport,billing,negative,We were double-charged for QuickReport this month and support at Stark Data Systems has been slow to respond.,negative,0.764852201423118,3,"DATE,ORG",Stark Data Systems,unknown,6
1191,2026-06-02,Acme Corp,Enterprise,FlowPilot,support,negative,Support wait times for FlowPilot have gotten noticeably worse this quarter.,negative,0.8773696561949629,2,"DATE,ORG",Support,support,6
1192,2025-09-16,Cyberdyne Systems,Enterprise,FlowPilot,performance,negative,"FlowPilot has been timing out constantly since the last update, our team at Cyberdyne Systems can't get work done.",negative,0.8909485126122276,2,ORG,Cyberdyne Systems,unknown,7
1193,2026-08-21,Initech,Enterprise,QuickReport,billing,neutral,We were double-charged for QuickReport this month and support at Initech has been slow to respond.,negative,0.7521214670788537,3,"DATE,ORG",We,unknown,6
1194,2025-11-07,Hooli,Startup,FlowPilot,onboarding,neutral,"Setup for FlowPilot took longer than expected, would be nice to have a clearer setup wizard.",neutral,0.712107551866232,1,ORG,a clearer setup wizard,onboarding,3
1195,2026-03-08,Stark Data Systems,SMB,MetricHub,performance,negative,We're seeing frequent 500 errors in MetricHub during peak hours.,negative,0.8753164810198771,2,"CARDINAL,ORG",frequent 500 errors,performance,7
1196,2026-08-16,Initech,Enterprise,MetricHub,performance,negative,We're seeing frequent 500 errors in MetricHub during peak hours.,negative,0.8753164810198771,2,"CARDINAL,ORG",frequent 500 errors,performance,7
1197,2025-09-18,Stark Data Systems,SMB,InsightBoard,onboarding,neutral,The onboarding docs for InsightBoard are a bit outdated but our team at Stark Data Systems figured it out eventually.,neutral,0.5581583659569962,2,ORG,The onboarding docs,onboarding,0
1198,2026-06-12,Globex Inc,Enterprise,MetricHub,performance,neutral,"MetricHub has been timing out constantly since the last update, our team at Globex Inc can't get work done.",negative,0.781941276619888,2,"FAC,ORG",the last update,unknown,7
1199,2025-09-07,Massive Dynamic,SMB,QuickReport,praise,positive,Support resolved our QuickReport issue within the hour -- great experience overall.,positive,0.9475530199403878,2,"ORG,TIME",our QuickReport issue,unknown,6
1200,2025-11-22,Massive Dynamic,Enterprise,FlowPilot,billing,negative,We were double-charged for FlowPilot this month and support at Massive Dynamic has been slow to respond.,negative,0.8269101332111982,3,"DATE,ORG",Massive Dynamic,unknown,6
1201,2026-03-09,Wayne Analytics,Enterprise,InsightBoard,billing,negative,We were double-charged for InsightBoard this month and support at Wayne Analytics has been slow to respond.,negative,0.7799862959712694,3,"DATE,ORG",Wayne Analytics,unknown,6
1202,2026-08-02,Massive Dynamic,Enterprise,DataSync Pro,support,negative,Support wait times for DataSync Pro have gotten noticeably worse this quarter.,negative,0.8144527305273883,1,DATE,DataSync Pro,bug,6
1203,2026-05-04,Acme Corp,SMB,DataSync Pro,onboarding,neutral,The onboarding docs for DataSync Pro are a bit outdated but our team at Acme Corp figured it out eventually.,neutral,0.7052219635916925,1,ORG,The onboarding docs,onboarding,0
1204,2026-02-14,Massive Dynamic,Startup,MetricHub,billing,negative,We were double-charged for MetricHub this month and support at Massive Dynamic has been slow to respond.,negative,0.8828867919992802,3,"DATE,ORG",Massive Dynamic,unknown,6
1205,2026-02-08,Wayne Analytics,Enterprise,QuickReport,performance,negative,We're seeing frequent 500 errors in QuickReport during peak hours.,negative,0.8595937072106011,2,"CARDINAL,ORG",frequent 500 errors,performance,7
1206,2025-12-03,Hooli,SMB,QuickReport,billing,negative,We were double-charged for QuickReport this month and support at Hooli has been slow to respond.,negative,0.7782091412825834,3,"DATE,GPE,ORG",We,unknown,6
1207,2025-11-07,Massive Dynamic,SMB,DataSync Pro,bug,negative,Data sync between DataSync Pro and our CRM has been dropping records intermittently.,negative,0.8603474287724876,1,PRODUCT,DataSync Pro,bug,0
1208,2025-11-15,Acme Corp,SMB,FlowPilot,onboarding,positive,"Setup for FlowPilot took longer than expected, would be nice to have a clearer setup wizard.",neutral,0.712107551866232,1,ORG,a clearer setup wizard,onboarding,3
1209,2026-02-05,Wayne Analytics,Enterprise,InsightBoard,feature_request,neutral,Would love to see a dark mode added to InsightBoard in a future release.,neutral,0.834952071949089,1,ORG,a future release,unknown,4
1210,2025-11-04,Cyberdyne Systems,SMB,DataSync Pro,billing,neutral,Getting a refund for the DataSync Pro overcharge took three weeks. Very frustrating billing process.,negative,0.7815169718618963,2,"DATE,ORG",Very frustrating billing process,billing,3
1211,2026-09-11,Massive Dynamic,Enterprise,FlowPilot,praise,positive,FlowPilot just works. Rock solid uptime and the Massive Dynamic team is very satisfied.,positive,0.8250230175182687,2,ORG,the Massive Dynamic team,unknown,0
1212,2026-06-06,Cyberdyne Systems,Startup,QuickReport,performance,negative,"Dashboard loads take over 30 seconds in QuickReport, this is unacceptable for Cyberdyne Systems's reporting needs.",negative,0.8917390471638281,4,"ORG,PERSON,TIME",Cyberdyne Systems's reporting needs,unknown,3
1213,2026-05-16,Umbrella Labs,SMB,DataSync Pro,onboarding,neutral,New team members at Umbrella Labs find the DataSync Pro admin console confusing at first.,neutral,0.8715403374921069,3,"ORDINAL,ORG",the DataSync Pro admin console,bug,1
1214,2026-01-01,Cyberdyne Systems,SMB,FlowPilot,praise,positive,Support resolved our FlowPilot issue within the hour -- great experience overall.,positive,0.9539029363686076,2,"ORG,TIME",our FlowPilot issue,unknown,6
1215,2026-03-19,Umbrella Labs,SMB,QuickReport,feature_request,neutral,It would help Umbrella Labs a lot if QuickReport supported bulk export to Excel.,neutral,0.8189348812776748,3,"ORG,PRODUCT",Umbrella Labs,unknown,7
1216,2026-03-02,Acme Corp,Enterprise,MetricHub,performance,negative,We're seeing frequent 500 errors in MetricHub during peak hours.,negative,0.8753164810198771,2,"CARDINAL,ORG",frequent 500 errors,performance,7
1217,2026-05-13,Soylent Corp,SMB,DataSync Pro,billing,negative,The invoice for DataSync Pro doesn't match our contract pricing -- billing needs to fix this ASAP.,negative,0.8724593560081184,1,ORG,our contract pricing,billing,3
1218,2025-12-03,Globex Inc,SMB,FlowPilot,bug,negative,Data sync between FlowPilot and our CRM has been dropping records intermittently.,negative,0.7266052827531411,2,"ORG,PRODUCT",Data sync,bug,0
1219,2026-02-10,Hooli,Enterprise,QuickReport,onboarding,neutral,The onboarding docs for QuickReport are a bit outdated but our team at Hooli figured it out eventually.,neutral,0.7817965970629291,2,"ORG,PERSON",The onboarding docs,onboarding,0
1220,2026-07-10,Globex Inc,SMB,DataSync Pro,performance,negative,We're seeing frequent 500 errors in DataSync Pro during peak hours.,negative,0.8848384183212116,2,"CARDINAL,ORG",frequent 500 errors,performance,7
1221,2026-06-01,Massive Dynamic,Startup,MetricHub,performance,negative,We're seeing frequent 500 errors in MetricHub during peak hours.,negative,0.8753164810198771,2,"CARDINAL,ORG",frequent 500 errors,performance,7
1222,2026-09-28,Acme Corp,Enterprise,FlowPilot,bug,negative,FlowPilot's new filter feature crashes the app when we select more than 5 tags.,negative,0.8849345975804095,2,"CARDINAL,ORG",FlowPilot's new filter feature,unknown,5
1223,2025-10-13,Massive Dynamic,Startup,DataSync Pro,support,negative,Support wait times for DataSync Pro have gotten noticeably worse this quarter.,negative,0.8144527305273883,1,DATE,DataSync Pro,bug,6
1224,2026-03-25,Soylent Corp,SMB,DataSync Pro,feature_request,neutral,It would help Soylent Corp a lot if DataSync Pro supported bulk export to Excel.,neutral,0.8481962505956652,2,"ORG,PRODUCT",Soylent Corp,unknown,7
1225,2026-09-07,Cyberdyne Systems,Startup,MetricHub,support,negative,Support wait times for MetricHub have gotten noticeably worse this quarter.,negative,0.7896377312304317,2,"DATE,ORG",Support,support,6
1226,2025-09-17,Cyberdyne Systems,Startup,InsightBoard,praise,positive,"InsightBoard has completely streamlined reporting for Cyberdyne Systems, couldn't be happier with the results.",positive,0.9380233020212214,2,ORG,Cyberdyne Systems,unknown,3
1227,2026-02-15,Initech,SMB,DataSync Pro,feature_request,neutral,It would help Initech a lot if DataSync Pro supported bulk export to Excel.,neutral,0.7859437279601628,2,"NORP,PRODUCT",DataSync Pro,bug,7
1228,2026-07-18,Wayne Analytics,Enterprise,InsightBoard,onboarding,positive,The onboarding docs for InsightBoard are a bit outdated but our team at Wayne Analytics figured it out eventually.,neutral,0.5733148560077387,2,ORG,The onboarding docs,onboarding,0
1229,2026-02-08,Soylent Corp,Enterprise,QuickReport,feature_request,positive,Would love to see a dark mode added to QuickReport in a future release.,neutral,0.7180881484446326,1,ORG,a future release,unknown,4
1230,2025-12-25,Massive Dynamic,Startup,MetricHub,onboarding,positive,The onboarding docs for MetricHub are a bit outdated but our team at Massive Dynamic figured it out eventually.,neutral,0.7132856240534987,2,ORG,The onboarding docs,onboarding,0
1231,2026-05-22,Wayne Analytics,SMB,InsightBoard,feature_request,neutral,Would love to see a dark mode added to InsightBoard in a future release.,neutral,0.834952071949089,1,ORG,a future release,unknown,4
1232,2026-02-15,Initech,SMB,DataSync Pro,bug,negative,DataSync Pro's new filter feature crashes the app when we select more than 5 tags.,negative,0.9016175535663691,1,CARDINAL,DataSync Pro's new filter feature,bug,5
1233,2026-08-18,Soylent Corp,SMB,DataSync Pro,bug,negative,Data sync between DataSync Pro and our CRM has been dropping records intermittently.,negative,0.8603474287724876,1,PRODUCT,DataSync Pro,bug,0
1234,2026-02-26,Stark Data Systems,Startup,FlowPilot,feature_request,neutral,Any plans to add SSO support to FlowPilot? We'd need that to expand usage at Stark Data Systems.,neutral,0.6712932944804958,3,ORG,Stark Data Systems,unknown,2
1235,2025-10-03,Globex Inc,SMB,QuickReport,feature_request,neutral,Any plans to add SSO support to QuickReport? We'd need that to expand usage at Globex Inc.,neutral,0.590117210257775,3,ORG,SSO support,support,2
1236,2025-11-09,Stark Data Systems,Enterprise,DataSync Pro,bug,negative,Found a bug in DataSync Pro where exported reports show the wrong currency symbol.,negative,0.8318813149023164,0,,the wrong currency symbol,unknown,7
1237,2025-12-17,Acme Corp,Enterprise,FlowPilot,billing,negative,Getting a refund for the FlowPilot overcharge took three weeks. Very frustrating billing process.,negative,0.8515634727305043,2,"DATE,ORG",Very frustrating billing process,billing,3
1238,2026-05-05,Stark Data Systems,Startup,FlowPilot,feature_request,neutral,Would love to see a dark mode added to FlowPilot in a future release.,neutral,0.7772544021112159,1,ORG,a future release,unknown,4
1239,2026-07-01,Hooli,Startup,FlowPilot,bug,negative,FlowPilot's new filter feature crashes the app when we select more than 5 tags.,negative,0.8849345975804095,2,"CARDINAL,ORG",FlowPilot's new filter feature,unknown,5
1240,2026-05-21,Globex Inc,Enterprise,DataSync Pro,support,negative,Opened a ticket about DataSync Pro five days ago and still no response from support.,negative,0.7940451734504377,2,"DATE,PRODUCT",still no response,support,6
1241,2026-07-26,Cyberdyne Systems,Startup,InsightBoard,support,neutral,The support team at Cyberdyne Systems keeps closing our InsightBoard tickets without actually resolving the issue.,negative,0.829747338347036,2,ORG,our InsightBoard tickets,support,6
1242,2026-04-15,Cyberdyne Systems,Startup,MetricHub,support,negative,The support team at Cyberdyne Systems keeps closing our MetricHub tickets without actually resolving the issue.,negative,0.7747209247528823,2,ORG,our MetricHub tickets,support,6
1243,2026-09-09,Acme Corp,Enterprise,InsightBoard,support,negative,Support wait times for InsightBoard have gotten noticeably worse this quarter.,negative,0.7973506347562989,2,"DATE,ORG",Support,support,6
1244,2025-11-12,Wayne Analytics,Enterprise,InsightBoard,performance,neutral,"Dashboard loads take over 30 seconds in InsightBoard, this is unacceptable for Wayne Analytics's reporting needs.",negative,0.6778589105553032,4,"ORG,PERSON,TIME",Wayne Analytics's reporting needs,unknown,3
1245,2026-08-18,Acme Corp,Enterprise,MetricHub,support,negative,The support team at Acme Corp keeps closing our MetricHub tickets without actually resolving the issue.,negative,0.7528048648557528,2,ORG,our MetricHub tickets,support,6
1246,2025-12-04,Acme Corp,Enterprise,QuickReport,support,negative,Opened a ticket about QuickReport five days ago and still no response from support.,negative,0.7367195099860478,2,"DATE,ORG",still no response,support,6
1247,2026-01-12,Cyberdyne Systems,SMB,QuickReport,billing,negative,The invoice for QuickReport doesn't match our contract pricing -- billing needs to fix this ASAP.,negative,0.8224288397930526,2,ORG,our contract pricing,billing,3
1248,2026-02-12,Soylent Corp,Startup,DataSync Pro,performance,neutral,"DataSync Pro has been timing out constantly since the last update, our team at Soylent Corp can't get work done.",negative,0.8157886438581677,1,ORG,the last update,unknown,7
1249,2026-05-10,Massive Dynamic,Enterprise,MetricHub,performance,neutral,"Dashboard loads take over 30 seconds in MetricHub, this is unacceptable for Massive Dynamic's reporting needs.",negative,0.7183376230228881,4,"ORG,PERSON,TIME",Massive Dynamic's reporting needs,unknown,3
1250,2026-04-11,Hooli,Enterprise,FlowPilot,billing,negative,We were double-charged for FlowPilot this month and support at Hooli has been slow to respond.,negative,0.7831878701727044,3,"DATE,GPE,ORG",We,unknown,6
1251,2026-07-23,Soylent Corp,SMB,MetricHub,performance,neutral,"MetricHub has been timing out constantly since the last update, our team at Soylent Corp can't get work done.",negative,0.7545546062585621,2,ORG,the last update,unknown,7
1252,2025-11-26,Stark Data Systems,Startup,MetricHub,support,negative,The support team at Stark Data Systems keeps closing our MetricHub tickets without actually resolving the issue.,negative,0.7271708881439801,2,ORG,our MetricHub tickets,support,6
1253,2025-10-24,Massive Dynamic,Startup,InsightBoard,onboarding,neutral,New team members at Massive Dynamic find the InsightBoard admin console confusing at first.,neutral,0.8656151528974333,3,"ORDINAL,ORG",the InsightBoard admin console,onboarding,1
1254,2026-01-01,Acme Corp,Enterprise,MetricHub,bug,negative,Found a bug in MetricHub where exported reports show the wrong currency symbol.,negative,0.8149342942734071,1,ORG,the wrong currency symbol,unknown,7
1255,2025-10-11,Umbrella Labs,SMB,FlowPilot,bug,neutral,Data sync between FlowPilot and our CRM has been dropping records intermittently.,negative,0.7266052827531411,2,"ORG,PRODUCT",Data sync,bug,0
1256,2025-12-26,Umbrella Labs,Startup,MetricHub,billing,negative,Getting a refund for the MetricHub overcharge took three weeks. Very frustrating billing process.,negative,0.8401558883569069,2,"DATE,ORG",Very frustrating billing process,billing,3
1257,2026-05-28,Umbrella Labs,Enterprise,DataSync Pro,praise,neutral,"The new DataSync Pro update is fantastic, our team at Umbrella Labs loves the redesigned interface.",positive,0.8270408896556584,2,ORG,The new DataSync Pro update,bug,7
1258,2025-12-16,Globex Inc,SMB,MetricHub,bug,negative,Data sync between MetricHub and our CRM has been dropping records intermittently.,negative,0.7886467024435281,2,"ORG,PRODUCT",Data sync,bug,0
1259,2026-07-12,Cyberdyne Systems,Enterprise,MetricHub,support,neutral,Support wait times for MetricHub have gotten noticeably worse this quarter.,negative,0.7896377312304317,2,"DATE,ORG",Support,support,6
1260,2026-02-01,Hooli,SMB,InsightBoard,bug,negative,Found a bug in InsightBoard where exported reports show the wrong currency symbol.,negative,0.6628158991728411,1,ORG,the wrong currency symbol,unknown,7
1261,2026-05-03,Wayne Analytics,SMB,InsightBoard,support,negative,The support team at Wayne Analytics keeps closing our InsightBoard tickets without actually resolving the issue.,negative,0.7980846088791216,2,ORG,our InsightBoard tickets,support,6
1262,2026-01-06,Massive Dynamic,SMB,FlowPilot,performance,neutral,We're seeing frequent 500 errors in FlowPilot during peak hours.,negative,0.8245280845059025,2,"CARDINAL,ORG",frequent 500 errors,performance,7
1263,2026-06-03,Hooli,Startup,QuickReport,praise,positive,QuickReport just works. Rock solid uptime and the Hooli team is very satisfied.,positive,0.8473378773879111,2,"NORP,ORG",Rock solid uptime,praise,0
1264,2026-02-03,Stark Data Systems,Startup,FlowPilot,performance,negative,"FlowPilot has been timing out constantly since the last update, our team at Stark Data Systems can't get work done.",negative,0.844690469613325,2,ORG,Stark Data Systems,unknown,7
1265,2026-07-09,Globex Inc,SMB,DataSync Pro,onboarding,positive,"Setup for DataSync Pro took longer than expected, would be nice to have a clearer setup wizard.",neutral,0.6914222084479202,0,,a clearer setup wizard,onboarding,3
1266,2026-06-25,Soylent Corp,Startup,FlowPilot,bug,negative,Found a bug in FlowPilot where exported reports show the wrong currency symbol.,negative,0.8755854364546795,1,ORG,the wrong currency symbol,unknown,7
1267,2026-05-16,Acme Corp,SMB,FlowPilot,performance,neutral,"FlowPilot has been timing out constantly since the last update, our team at Acme Corp can't get work done.",negative,0.8517443850847379,2,ORG,the last update,unknown,7
1268,2026-05-24,Cyberdyne Systems,SMB,InsightBoard,billing,negative,The invoice for InsightBoard doesn't match our contract pricing -- billing needs to fix this ASAP.,negative,0.7444367890345324,2,ORG,our contract pricing,billing,3
1269,2026-01-10,Initech,Enterprise,DataSync Pro,bug,negative,Found a bug in DataSync Pro where exported reports show the wrong currency symbol.,negative,0.8318813149023164,0,,the wrong currency symbol,unknown,7
1270,2026-07-10,Massive Dynamic,Startup,DataSync Pro,feature_request,neutral,Any plans to add SSO support to DataSync Pro? We'd need that to expand usage at Massive Dynamic.,neutral,0.7889518135484389,2,ORG,Massive Dynamic,unknown,2
1271,2025-10-25,Massive Dynamic,Enterprise,QuickReport,bug,negative,Found a bug in QuickReport where exported reports show the wrong currency symbol.,negative,0.8219647568914438,1,ORG,the wrong currency symbol,unknown,7
1272,2026-02-19,Globex Inc,Startup,MetricHub,support,negative,The support team at Globex Inc keeps closing our MetricHub tickets without actually resolving the issue.,negative,0.8150690487641907,2,"FAC,ORG",our MetricHub tickets,support,6
1273,2026-07-16,Hooli,Startup,InsightBoard,bug,negative,Data sync between InsightBoard and our CRM has been dropping records intermittently.,negative,0.784861856413665,2,"ORG,PRODUCT",Data sync,bug,0
1274,2026-06-01,Wayne Analytics,Startup,MetricHub,feature_request,neutral,Would love to see a dark mode added to MetricHub in a future release.,neutral,0.6839478219854184,1,ORG,a future release,unknown,4
1275,2025-11-11,Acme Corp,Enterprise,MetricHub,praise,positive,"The new MetricHub update is fantastic, our team at Acme Corp loves the redesigned interface.",positive,0.880153367732113,2,ORG,The new MetricHub update,unknown,7
1276,2025-09-09,Acme Corp,Enterprise,InsightBoard,bug,negative,Data sync between InsightBoard and our CRM has been dropping records intermittently.,negative,0.784861856413665,2,"ORG,PRODUCT",Data sync,bug,0
1277,2026-01-17,Wayne Analytics,SMB,DataSync Pro,support,negative,The support team at Wayne Analytics keeps closing our DataSync Pro tickets without actually resolving the issue.,negative,0.8540107766297883,2,ORG,our DataSync Pro tickets,support,6
1278,2025-11-25,Soylent Corp,Startup,QuickReport,feature_request,neutral,Would love to see a dark mode added to QuickReport in a future release.,neutral,0.7180881484446326,1,ORG,a future release,unknown,4
1279,2026-02-27,Acme Corp,SMB,MetricHub,billing,negative,Getting a refund for the MetricHub overcharge took three weeks. Very frustrating billing process.,negative,0.8401558883569069,2,"DATE,ORG",Very frustrating billing process,billing,3
1280,2026-05-19,Stark Data Systems,Enterprise,InsightBoard,praise,positive,"The new InsightBoard update is fantastic, our team at Stark Data Systems loves the redesigned interface.",positive,0.9420971072240079,2,ORG,The new InsightBoard update,unknown,7
1281,2026-01-12,Initech,Startup,QuickReport,support,negative,Opened a ticket about QuickReport five days ago and still no response from support.,negative,0.7367195099860478,2,"DATE,ORG",still no response,support,6
1282,2025-10-07,Hooli,Enterprise,InsightBoard,praise,positive,InsightBoard just works. Rock solid uptime and the Hooli team is very satisfied.,positive,0.8829694850592736,2,"NORP,ORG",Rock solid uptime,praise,0
1283,2026-06-23,Umbrella Labs,Startup,QuickReport,performance,negative,We're seeing frequent 500 errors in QuickReport during peak hours.,negative,0.8595937072106011,2,"CARDINAL,ORG",frequent 500 errors,performance,7
1284,2025-10-27,Hooli,Enterprise,FlowPilot,praise,positive,"FlowPilot has completely streamlined reporting for Hooli, couldn't be happier with the results.",positive,0.9360683379936495,2,"ORG,PERSON",the results,unknown,3
1285,2026-08-12,Massive Dynamic,SMB,InsightBoard,performance,negative,"InsightBoard has been timing out constantly since the last update, our team at Massive Dynamic can't get work done.",negative,0.8329229948562491,2,ORG,the last update,unknown,7
1286,2025-11-23,Cyberdyne Systems,SMB,MetricHub,performance,negative,"Dashboard loads take over 30 seconds in MetricHub, this is unacceptable for Cyberdyne Systems's reporting needs.",negative,0.869624459429106,4,"ORG,PERSON,TIME",Cyberdyne Systems's reporting needs,unknown,3
1287,2026-08-05,Globex Inc,Enterprise,QuickReport,support,negative,Opened a ticket about QuickReport five days ago and still no response from support.,negative,0.7367195099860478,2,"DATE,ORG",still no response,support,6
1288,2025-11-03,Stark Data Systems,Enterprise,QuickReport,feature_request,positive,Would love to see a dark mode added to QuickReport in a future release.,neutral,0.7180881484446326,1,ORG,a future release,unknown,4
1289,2026-09-16,Globex Inc,Enterprise,DataSync Pro,bug,negative,Data sync between DataSync Pro and our CRM has been dropping records intermittently.,negative,0.8603474287724876,1,PRODUCT,DataSync Pro,bug,0
1290,2025-09-26,Initech,Enterprise,QuickReport,praise,positive,QuickReport just works. Rock solid uptime and the Initech team is very satisfied.,positive,0.9121205503667992,2,"NORP,ORG",Rock solid uptime,praise,0
1291,2025-10-09,Cyberdyne Systems,SMB,DataSync Pro,feature_request,neutral,Any plans to add SSO support to DataSync Pro? We'd need that to expand usage at Cyberdyne Systems.,neutral,0.7354341071603033,2,ORG,Cyberdyne Systems,unknown,2
1292,2026-09-04,Stark Data Systems,Enterprise,DataSync Pro,billing,neutral,We were double-charged for DataSync Pro this month and support at Stark Data Systems has been slow to respond.,negative,0.7590427048703516,2,"DATE,ORG",Stark Data Systems,unknown,6
1293,2026-07-12,Cyberdyne Systems,Enterprise,QuickReport,onboarding,neutral,The onboarding docs for QuickReport are a bit outdated but our team at Cyberdyne Systems figured it out eventually.,neutral,0.7429532244515146,2,ORG,The onboarding docs,onboarding,0
1294,2026-02-12,Acme Corp,Startup,InsightBoard,billing,negative,We were double-charged for InsightBoard this month and support at Acme Corp has been slow to respond.,negative,0.8460728716032389,3,"DATE,ORG",Acme Corp,unknown,6
1295,2026-06-03,Cyberdyne Systems,Startup,QuickReport,performance,negative,We're seeing frequent 500 errors in QuickReport during peak hours.,negative,0.8595937072106011,2,"CARDINAL,ORG",frequent 500 errors,performance,7
1296,2026-08-07,Initech,Enterprise,MetricHub,billing,negative,Getting a refund for the MetricHub overcharge took three weeks. Very frustrating billing process.,negative,0.8401558883569069,2,"DATE,ORG",Very frustrating billing process,billing,3
1297,2025-10-07,Soylent Corp,Startup,DataSync Pro,support,negative,Opened a ticket about DataSync Pro five days ago and still no response from support.,negative,0.7940451734504377,2,"DATE,PRODUCT",still no response,support,6
1298,2026-06-06,Massive Dynamic,Startup,InsightBoard,onboarding,neutral,New team members at Massive Dynamic find the InsightBoard admin console confusing at first.,neutral,0.8656151528974333,3,"ORDINAL,ORG",the InsightBoard admin console,onboarding,1
1299,2026-03-14,Globex Inc,SMB,QuickReport,bug,negative,Data sync between QuickReport and our CRM has been dropping records intermittently.,negative,0.7272511563133593,2,"ORG,PRODUCT",Data sync,bug,0
1300,2026-09-11,Umbrella Labs,Enterprise,FlowPilot,performance,negative,We're seeing frequent 500 errors in FlowPilot during peak hours.,negative,0.8245280845059025,2,"CARDINAL,ORG",frequent 500 errors,performance,7
1301,2026-04-25,Globex Inc,Enterprise,MetricHub,billing,negative,The invoice for MetricHub doesn't match our contract pricing -- billing needs to fix this ASAP.,negative,0.7850364647255685,2,ORG,our contract pricing,billing,3
1302,2025-09-03,Stark Data Systems,Startup,MetricHub,support,negative,Support wait times for MetricHub have gotten noticeably worse this quarter.,negative,0.7896377312304317,2,"DATE,ORG",Support,support,6
1303,2026-04-20,Globex Inc,SMB,FlowPilot,support,negative,The support team at Globex Inc keeps closing our FlowPilot tickets without actually resolving the issue.,negative,0.8569010106874537,2,"FAC,ORG",our FlowPilot tickets,support,6
1304,2026-03-10,Massive Dynamic,Startup,QuickReport,feature_request,neutral,It would help Massive Dynamic a lot if QuickReport supported bulk export to Excel.,neutral,0.5974606188752115,3,"ORG,PERSON,PRODUCT",Massive Dynamic,unknown,7
1305,2026-07-12,Umbrella Labs,SMB,DataSync Pro,praise,positive,DataSync Pro just works. Rock solid uptime and the Umbrella Labs team is very satisfied.,positive,0.8765134409424232,1,ORG,the Umbrella Labs team,unknown,0
1306,2026-04-17,Massive Dynamic,SMB,DataSync Pro,performance,negative,"DataSync Pro has been timing out constantly since the last update, our team at Massive Dynamic can't get work done.",negative,0.8405457833806306,1,ORG,the last update,unknown,7
1307,2026-03-13,Globex Inc,Enterprise,DataSync Pro,feature_request,positive,Any plans to add SSO support to DataSync Pro? We'd need that to expand usage at Globex Inc.,neutral,0.5973899004717605,2,ORG,DataSync Pro,bug,2
1308,2026-02-07,Globex Inc,Enterprise,QuickReport,feature_request,positive,Any plans to add SSO support to QuickReport? We'd need that to expand usage at Globex Inc.,neutral,0.590117210257775,3,ORG,SSO support,support,2
1309,2025-12-27,Cyberdyne Systems,Enterprise,FlowPilot,support,negative,Opened a ticket about FlowPilot five days ago and still no response from support.,negative,0.8021477738425319,2,"DATE,ORG",still no response,support,6
1310,2026-09-19,Massive Dynamic,Startup,InsightBoard,bug,negative,Data sync between InsightBoard and our CRM has been dropping records intermittently.,negative,0.784861856413665,2,"ORG,PRODUCT",Data sync,bug,0
1311,2026-07-20,Hooli,SMB,InsightBoard,onboarding,positive,"Setup for InsightBoard took longer than expected, would be nice to have a clearer setup wizard.",neutral,0.8195783722305164,1,ORG,a clearer setup wizard,onboarding,3
1312,2026-09-15,Soylent Corp,Enterprise,InsightBoard,bug,negative,InsightBoard's new filter feature crashes the app when we select more than 5 tags.,negative,0.8749854429887887,2,"CARDINAL,ORG",InsightBoard's new filter feature,unknown,5
1313,2025-12-21,Stark Data Systems,SMB,FlowPilot,billing,negative,We were double-charged for FlowPilot this month and support at Stark Data Systems has been slow to respond.,negative,0.7693295284091561,3,"DATE,ORG",Stark Data Systems,unknown,6
1314,2026-04-22,Globex Inc,Enterprise,DataSync Pro,performance,negative,"DataSync Pro has been timing out constantly since the last update, our team at Globex Inc can't get work done.",negative,0.8393463099732371,1,FAC,the last update,unknown,7
1315,2026-02-05,Hooli,Startup,MetricHub,billing,negative,We were double-charged for MetricHub this month and support at Hooli has been slow to respond.,negative,0.8556208161351995,3,"DATE,GPE,ORG",We,unknown,6
1316,2026-07-25,Cyberdyne Systems,Enterprise,DataSync Pro,support,negative,Support wait times for DataSync Pro have gotten noticeably worse this quarter.,negative,0.8144527305273883,1,DATE,DataSync Pro,bug,6
1317,2026-07-16,Massive Dynamic,SMB,QuickReport,onboarding,neutral,"Setup for QuickReport took longer than expected, would be nice to have a clearer setup wizard.",neutral,0.8864772034004458,1,ORG,a clearer setup wizard,onboarding,3
1318,2026-09-28,Stark Data Systems,SMB,MetricHub,bug,negative,Data sync between MetricHub and our CRM has been dropping records intermittently.,negative,0.7886467024435281,2,"ORG,PRODUCT",Data sync,bug,0
1319,2025-10-13,Initech,SMB,DataSync Pro,onboarding,positive,New team members at Initech find the DataSync Pro admin console confusing at first.,neutral,0.6289848512990179,3,"ORDINAL,ORG",the DataSync Pro admin console,bug,1
1320,2025-09-02,Hooli,SMB,FlowPilot,bug,negative,FlowPilot's new filter feature crashes the app when we select more than 5 tags.,negative,0.8849345975804095,2,"CARDINAL,ORG",FlowPilot's new filter feature,unknown,5
1321,2026-03-05,Stark Data Systems,SMB,QuickReport,performance,negative,We're seeing frequent 500 errors in QuickReport during peak hours.,negative,0.8595937072106011,2,"CARDINAL,ORG",frequent 500 errors,performance,7
1322,2026-06-22,Hooli,Enterprise,FlowPilot,support,negative,Support wait times for FlowPilot have gotten noticeably worse this quarter.,negative,0.8773696561949629,2,"DATE,ORG",Support,support,6
1323,2026-04-16,Soylent Corp,Startup,MetricHub,bug,negative,Data sync between MetricHub and our CRM has been dropping records intermittently.,negative,0.7886467024435281,2,"ORG,PRODUCT",Data sync,bug,0
1324,2026-01-16,Soylent Corp,SMB,DataSync Pro,onboarding,neutral,The onboarding docs for DataSync Pro are a bit outdated but our team at Soylent Corp figured it out eventually.,neutral,0.7404468940522264,1,ORG,The onboarding docs,onboarding,0
1325,2026-02-02,Cyberdyne Systems,SMB,InsightBoard,onboarding,neutral,"Setup for InsightBoard took longer than expected, would be nice to have a clearer setup wizard.",neutral,0.8195783722305164,1,ORG,a clearer setup wizard,onboarding,3
1326,2026-02-26,Initech,SMB,QuickReport,billing,negative,Getting a refund for the QuickReport overcharge took three weeks. Very frustrating billing process.,negative,0.8895528677098382,2,"DATE,ORG",Very frustrating billing process,billing,3
1327,2025-10-14,Initech,SMB,InsightBoard,feature_request,positive,Any plans to add SSO support to InsightBoard? We'd need that to expand usage at Initech.,neutral,0.8113774485889487,3,ORG,SSO support,support,2
1328,2026-07-08,Hooli,Enterprise,InsightBoard,support,negative,The support team at Hooli keeps closing our InsightBoard tickets without actually resolving the issue.,negative,0.8554523747737718,2,"GPE,ORG",our InsightBoard tickets,support,6
1329,2026-08-03,Stark Data Systems,Enterprise,MetricHub,performance,negative,"MetricHub has been timing out constantly since the last update, our team at Stark Data Systems can't get work done.",negative,0.7562096614340352,2,ORG,Stark Data Systems,unknown,7
1330,2025-09-18,Globex Inc,Enterprise,InsightBoard,praise,positive,"The new InsightBoard update is fantastic, our team at Globex Inc loves the redesigned interface.",positive,0.9120004900179961,2,"FAC,ORG",The new InsightBoard update,unknown,7
1331,2026-05-14,Massive Dynamic,Startup,FlowPilot,support,negative,Opened a ticket about FlowPilot five days ago and still no response from support.,negative,0.8021477738425319,2,"DATE,ORG",still no response,support,6
1332,2026-02-13,Massive Dynamic,Enterprise,MetricHub,support,negative,Opened a ticket about MetricHub five days ago and still no response from support.,negative,0.8502571486942204,2,"DATE,ORG",still no response,support,6
1333,2026-09-16,Wayne Analytics,Enterprise,MetricHub,onboarding,neutral,"Setup for MetricHub took longer than expected, would be nice to have a clearer setup wizard.",neutral,0.7774885708471921,1,ORG,a clearer setup wizard,onboarding,3
1334,2026-05-26,Umbrella Labs,SMB,InsightBoard,billing,neutral,Getting a refund for the InsightBoard overcharge took three weeks. Very frustrating billing process.,negative,0.8123642772218876,2,"DATE,ORG",Very frustrating billing process,billing,3
1335,2026-02-14,Acme Corp,SMB,MetricHub,praise,neutral,"The new MetricHub update is fantastic, our team at Acme Corp loves the redesigned interface.",positive,0.880153367732113,2,ORG,The new MetricHub update,unknown,7
1336,2026-01-09,Globex Inc,Enterprise,MetricHub,performance,negative,"Dashboard loads take over 30 seconds in MetricHub, this is unacceptable for Globex Inc's reporting needs.",negative,0.8581749177628873,4,"ORG,PERSON,TIME",Globex Inc's reporting needs,unknown,3
1337,2026-06-24,Cyberdyne Systems,Enterprise,FlowPilot,billing,negative,The invoice for FlowPilot doesn't match our contract pricing -- billing needs to fix this ASAP.,negative,0.8332377145867494,2,ORG,our contract pricing,billing,3
1338,2026-02-09,Cyberdyne Systems,Startup,DataSync Pro,billing,negative,Getting a refund for the DataSync Pro overcharge took three weeks. Very frustrating billing process.,negative,0.7815169718618963,2,"DATE,ORG",Very frustrating billing process,billing,3
1339,2025-12-12,Soylent Corp,SMB,FlowPilot,billing,negative,Getting a refund for the FlowPilot overcharge took three weeks. Very frustrating billing process.,negative,0.8515634727305043,2,"DATE,ORG",Very frustrating billing process,billing,3
1340,2026-03-22,Stark Data Systems,SMB,MetricHub,praise,positive,"MetricHub has completely streamlined reporting for Stark Data Systems, couldn't be happier with the results.",positive,0.9482251323777046,2,ORG,Stark Data Systems,unknown,0
1341,2026-01-20,Umbrella Labs,SMB,FlowPilot,onboarding,neutral,"Setup for FlowPilot took longer than expected, would be nice to have a clearer setup wizard.",neutral,0.712107551866232,1,ORG,a clearer setup wizard,onboarding,3
1342,2026-07-23,Soylent Corp,Enterprise,QuickReport,onboarding,neutral,"Setup for QuickReport took longer than expected, would be nice to have a clearer setup wizard.",neutral,0.8864772034004458,1,ORG,a clearer setup wizard,onboarding,3
1343,2026-07-27,Cyberdyne Systems,Enterprise,FlowPilot,onboarding,neutral,The onboarding docs for FlowPilot are a bit outdated but our team at Cyberdyne Systems figured it out eventually.,neutral,0.7786720295349723,2,ORG,The onboarding docs,onboarding,0
1344,2026-09-14,Stark Data Systems,Startup,MetricHub,feature_request,neutral,It would help Stark Data Systems a lot if MetricHub supported bulk export to Excel.,neutral,0.7976463380096342,3,"ORG,PRODUCT",Stark Data Systems,unknown,0
1345,2026-02-15,Initech,Enterprise,MetricHub,onboarding,neutral,New team members at Initech find the MetricHub admin console confusing at first.,neutral,0.8752901348560591,3,"ORDINAL,ORG",the MetricHub admin console,onboarding,1
1346,2026-03-11,Acme Corp,SMB,InsightBoard,performance,negative,"InsightBoard has been timing out constantly since the last update, our team at Acme Corp can't get work done.",negative,0.8079257135912749,2,ORG,the last update,unknown,7
1347,2026-01-21,Umbrella Labs,SMB,FlowPilot,praise,neutral,"FlowPilot has completely streamlined reporting for Umbrella Labs, couldn't be happier with the results.",positive,0.9115878635156202,2,ORG,Umbrella Labs,unknown,3
1348,2025-12-04,Cyberdyne Systems,SMB,QuickReport,performance,negative,"Dashboard loads take over 30 seconds in QuickReport, this is unacceptable for Cyberdyne Systems's reporting needs.",negative,0.8917390471638281,4,"ORG,PERSON,TIME",Cyberdyne Systems's reporting needs,unknown,3
1349,2026-04-16,Initech,SMB,QuickReport,performance,negative,"QuickReport has been timing out constantly since the last update, our team at Initech can't get work done.",negative,0.7991517174807027,2,ORG,the last update,unknown,7
1350,2025-11-09,Hooli,Enterprise,DataSync Pro,onboarding,positive,"Setup for DataSync Pro took longer than expected, would be nice to have a clearer setup wizard.",neutral,0.6914222084479202,0,,a clearer setup wizard,onboarding,3
1351,2026-05-06,Stark Data Systems,Startup,InsightBoard,performance,negative,"InsightBoard has been timing out constantly since the last update, our team at Stark Data Systems can't get work done.",negative,0.8027047667432899,2,ORG,Stark Data Systems,unknown,7
1352,2025-10-11,Massive Dynamic,Enterprise,DataSync Pro,feature_request,neutral,Would love to see a dark mode added to DataSync Pro in a future release.,neutral,0.7402102656028492,1,PRODUCT,a future release,unknown,4
1353,2026-07-22,Globex Inc,SMB,FlowPilot,onboarding,neutral,"Setup for FlowPilot took longer than expected, would be nice to have a clearer setup wizard.",neutral,0.712107551866232,1,ORG,a clearer setup wizard,onboarding,3
1354,2026-06-24,Acme Corp,Enterprise,QuickReport,billing,negative,The invoice for QuickReport doesn't match our contract pricing -- billing needs to fix this ASAP.,negative,0.8224288397930526,2,ORG,our contract pricing,billing,3
1355,2026-01-16,Soylent Corp,Startup,MetricHub,onboarding,positive,The onboarding docs for MetricHub are a bit outdated but our team at Soylent Corp figured it out eventually.,neutral,0.6125784058436401,2,ORG,The onboarding docs,onboarding,0
1356,2026-02-27,Cyberdyne Systems,SMB,DataSync Pro,billing,negative,We were double-charged for DataSync Pro this month and support at Cyberdyne Systems has been slow to respond.,negative,0.8398048670204795,2,"DATE,ORG",Cyberdyne Systems,unknown,6
1357,2025-12-05,Hooli,SMB,QuickReport,onboarding,neutral,New team members at Hooli find the QuickReport admin console confusing at first.,neutral,0.9278166470179702,3,"GPE,ORDINAL,ORG",the QuickReport admin console,onboarding,1
1358,2026-03-09,Umbrella Labs,SMB,InsightBoard,billing,negative,We were double-charged for InsightBoard this month and support at Umbrella Labs has been slow to respond.,negative,0.7290078132108709,3,"DATE,ORG",Umbrella Labs,unknown,6
1359,2026-08-04,Massive Dynamic,SMB,MetricHub,praise,positive,"MetricHub has completely streamlined reporting for Massive Dynamic, couldn't be happier with the results.",positive,0.9293535977322573,2,"ORG,PERSON",Massive Dynamic,unknown,3
1360,2025-12-09,Hooli,Startup,FlowPilot,support,negative,Support wait times for FlowPilot have gotten noticeably worse this quarter.,negative,0.8773696561949629,2,"DATE,ORG",Support,support,6
1361,2026-02-27,Wayne Analytics,Startup,FlowPilot,praise,positive,Support resolved our FlowPilot issue within the hour -- great experience overall.,positive,0.9539029363686076,2,"ORG,TIME",our FlowPilot issue,unknown,6
1362,2026-07-26,Cyberdyne Systems,Startup,DataSync Pro,support,negative,Opened a ticket about DataSync Pro five days ago and still no response from support.,negative,0.7940451734504377,2,"DATE,PRODUCT",still no response,support,6
1363,2026-03-10,Umbrella Labs,Startup,InsightBoard,billing,negative,Getting a refund for the InsightBoard overcharge took three weeks. Very frustrating billing process.,negative,0.8123642772218876,2,"DATE,ORG",Very frustrating billing process,billing,3
1364,2025-12-28,Wayne Analytics,Startup,DataSync Pro,feature_request,neutral,Any plans to add SSO support to DataSync Pro? We'd need that to expand usage at Wayne Analytics.,neutral,0.7866520174173676,2,ORG,Wayne Analytics,unknown,2
1365,2026-01-03,Initech,SMB,FlowPilot,bug,negative,FlowPilot's new filter feature crashes the app when we select more than 5 tags.,negative,0.8849345975804095,2,"CARDINAL,ORG",FlowPilot's new filter feature,unknown,5
1366,2026-04-21,Stark Data Systems,Enterprise,QuickReport,praise,positive,Support resolved our QuickReport issue within the hour -- great experience overall.,positive,0.9475530199403878,2,"ORG,TIME",our QuickReport issue,unknown,6
1367,2025-10-27,Hooli,SMB,DataSync Pro,support,neutral,Support wait times for DataSync Pro have gotten noticeably worse this quarter.,negative,0.8144527305273883,1,DATE,DataSync Pro,bug,6
1368,2026-08-14,Massive Dynamic,SMB,FlowPilot,praise,positive,FlowPilot just works. Rock solid uptime and the Massive Dynamic team is very satisfied.,positive,0.8250230175182687,2,ORG,the Massive Dynamic team,unknown,0
1369,2025-10-12,Acme Corp,Startup,InsightBoard,praise,positive,"InsightBoard has completely streamlined reporting for Acme Corp, couldn't be happier with the results.",positive,0.9171455594348861,2,ORG,the results,unknown,3
1370,2026-08-01,Soylent Corp,SMB,InsightBoard,bug,negative,Data sync between InsightBoard and our CRM has been dropping records intermittently.,negative,0.784861856413665,2,"ORG,PRODUCT",Data sync,bug,0
1371,2025-11-01,Acme Corp,Startup,FlowPilot,praise,positive,"FlowPilot has completely streamlined reporting for Acme Corp, couldn't be happier with the results.",positive,0.9201013832925647,2,ORG,the results,unknown,3
1372,2025-10-04,Stark Data Systems,Startup,InsightBoard,bug,negative,Found a bug in InsightBoard where exported reports show the wrong currency symbol.,negative,0.6628158991728411,1,ORG,the wrong currency symbol,unknown,7
1373,2026-07-14,Soylent Corp,Startup,QuickReport,performance,negative,"QuickReport has been timing out constantly since the last update, our team at Soylent Corp can't get work done.",negative,0.8186935547772143,2,ORG,the last update,unknown,7
1374,2025-11-09,Massive Dynamic,Startup,FlowPilot,praise,positive,"The new FlowPilot update is fantastic, our team at Massive Dynamic loves the redesigned interface.",positive,0.8491684217761742,2,ORG,The new FlowPilot update,unknown,7
1375,2025-12-03,Cyberdyne Systems,SMB,InsightBoard,performance,negative,We're seeing frequent 500 errors in InsightBoard during peak hours.,negative,0.6515610966645977,2,"CARDINAL,ORG",frequent 500 errors,performance,7
1376,2026-06-08,Acme Corp,SMB,FlowPilot,bug,negative,FlowPilot's new filter feature crashes the app when we select more than 5 tags.,negative,0.8849345975804095,2,"CARDINAL,ORG",FlowPilot's new filter feature,unknown,5
1377,2025-12-03,Soylent Corp,Startup,MetricHub,billing,negative,We were double-charged for MetricHub this month and support at Soylent Corp has been slow to respond.,negative,0.9106377449619925,3,"DATE,ORG",Soylent Corp,unknown,6
1378,2026-03-20,Stark Data Systems,Enterprise,QuickReport,bug,negative,Found a bug in QuickReport where exported reports show the wrong currency symbol.,negative,0.8219647568914438,1,ORG,the wrong currency symbol,unknown,7
1379,2026-02-06,Stark Data Systems,Enterprise,QuickReport,bug,negative,Data sync between QuickReport and our CRM has been dropping records intermittently.,negative,0.7272511563133593,2,"ORG,PRODUCT",Data sync,bug,0
1380,2026-09-15,Initech,SMB,MetricHub,onboarding,neutral,The onboarding docs for MetricHub are a bit outdated but our team at Initech figured it out eventually.,neutral,0.632331193844235,2,ORG,The onboarding docs,onboarding,0
1381,2025-12-07,Globex Inc,Startup,QuickReport,praise,positive,QuickReport just works. Rock solid uptime and the Globex Inc team is very satisfied.,positive,0.9084803747080986,1,ORG,the Globex Inc team,unknown,0
1382,2025-11-14,Stark Data Systems,SMB,FlowPilot,praise,positive,"The new FlowPilot update is fantastic, our team at Stark Data Systems loves the redesigned interface.",positive,0.89200354113638,2,ORG,The new FlowPilot update,unknown,7
1383,2026-08-22,Cyberdyne Systems,SMB,QuickReport,praise,positive,Support resolved our QuickReport issue within the hour -- great experience overall.,positive,0.9475530199403878,2,"ORG,TIME",our QuickReport issue,unknown,6
1384,2025-09-10,Acme Corp,Enterprise,FlowPilot,performance,negative,"Dashboard loads take over 30 seconds in FlowPilot, this is unacceptable for Acme Corp's reporting needs.",negative,0.859102047604306,4,"ORG,PERSON,TIME",Acme Corp's reporting needs,unknown,3
1385,2026-02-19,Cyberdyne Systems,Enterprise,FlowPilot,support,negative,Opened a ticket about FlowPilot five days ago and still no response from support.,negative,0.8021477738425319,2,"DATE,ORG",still no response,support,6
1386,2026-04-05,Massive Dynamic,Enterprise,DataSync Pro,feature_request,neutral,Any plans to add SSO support to DataSync Pro? We'd need that to expand usage at Massive Dynamic.,neutral,0.7889518135484389,2,ORG,Massive Dynamic,unknown,2
1387,2026-03-23,Hooli,Startup,QuickReport,praise,positive,"The new QuickReport update is fantastic, our team at Hooli loves the redesigned interface.",positive,0.8926765073736362,2,"GPE,ORG",The new QuickReport update,unknown,7
1388,2025-10-18,Cyberdyne Systems,Enterprise,InsightBoard,bug,negative,Data sync between InsightBoard and our CRM has been dropping records intermittently.,negative,0.784861856413665,2,"ORG,PRODUCT",Data sync,bug,0
1389,2026-02-20,Wayne Analytics,SMB,QuickReport,billing,negative,We were double-charged for QuickReport this month and support at Wayne Analytics has been slow to respond.,negative,0.7814238666852352,3,"DATE,ORG",Wayne Analytics,unknown,6
1390,2026-05-20,Initech,SMB,DataSync Pro,feature_request,neutral,Any plans to add SSO support to DataSync Pro? We'd need that to expand usage at Initech.,neutral,0.6824908441888541,2,ORG,DataSync Pro,bug,2
1391,2026-05-02,Hooli,Enterprise,InsightBoard,bug,negative,InsightBoard's new filter feature crashes the app when we select more than 5 tags.,negative,0.8749854429887887,2,"CARDINAL,ORG",InsightBoard's new filter feature,unknown,5
1392,2026-04-11,Stark Data Systems,Startup,QuickReport,onboarding,neutral,The onboarding docs for QuickReport are a bit outdated but our team at Stark Data Systems figured it out eventually.,neutral,0.6665755674513878,2,ORG,The onboarding docs,onboarding,0
1393,2026-05-14,Globex Inc,Startup,InsightBoard,bug,negative,Found a bug in InsightBoard where exported reports show the wrong currency symbol.,negative,0.6628158991728411,1,ORG,the wrong currency symbol,unknown,7
1394,2025-11-16,Globex Inc,Enterprise,InsightBoard,performance,negative,"Dashboard loads take over 30 seconds in InsightBoard, this is unacceptable for Globex Inc's reporting needs.",negative,0.8007621987502942,4,"ORG,PERSON,TIME",Globex Inc's reporting needs,unknown,3
1395,2026-01-20,Wayne Analytics,SMB,FlowPilot,praise,positive,"The new FlowPilot update is fantastic, our team at Wayne Analytics loves the redesigned interface.",positive,0.8694442339240867,2,ORG,The new FlowPilot update,unknown,7
1396,2025-11-11,Soylent Corp,SMB,InsightBoard,praise,positive,"The new InsightBoard update is fantastic, our team at Soylent Corp loves the redesigned interface.",positive,0.9109954074664586,2,ORG,The new InsightBoard update,unknown,7
1397,2026-07-26,Acme Corp,Startup,MetricHub,feature_request,neutral,It would help Acme Corp a lot if MetricHub supported bulk export to Excel.,neutral,0.9095363764244443,3,"ORG,PRODUCT",bulk export,bug,7
1398,2025-12-06,Umbrella Labs,Enterprise,QuickReport,bug,neutral,Found a bug in QuickReport where exported reports show the wrong currency symbol.,negative,0.8219647568914438,1,ORG,the wrong currency symbol,unknown,7
1399,2026-04-14,Stark Data Systems,Startup,QuickReport,billing,negative,The invoice for QuickReport doesn't match our contract pricing -- billing needs to fix this ASAP.,negative,0.8224288397930526,2,ORG,our contract pricing,billing,3
1400,2026-08-18,Initech,SMB,FlowPilot,billing,negative,The invoice for FlowPilot doesn't match our contract pricing -- billing needs to fix this ASAP.,negative,0.8332377145867494,2,ORG,our contract pricing,billing,3
1401,2025-11-04,Massive Dynamic,Startup,DataSync Pro,bug,negative,DataSync Pro's new filter feature crashes the app when we select more than 5 tags.,negative,0.9016175535663691,1,CARDINAL,DataSync Pro's new filter feature,bug,5
1402,2025-11-24,Umbrella Labs,Enterprise,InsightBoard,support,negative,Opened a ticket about InsightBoard five days ago and still no response from support.,negative,0.7276515661837327,2,"DATE,ORG",still no response,support,6
1403,2026-06-01,Cyberdyne Systems,Enterprise,MetricHub,onboarding,positive,"Setup for MetricHub took longer than expected, would be nice to have a clearer setup wizard.",neutral,0.7774885708471921,1,ORG,a clearer setup wizard,onboarding,3
1404,2025-12-25,Acme Corp,Enterprise,FlowPilot,onboarding,neutral,New team members at Acme Corp find the FlowPilot admin console confusing at first.,neutral,0.8220811249898684,3,"ORDINAL,ORG",the FlowPilot admin console,onboarding,1
1405,2026-01-22,Globex Inc,Enterprise,InsightBoard,bug,negative,Data sync between InsightBoard and our CRM has been dropping records intermittently.,negative,0.784861856413665,2,"ORG,PRODUCT",Data sync,bug,0
1406,2025-10-27,Hooli,Startup,InsightBoard,feature_request,neutral,Would love to see a dark mode added to InsightBoard in a future release.,neutral,0.834952071949089,1,ORG,a future release,unknown,4
1407,2026-08-22,Initech,SMB,DataSync Pro,support,negative,Opened a ticket about DataSync Pro five days ago and still no response from support.,negative,0.7940451734504377,2,"DATE,PRODUCT",still no response,support,6
1408,2025-09-11,Stark Data Systems,Startup,MetricHub,bug,negative,MetricHub's new filter feature crashes the app when we select more than 5 tags.,negative,0.8796970943181684,2,"CARDINAL,ORG",MetricHub's new filter feature,unknown,5
1409,2026-08-24,Cyberdyne Systems,SMB,FlowPilot,billing,negative,Getting a refund for the FlowPilot overcharge took three weeks. Very frustrating billing process.,negative,0.8515634727305043,2,"DATE,ORG",Very frustrating billing process,billing,3
1410,2026-01-11,Umbrella Labs,Startup,DataSync Pro,praise,neutral,Support resolved our DataSync Pro issue within the hour -- great experience overall.,positive,0.9274944164591788,2,"ORG,TIME",our DataSync Pro issue,bug,6
1411,2026-03-03,Globex Inc,Startup,MetricHub,praise,positive,"MetricHub has completely streamlined reporting for Globex Inc, couldn't be happier with the results.",positive,0.914447194720308,2,"ORG,PERSON",the results,unknown,3
1412,2025-10-01,Acme Corp,SMB,QuickReport,bug,negative,QuickReport's new filter feature crashes the app when we select more than 5 tags.,negative,0.8387219356211374,2,"CARDINAL,ORG",QuickReport's new filter feature,unknown,5
1413,2026-01-21,Acme Corp,SMB,FlowPilot,praise,positive,Support resolved our FlowPilot issue within the hour -- great experience overall.,positive,0.9539029363686076,2,"ORG,TIME",our FlowPilot issue,unknown,6
1414,2026-09-14,Globex Inc,SMB,InsightBoard,praise,positive,Support resolved our InsightBoard issue within the hour -- great experience overall.,positive,0.9114717590129222,2,"ORG,TIME",our InsightBoard issue,unknown,6
1415,2026-07-04,Cyberdyne Systems,SMB,QuickReport,feature_request,neutral,It would help Cyberdyne Systems a lot if QuickReport supported bulk export to Excel.,neutral,0.7253883516677012,3,"ORG,PRODUCT",Cyberdyne Systems,unknown,7
1416,2026-04-13,Soylent Corp,SMB,QuickReport,praise,positive,"The new QuickReport update is fantastic, our team at Soylent Corp loves the redesigned interface.",positive,0.8797951518622888,2,ORG,The new QuickReport update,unknown,7
1417,2025-10-25,Cyberdyne Systems,SMB,MetricHub,bug,negative,MetricHub's new filter feature crashes the app when we select more than 5 tags.,negative,0.8796970943181684,2,"CARDINAL,ORG",MetricHub's new filter feature,unknown,5
1418,2026-07-14,Cyberdyne Systems,SMB,QuickReport,bug,negative,QuickReport's new filter feature crashes the app when we select more than 5 tags.,negative,0.8387219356211374,2,"CARDINAL,ORG",QuickReport's new filter feature,unknown,5
1419,2026-07-08,Soylent Corp,SMB,InsightBoard,billing,negative,We were double-charged for InsightBoard this month and support at Soylent Corp has been slow to respond.,negative,0.8598469822530548,3,"DATE,ORG",Soylent Corp,unknown,6
1420,2026-07-21,Acme Corp,Startup,FlowPilot,feature_request,neutral,Any plans to add SSO support to FlowPilot? We'd need that to expand usage at Acme Corp.,neutral,0.8332195417860364,3,ORG,SSO support,support,2
1421,2025-10-26,Stark Data Systems,SMB,FlowPilot,onboarding,neutral,The onboarding docs for FlowPilot are a bit outdated but our team at Stark Data Systems figured it out eventually.,neutral,0.7104294588028288,2,ORG,The onboarding docs,onboarding,0
1422,2026-01-27,Acme Corp,Startup,QuickReport,bug,negative,QuickReport's new filter feature crashes the app when we select more than 5 tags.,negative,0.8387219356211374,2,"CARDINAL,ORG",QuickReport's new filter feature,unknown,5
1423,2025-09-18,Hooli,Startup,InsightBoard,performance,negative,We're seeing frequent 500 errors in InsightBoard during peak hours.,negative,0.6515610966645977,2,"CARDINAL,ORG",frequent 500 errors,performance,7
1424,2026-03-14,Soylent Corp,Startup,DataSync Pro,billing,negative,We were double-charged for DataSync Pro this month and support at Soylent Corp has been slow to respond.,negative,0.8568229297518649,2,"DATE,ORG",DataSync Pro,bug,6
1425,2026-01-19,Cyberdyne Systems,SMB,InsightBoard,billing,negative,The invoice for InsightBoard doesn't match our contract pricing -- billing needs to fix this ASAP.,negative,0.7444367890345324,2,ORG,our contract pricing,billing,3
1426,2026-07-15,Initech,Startup,DataSync Pro,billing,negative,Getting a refund for the DataSync Pro overcharge took three weeks. Very frustrating billing process.,negative,0.7815169718618963,2,"DATE,ORG",Very frustrating billing process,billing,3
1427,2026-03-23,Hooli,Enterprise,DataSync Pro,performance,negative,"DataSync Pro has been timing out constantly since the last update, our team at Hooli can't get work done.",negative,0.8635702947749042,1,GPE,the last update,unknown,7
1428,2026-04-20,Cyberdyne Systems,Startup,FlowPilot,support,negative,The support team at Cyberdyne Systems keeps closing our FlowPilot tickets without actually resolving the issue.,negative,0.822599612935479,2,ORG,our FlowPilot tickets,support,6
1429,2025-11-03,Wayne Analytics,Enterprise,QuickReport,praise,positive,"The new QuickReport update is fantastic, our team at Wayne Analytics loves the redesigned interface.",positive,0.9047071003329856,2,ORG,The new QuickReport update,unknown,7
1430,2026-05-01,Stark Data Systems,SMB,DataSync Pro,feature_request,neutral,Any plans to add SSO support to DataSync Pro? We'd need that to expand usage at Stark Data Systems.,neutral,0.6475526835717033,2,ORG,Stark Data Systems,unknown,2
1431,2026-07-16,Globex Inc,Enterprise,DataSync Pro,billing,negative,The invoice for DataSync Pro doesn't match our contract pricing -- billing needs to fix this ASAP.,negative,0.8724593560081184,1,ORG,our contract pricing,billing,3
1432,2026-04-10,Hooli,Startup,MetricHub,bug,negative,Data sync between MetricHub and our CRM has been dropping records intermittently.,negative,0.7886467024435281,2,"ORG,PRODUCT",Data sync,bug,0
1433,2025-10-05,Wayne Analytics,SMB,FlowPilot,onboarding,neutral,New team members at Wayne Analytics find the FlowPilot admin console confusing at first.,neutral,0.8682165528956698,3,"ORDINAL,ORG",the FlowPilot admin console,onboarding,1
1434,2026-08-07,Umbrella Labs,Enterprise,DataSync Pro,performance,negative,"DataSync Pro has been timing out constantly since the last update, our team at Umbrella Labs can't get work done.",negative,0.8510885942961925,1,ORG,the last update,unknown,7
1435,2025-11-21,Umbrella Labs,Startup,FlowPilot,praise,positive,"FlowPilot has completely streamlined reporting for Umbrella Labs, couldn't be happier with the results.",positive,0.9115878635156202,2,ORG,Umbrella Labs,unknown,3
1436,2026-01-25,Soylent Corp,Enterprise,QuickReport,performance,negative,"Dashboard loads take over 30 seconds in QuickReport, this is unacceptable for Soylent Corp's reporting needs.",negative,0.8721320728644479,4,"ORG,PERSON,TIME",Soylent Corp's reporting needs,unknown,3
1437,2025-10-06,Massive Dynamic,Enterprise,FlowPilot,bug,negative,Found a bug in FlowPilot where exported reports show the wrong currency symbol.,negative,0.8755854364546795,1,ORG,the wrong currency symbol,unknown,7
1438,2025-09-28,Massive Dynamic,SMB,FlowPilot,performance,negative,We're seeing frequent 500 errors in FlowPilot during peak hours.,negative,0.8245280845059025,2,"CARDINAL,ORG",frequent 500 errors,performance,7
1439,2026-06-27,Umbrella Labs,SMB,QuickReport,bug,negative,Data sync between QuickReport and our CRM has been dropping records intermittently.,negative,0.7272511563133593,2,"ORG,PRODUCT",Data sync,bug,0
1440,2025-10-21,Initech,Enterprise,InsightBoard,praise,positive,InsightBoard just works. Rock solid uptime and the Initech team is very satisfied.,positive,0.9342825378244276,2,"NORP,ORG",Rock solid uptime,praise,0
1441,2026-06-20,Hooli,Startup,FlowPilot,praise,positive,FlowPilot just works. Rock solid uptime and the Hooli team is very satisfied.,positive,0.8881041676371045,2,"NORP,ORG",Rock solid uptime,praise,0
1442,2026-03-16,Stark Data Systems,SMB,DataSync Pro,feature_request,neutral,Any plans to add SSO support to DataSync Pro? We'd need that to expand usage at Stark Data Systems.,neutral,0.6475526835717033,2,ORG,Stark Data Systems,unknown,2
1443,2026-08-02,Cyberdyne Systems,Enterprise,FlowPilot,onboarding,neutral,New team members at Cyberdyne Systems find the FlowPilot admin console confusing at first.,neutral,0.7661731410839798,3,"ORDINAL,ORG",the FlowPilot admin console,onboarding,1
1444,2026-05-03,Hooli,SMB,MetricHub,onboarding,neutral,The onboarding docs for MetricHub are a bit outdated but our team at Hooli figured it out eventually.,neutral,0.7332304895776307,2,"ORG,PERSON",The onboarding docs,onboarding,0
1445,2026-04-20,Hooli,Enterprise,FlowPilot,support,negative,Support wait times for FlowPilot have gotten noticeably worse this quarter.,negative,0.8773696561949629,2,"DATE,ORG",Support,support,6
1446,2025-11-10,Massive Dynamic,Enterprise,FlowPilot,feature_request,neutral,It would help Massive Dynamic a lot if FlowPilot supported bulk export to Excel.,neutral,0.7853501088486642,3,"ORG,PERSON,PRODUCT",Massive Dynamic,unknown,7
1447,2025-12-17,Massive Dynamic,SMB,InsightBoard,feature_request,neutral,Would love to see a dark mode added to InsightBoard in a future release.,neutral,0.834952071949089,1,ORG,a future release,unknown,4
1448,2026-07-15,Wayne Analytics,Startup,MetricHub,performance,negative,We're seeing frequent 500 errors in MetricHub during peak hours.,negative,0.8753164810198771,2,"CARDINAL,ORG",frequent 500 errors,performance,7
1449,2026-07-24,Hooli,Startup,FlowPilot,performance,neutral,"Dashboard loads take over 30 seconds in FlowPilot, this is unacceptable for Hooli's reporting needs.",negative,0.7320045094133601,4,"ORG,PERSON,TIME",Hooli's reporting needs,unknown,3
1450,2026-01-23,Acme Corp,Enterprise,MetricHub,support,neutral,The support team at Acme Corp keeps closing our MetricHub tickets without actually resolving the issue.,negative,0.7528048648557528,2,ORG,our MetricHub tickets,support,6
1451,2025-12-06,Massive Dynamic,Enterprise,QuickReport,feature_request,neutral,Would love to see a dark mode added to QuickReport in a future release.,neutral,0.7180881484446326,1,ORG,a future release,unknown,4
1452,2026-01-08,Globex Inc,SMB,FlowPilot,onboarding,neutral,"Setup for FlowPilot took longer than expected, would be nice to have a clearer setup wizard.",neutral,0.712107551866232,1,ORG,a clearer setup wizard,onboarding,3
1453,2026-01-12,Initech,SMB,DataSync Pro,performance,negative,We're seeing frequent 500 errors in DataSync Pro during peak hours.,negative,0.8848384183212116,2,"CARDINAL,ORG",frequent 500 errors,performance,7
1454,2026-09-03,Acme Corp,Enterprise,MetricHub,feature_request,neutral,Would love to see a dark mode added to MetricHub in a future release.,neutral,0.6839478219854184,1,ORG,a future release,unknown,4
1455,2025-10-18,Globex Inc,Enterprise,MetricHub,support,negative,The support team at Globex Inc keeps closing our MetricHub tickets without actually resolving the issue.,negative,0.8150690487641907,2,"FAC,ORG",our MetricHub tickets,support,6
1456,2026-09-02,Stark Data Systems,SMB,InsightBoard,performance,negative,"Dashboard loads take over 30 seconds in InsightBoard, this is unacceptable for Stark Data Systems's reporting needs.",negative,0.7816278025088613,4,"ORG,PERSON,TIME",Stark Data Systems's reporting needs,unknown,3
1457,2026-07-04,Acme Corp,Startup,MetricHub,praise,positive,"The new MetricHub update is fantastic, our team at Acme Corp loves the redesigned interface.",positive,0.880153367732113,2,ORG,The new MetricHub update,unknown,7
1458,2025-10-26,Massive Dynamic,Enterprise,FlowPilot,feature_request,neutral,Would love to see a dark mode added to FlowPilot in a future release.,neutral,0.7772544021112159,1,ORG,a future release,unknown,4
1459,2026-05-04,Globex Inc,Enterprise,MetricHub,onboarding,neutral,New team members at Globex Inc find the MetricHub admin console confusing at first.,neutral,0.9213531988775896,3,"FAC,ORDINAL,ORG",the MetricHub admin console,onboarding,1
1460,2025-11-24,Globex Inc,SMB,QuickReport,performance,negative,We're seeing frequent 500 errors in QuickReport during peak hours.,negative,0.8595937072106011,2,"CARDINAL,ORG",frequent 500 errors,performance,7
1461,2026-08-28,Massive Dynamic,SMB,MetricHub,support,neutral,Support wait times for MetricHub have gotten noticeably worse this quarter.,negative,0.7896377312304317,2,"DATE,ORG",Support,support,6
1462,2025-10-28,Wayne Analytics,Enterprise,InsightBoard,billing,negative,We were double-charged for InsightBoard this month and support at Wayne Analytics has been slow to respond.,negative,0.7799862959712694,3,"DATE,ORG",Wayne Analytics,unknown,6
1463,2026-09-16,Hooli,Enterprise,DataSync Pro,performance,negative,"Dashboard loads take over 30 seconds in DataSync Pro, this is unacceptable for Hooli's reporting needs.",negative,0.8007298665785596,3,"PERSON,TIME",Hooli's reporting needs,unknown,3
1464,2026-01-12,Soylent Corp,Enterprise,QuickReport,support,negative,The support team at Soylent Corp keeps closing our QuickReport tickets without actually resolving the issue.,negative,0.7526592367118758,2,ORG,our QuickReport tickets,support,6
1465,2026-09-25,Wayne Analytics,Enterprise,QuickReport,feature_request,neutral,It would help Wayne Analytics a lot if QuickReport supported bulk export to Excel.,neutral,0.8413993717669636,3,"ORG,PERSON,PRODUCT",Wayne Analytics,unknown,7
1466,2026-03-14,Umbrella Labs,SMB,QuickReport,onboarding,neutral,"Setup for QuickReport took longer than expected, would be nice to have a clearer setup wizard.",neutral,0.8864772034004458,1,ORG,a clearer setup wizard,onboarding,3
1467,2025-11-25,Wayne Analytics,SMB,DataSync Pro,bug,negative,Data sync between DataSync Pro and our CRM has been dropping records intermittently.,negative,0.8603474287724876,1,PRODUCT,DataSync Pro,bug,0
1468,2026-02-11,Soylent Corp,Enterprise,DataSync Pro,billing,negative,Getting a refund for the DataSync Pro overcharge took three weeks. Very frustrating billing process.,negative,0.7815169718618963,2,"DATE,ORG",Very frustrating billing process,billing,3
1469,2026-09-02,Hooli,SMB,DataSync Pro,bug,negative,Found a bug in DataSync Pro where exported reports show the wrong currency symbol.,negative,0.8318813149023164,0,,the wrong currency symbol,unknown,7
1470,2026-07-23,Acme Corp,Enterprise,MetricHub,feature_request,neutral,Any plans to add SSO support to MetricHub? We'd need that to expand usage at Acme Corp.,neutral,0.9287481548303254,3,ORG,SSO support,support,2
1471,2026-08-18,Hooli,Startup,FlowPilot,praise,positive,"The new FlowPilot update is fantastic, our team at Hooli loves the redesigned interface.",positive,0.8510638739999132,2,"GPE,ORG",The new FlowPilot update,unknown,7
1472,2026-01-17,Wayne Analytics,Enterprise,InsightBoard,praise,positive,"The new InsightBoard update is fantastic, our team at Wayne Analytics loves the redesigned interface.",positive,0.9292413161999584,2,ORG,The new InsightBoard update,unknown,7
1473,2025-12-18,Hooli,Startup,FlowPilot,onboarding,neutral,The onboarding docs for FlowPilot are a bit outdated but our team at Hooli figured it out eventually.,neutral,0.8138016885204851,2,"ORG,PERSON",The onboarding docs,onboarding,0
1474,2026-03-25,Massive Dynamic,Startup,InsightBoard,onboarding,neutral,New team members at Massive Dynamic find the InsightBoard admin console confusing at first.,neutral,0.8656151528974333,3,"ORDINAL,ORG",the InsightBoard admin console,onboarding,1
1475,2026-02-13,Globex Inc,Startup,DataSync Pro,performance,negative,"Dashboard loads take over 30 seconds in DataSync Pro, this is unacceptable for Globex Inc's reporting needs.",negative,0.912366526094095,3,"PERSON,TIME",Globex Inc's reporting needs,unknown,3
1476,2026-01-07,Acme Corp,Startup,MetricHub,feature_request,neutral,Any plans to add SSO support to MetricHub? We'd need that to expand usage at Acme Corp.,neutral,0.9287481548303254,3,ORG,SSO support,support,2
1477,2026-02-25,Soylent Corp,Startup,InsightBoard,billing,negative,Getting a refund for the InsightBoard overcharge took three weeks. Very frustrating billing process.,negative,0.8123642772218876,2,"DATE,ORG",Very frustrating billing process,billing,3
1478,2026-06-09,Initech,Startup,DataSync Pro,feature_request,neutral,Would love to see a dark mode added to DataSync Pro in a future release.,neutral,0.7402102656028492,1,PRODUCT,a future release,unknown,4
1479,2026-08-02,Hooli,Enterprise,MetricHub,performance,negative,"Dashboard loads take over 30 seconds in MetricHub, this is unacceptable for Hooli's reporting needs.",negative,0.6961607696584413,4,"ORG,PERSON,TIME",Hooli's reporting needs,unknown,3
1480,2025-10-02,Stark Data Systems,SMB,MetricHub,praise,positive,"The new MetricHub update is fantastic, our team at Stark Data Systems loves the redesigned interface.",positive,0.9099612425320256,2,ORG,The new MetricHub update,unknown,7
1481,2026-08-01,Massive Dynamic,Startup,InsightBoard,praise,positive,"InsightBoard has completely streamlined reporting for Massive Dynamic, couldn't be happier with the results.",positive,0.9394832700097424,2,"ORG,PERSON",Massive Dynamic,unknown,3
1482,2026-08-21,Umbrella Labs,Startup,MetricHub,bug,negative,MetricHub's new filter feature crashes the app when we select more than 5 tags.,negative,0.8796970943181684,2,"CARDINAL,ORG",MetricHub's new filter feature,unknown,5
1483,2026-01-10,Cyberdyne Systems,SMB,QuickReport,feature_request,neutral,Any plans to add SSO support to QuickReport? We'd need that to expand usage at Cyberdyne Systems.,neutral,0.7338141891769839,3,ORG,Cyberdyne Systems,unknown,2
1484,2026-03-17,Cyberdyne Systems,Startup,QuickReport,feature_request,neutral,Any plans to add SSO support to QuickReport? We'd need that to expand usage at Cyberdyne Systems.,neutral,0.7338141891769839,3,ORG,Cyberdyne Systems,unknown,2
1485,2026-06-07,Globex Inc,Startup,InsightBoard,feature_request,neutral,Would love to see a dark mode added to InsightBoard in a future release.,neutral,0.834952071949089,1,ORG,a future release,unknown,4
1486,2026-08-14,Massive Dynamic,Enterprise,DataSync Pro,praise,neutral,"The new DataSync Pro update is fantastic, our team at Massive Dynamic loves the redesigned interface.",positive,0.8480247541632876,2,ORG,The new DataSync Pro update,bug,7
1487,2026-03-05,Globex Inc,Enterprise,DataSync Pro,praise,positive,DataSync Pro just works. Rock solid uptime and the Globex Inc team is very satisfied.,positive,0.9127588021642654,0,,the Globex Inc team,unknown,0
1488,2026-07-17,Massive Dynamic,SMB,DataSync Pro,bug,negative,Found a bug in DataSync Pro where exported reports show the wrong currency symbol.,negative,0.8318813149023164,0,,the wrong currency symbol,unknown,7
1489,2026-01-19,Soylent Corp,SMB,MetricHub,bug,negative,Data sync between MetricHub and our CRM has been dropping records intermittently.,negative,0.7886467024435281,2,"ORG,PRODUCT",Data sync,bug,0
1490,2026-04-24,Hooli,Startup,FlowPilot,bug,neutral,Data sync between FlowPilot and our CRM has been dropping records intermittently.,negative,0.7266052827531411,2,"ORG,PRODUCT",Data sync,bug,0
1491,2026-04-23,Acme Corp,Enterprise,MetricHub,bug,negative,Found a bug in MetricHub where exported reports show the wrong currency symbol.,negative,0.8149342942734071,1,ORG,the wrong currency symbol,unknown,7
1492,2026-08-07,Soylent Corp,Enterprise,MetricHub,bug,neutral,Found a bug in MetricHub where exported reports show the wrong currency symbol.,negative,0.8149342942734071,1,ORG,the wrong currency symbol,unknown,7
1493,2026-02-04,Initech,Startup,QuickReport,bug,negative,QuickReport's new filter feature crashes the app when we select more than 5 tags.,negative,0.8387219356211374,2,"CARDINAL,ORG",QuickReport's new filter feature,unknown,5
1494,2026-06-10,Globex Inc,SMB,DataSync Pro,onboarding,neutral,"Setup for DataSync Pro took longer than expected, would be nice to have a clearer setup wizard.",neutral,0.6914222084479202,0,,a clearer setup wizard,onboarding,3
1495,2026-01-12,Acme Corp,SMB,DataSync Pro,billing,negative,Getting a refund for the DataSync Pro overcharge took three weeks. Very frustrating billing process.,negative,0.7815169718618963,2,"DATE,ORG",Very frustrating billing process,billing,3
1496,2025-11-26,Massive Dynamic,Enterprise,DataSync Pro,support,negative,The support team at Massive Dynamic keeps closing our DataSync Pro tickets without actually resolving the issue.,negative,0.8650702435525846,2,ORG,our DataSync Pro tickets,support,6
1497,2025-12-06,Initech,SMB,InsightBoard,onboarding,neutral,"Setup for InsightBoard took longer than expected, would be nice to have a clearer setup wizard.",neutral,0.8195783722305164,1,ORG,a clearer setup wizard,onboarding,3
1498,2026-02-03,Initech,Startup,DataSync Pro,praise,positive,DataSync Pro just works. Rock solid uptime and the Initech team is very satisfied.,positive,0.9165476609466442,1,NORP,Rock solid uptime,praise,0
1499,2026-01-19,Hooli,Startup,FlowPilot,praise,positive,"FlowPilot has completely streamlined reporting for Hooli, couldn't be happier with the results.",positive,0.9360683379936495,2,"ORG,PERSON",the results,unknown,3
1500,2026-06-05,Hooli,Startup,FlowPilot,bug,negative,FlowPilot's new filter feature crashes the app when we select more than 5 tags.,negative,0.8849345975804095,2,"CARDINAL,ORG",FlowPilot's new filter feature,unknown,5
1501,2026-07-15,Soylent Corp,SMB,FlowPilot,praise,positive,Support resolved our FlowPilot issue within the hour -- great experience overall.,positive,0.9539029363686076,2,"ORG,TIME",our FlowPilot issue,unknown,6
1502,2026-07-20,Wayne Analytics,Startup,DataSync Pro,performance,negative,We're seeing frequent 500 errors in DataSync Pro during peak hours.,negative,0.8848384183212116,2,"CARDINAL,ORG",frequent 500 errors,performance,7
1503,2026-05-02,Umbrella Labs,SMB,FlowPilot,bug,negative,FlowPilot's new filter feature crashes the app when we select more than 5 tags.,negative,0.8849345975804095,2,"CARDINAL,ORG",FlowPilot's new filter feature,unknown,5
1504,2026-08-01,Stark Data Systems,Enterprise,DataSync Pro,feature_request,neutral,It would help Stark Data Systems a lot if DataSync Pro supported bulk export to Excel.,neutral,0.7843169933224262,2,"ORG,PRODUCT",Stark Data Systems,unknown,0
1505,2025-10-21,Stark Data Systems,Startup,MetricHub,onboarding,neutral,New team members at Stark Data Systems find the MetricHub admin console confusing at first.,neutral,0.8563885049404746,3,"ORDINAL,ORG",the MetricHub admin console,onboarding,1
1506,2026-06-25,Umbrella Labs,Startup,MetricHub,onboarding,neutral,The onboarding docs for MetricHub are a bit outdated but our team at Umbrella Labs figured it out eventually.,neutral,0.6401039374073175,2,ORG,The onboarding docs,onboarding,0
1507,2026-05-01,Soylent Corp,SMB,QuickReport,billing,negative,Getting a refund for the QuickReport overcharge took three weeks. Very frustrating billing process.,negative,0.8895528677098382,2,"DATE,ORG",Very frustrating billing process,billing,3
1508,2026-01-26,Soylent Corp,Enterprise,QuickReport,billing,negative,Getting a refund for the QuickReport overcharge took three weeks. Very frustrating billing process.,negative,0.8895528677098382,2,"DATE,ORG",Very frustrating billing process,billing,3
1509,2026-09-18,Cyberdyne Systems,Enterprise,FlowPilot,performance,negative,"FlowPilot has been timing out constantly since the last update, our team at Cyberdyne Systems can't get work done.",negative,0.8909485126122276,2,ORG,Cyberdyne Systems,unknown,7
1510,2026-04-28,Hooli,Enterprise,MetricHub,onboarding,neutral,"Setup for MetricHub took longer than expected, would be nice to have a clearer setup wizard.",neutral,0.7774885708471921,1,ORG,a clearer setup wizard,onboarding,3
1511,2025-09-28,Hooli,SMB,QuickReport,billing,negative,The invoice for QuickReport doesn't match our contract pricing -- billing needs to fix this ASAP.,negative,0.8224288397930526,2,ORG,our contract pricing,billing,3
1512,2025-10-04,Hooli,Enterprise,InsightBoard,onboarding,neutral,"Setup for InsightBoard took longer than expected, would be nice to have a clearer setup wizard.",neutral,0.8195783722305164,1,ORG,a clearer setup wizard,onboarding,3
1513,2026-01-25,Stark Data Systems,Enterprise,QuickReport,onboarding,neutral,The onboarding docs for QuickReport are a bit outdated but our team at Stark Data Systems figured it out eventually.,neutral,0.6665755674513878,2,ORG,The onboarding docs,onboarding,0
1514,2025-11-02,Stark Data Systems,Startup,FlowPilot,billing,negative,We were double-charged for FlowPilot this month and support at Stark Data Systems has been slow to respond.,negative,0.7693295284091561,3,"DATE,ORG",Stark Data Systems,unknown,6
1515,2025-09-10,Acme Corp,Startup,DataSync Pro,onboarding,neutral,"Setup for DataSync Pro took longer than expected, would be nice to have a clearer setup wizard.",neutral,0.6914222084479202,0,,a clearer setup wizard,onboarding,3
1516,2026-02-09,Wayne Analytics,SMB,QuickReport,bug,negative,Found a bug in QuickReport where exported reports show the wrong currency symbol.,negative,0.8219647568914438,1,ORG,the wrong currency symbol,unknown,7
1517,2026-09-20,Initech,Enterprise,QuickReport,bug,negative,Found a bug in QuickReport where exported reports show the wrong currency symbol.,negative,0.8219647568914438,1,ORG,the wrong currency symbol,unknown,7
1518,2026-03-04,Massive Dynamic,Startup,MetricHub,onboarding,neutral,The onboarding docs for MetricHub are a bit outdated but our team at Massive Dynamic figured it out eventually.,neutral,0.7132856240534987,2,ORG,The onboarding docs,onboarding,0
1519,2026-03-03,Wayne Analytics,Startup,FlowPilot,support,neutral,Opened a ticket about FlowPilot five days ago and still no response from support.,negative,0.8021477738425319,2,"DATE,ORG",still no response,support,6
1520,2026-01-18,Hooli,Enterprise,QuickReport,bug,neutral,Found a bug in QuickReport where exported reports show the wrong currency symbol.,negative,0.8219647568914438,1,ORG,the wrong currency symbol,unknown,7
1521,2026-07-26,Globex Inc,Startup,QuickReport,onboarding,neutral,New team members at Globex Inc find the QuickReport admin console confusing at first.,neutral,0.8999009456310482,3,"FAC,ORDINAL,ORG",the QuickReport admin console,onboarding,1
1522,2025-10-28,Cyberdyne Systems,SMB,FlowPilot,performance,negative,"Dashboard loads take over 30 seconds in FlowPilot, this is unacceptable for Cyberdyne Systems's reporting needs.",negative,0.8881092046901278,4,"ORG,PERSON,TIME",Cyberdyne Systems's reporting needs,unknown,3
1523,2026-05-06,Umbrella Labs,SMB,QuickReport,feature_request,neutral,Any plans to add SSO support to QuickReport? We'd need that to expand usage at Umbrella Labs.,neutral,0.7494260824297941,3,ORG,Umbrella Labs,unknown,2
1524,2026-04-02,Soylent Corp,Startup,FlowPilot,praise,positive,Support resolved our FlowPilot issue within the hour -- great experience overall.,positive,0.9539029363686076,2,"ORG,TIME",our FlowPilot issue,unknown,6
1525,2025-11-01,Cyberdyne Systems,Startup,InsightBoard,billing,negative,The invoice for InsightBoard doesn't match our contract pricing -- billing needs to fix this ASAP.,negative,0.7444367890345324,2,ORG,our contract pricing,billing,3
1526,2026-07-13,Stark Data Systems,SMB,MetricHub,billing,negative,The invoice for MetricHub doesn't match our contract pricing -- billing needs to fix this ASAP.,negative,0.7850364647255685,2,ORG,our contract pricing,billing,3
1527,2026-01-02,Umbrella Labs,Startup,MetricHub,support,negative,Support wait times for MetricHub have gotten noticeably worse this quarter.,negative,0.7896377312304317,2,"DATE,ORG",Support,support,6
1528,2026-01-03,Soylent Corp,Enterprise,MetricHub,performance,negative,We're seeing frequent 500 errors in MetricHub during peak hours.,negative,0.8753164810198771,2,"CARDINAL,ORG",frequent 500 errors,performance,7
1529,2026-05-09,Globex Inc,Startup,QuickReport,bug,negative,Data sync between QuickReport and our CRM has been dropping records intermittently.,negative,0.7272511563133593,2,"ORG,PRODUCT",Data sync,bug,0
1530,2026-07-11,Cyberdyne Systems,SMB,MetricHub,bug,neutral,Found a bug in MetricHub where exported reports show the wrong currency symbol.,negative,0.8149342942734071,1,ORG,the wrong currency symbol,unknown,7
1531,2026-07-11,Massive Dynamic,Enterprise,InsightBoard,feature_request,neutral,It would help Massive Dynamic a lot if InsightBoard supported bulk export to Excel.,neutral,0.6637235040830592,3,"ORG,PERSON,PRODUCT",Massive Dynamic,unknown,7
1532,2025-09-23,Massive Dynamic,SMB,MetricHub,support,negative,Opened a ticket about MetricHub five days ago and still no response from support.,negative,0.8502571486942204,2,"DATE,ORG",still no response,support,6
1533,2025-09-01,Initech,SMB,MetricHub,performance,negative,We're seeing frequent 500 errors in MetricHub during peak hours.,negative,0.8753164810198771,2,"CARDINAL,ORG",frequent 500 errors,performance,7
1534,2026-08-16,Hooli,Startup,MetricHub,feature_request,positive,Would love to see a dark mode added to MetricHub in a future release.,neutral,0.6839478219854184,1,ORG,a future release,unknown,4
1535,2026-07-03,Soylent Corp,Startup,DataSync Pro,praise,positive,DataSync Pro just works. Rock solid uptime and the Soylent Corp team is very satisfied.,positive,0.9017453896193846,1,ORG,the Soylent Corp team,unknown,0
1536,2026-03-27,Massive Dynamic,SMB,DataSync Pro,onboarding,neutral,The onboarding docs for DataSync Pro are a bit outdated but our team at Massive Dynamic figured it out eventually.,neutral,0.8111514104129515,1,ORG,The onboarding docs,onboarding,0
1537,2025-09-04,Hooli,Startup,QuickReport,onboarding,neutral,"Setup for QuickReport took longer than expected, would be nice to have a clearer setup wizard.",neutral,0.8864772034004458,1,ORG,a clearer setup wizard,onboarding,3
1538,2025-12-24,Umbrella Labs,Enterprise,FlowPilot,bug,negative,FlowPilot's new filter feature crashes the app when we select more than 5 tags.,negative,0.8849345975804095,2,"CARDINAL,ORG",FlowPilot's new filter feature,unknown,5
1539,2026-06-21,Wayne Analytics,Enterprise,QuickReport,billing,negative,The invoice for QuickReport doesn't match our contract pricing -- billing needs to fix this ASAP.,negative,0.8224288397930526,2,ORG,our contract pricing,billing,3
1540,2026-02-02,Umbrella Labs,SMB,QuickReport,support,negative,Support wait times for QuickReport have gotten noticeably worse this quarter.,negative,0.8542249179194534,2,"DATE,ORG",Support,support,6
1541,2025-12-27,Cyberdyne Systems,Enterprise,QuickReport,support,negative,The support team at Cyberdyne Systems keeps closing our QuickReport tickets without actually resolving the issue.,negative,0.7777623264482606,2,ORG,our QuickReport tickets,support,6
1542,2026-05-16,Globex Inc,Startup,InsightBoard,feature_request,neutral,It would help Globex Inc a lot if InsightBoard supported bulk export to Excel.,neutral,0.8632042082422425,3,"ORG,PERSON,PRODUCT",bulk export,bug,7
1543,2026-07-20,Umbrella Labs,Startup,MetricHub,performance,negative,We're seeing frequent 500 errors in MetricHub during peak hours.,negative,0.8753164810198771,2,"CARDINAL,ORG",frequent 500 errors,performance,7
1544,2026-08-03,Globex Inc,Enterprise,MetricHub,onboarding,neutral,The onboarding docs for MetricHub are a bit outdated but our team at Globex Inc figured it out eventually.,neutral,0.7339632085525053,2,"FAC,ORG",The onboarding docs,onboarding,0
1545,2026-08-26,Cyberdyne Systems,Startup,QuickReport,performance,negative,"Dashboard loads take over 30 seconds in QuickReport, this is unacceptable for Cyberdyne Systems's reporting needs.",negative,0.8917390471638281,4,"ORG,PERSON,TIME",Cyberdyne Systems's reporting needs,unknown,3
1546,2026-01-22,Initech,Startup,MetricHub,support,negative,Opened a ticket about MetricHub five days ago and still no response from support.,negative,0.8502571486942204,2,"DATE,ORG",still no response,support,6
1547,2026-07-21,Initech,Startup,FlowPilot,onboarding,neutral,"Setup for FlowPilot took longer than expected, would be nice to have a clearer setup wizard.",neutral,0.712107551866232,1,ORG,a clearer setup wizard,onboarding,3
1548,2025-10-22,Hooli,SMB,FlowPilot,billing,negative,The invoice for FlowPilot doesn't match our contract pricing -- billing needs to fix this ASAP.,negative,0.8332377145867494,2,ORG,our contract pricing,billing,3
1549,2026-09-02,Massive Dynamic,Startup,InsightBoard,onboarding,positive,"Setup for InsightBoard took longer than expected, would be nice to have a clearer setup wizard.",neutral,0.8195783722305164,1,ORG,a clearer setup wizard,onboarding,3
1550,2026-05-15,Initech,SMB,InsightBoard,feature_request,neutral,Would love to see a dark mode added to InsightBoard in a future release.,neutral,0.834952071949089,1,ORG,a future release,unknown,4
1551,2025-10-19,Hooli,SMB,QuickReport,support,negative,Opened a ticket about QuickReport five days ago and still no response from support.,negative,0.7367195099860478,2,"DATE,ORG",still no response,support,6
1552,2025-12-07,Umbrella Labs,Enterprise,FlowPilot,praise,positive,"FlowPilot has completely streamlined reporting for Umbrella Labs, couldn't be happier with the results.",positive,0.9115878635156202,2,ORG,Umbrella Labs,unknown,3
1553,2026-07-04,Stark Data Systems,Startup,DataSync Pro,performance,negative,"Dashboard loads take over 30 seconds in DataSync Pro, this is unacceptable for Stark Data Systems's reporting needs.",negative,0.8947525472990431,3,"ORG,PERSON,TIME",Stark Data Systems's reporting needs,unknown,3
1554,2026-09-21,Hooli,Startup,DataSync Pro,billing,negative,The invoice for DataSync Pro doesn't match our contract pricing -- billing needs to fix this ASAP.,negative,0.8724593560081184,1,ORG,our contract pricing,billing,3
1555,2025-12-11,Umbrella Labs,SMB,DataSync Pro,support,negative,The support team at Umbrella Labs keeps closing our DataSync Pro tickets without actually resolving the issue.,negative,0.8834678424997133,2,ORG,our DataSync Pro tickets,support,6
1556,2025-10-25,Wayne Analytics,Enterprise,MetricHub,praise,neutral,"MetricHub has completely streamlined reporting for Wayne Analytics, couldn't be happier with the results.",positive,0.8412433837979731,2,"ORG,PERSON",Wayne Analytics,unknown,3
1557,2026-04-19,Massive Dynamic,Startup,DataSync Pro,onboarding,neutral,New team members at Massive Dynamic find the DataSync Pro admin console confusing at first.,neutral,0.8359601021769499,3,"ORDINAL,ORG",the DataSync Pro admin console,bug,1
1558,2026-02-28,Initech,SMB,DataSync Pro,billing,negative,We were double-charged for DataSync Pro this month and support at Initech has been slow to respond.,negative,0.7452053305413355,2,"DATE,ORG",DataSync Pro,bug,6
1559,2025-09-10,Acme Corp,SMB,DataSync Pro,feature_request,neutral,Would love to see a dark mode added to DataSync Pro in a future release.,neutral,0.7402102656028492,1,PRODUCT,a future release,unknown,4
1560,2026-07-02,Hooli,Enterprise,DataSync Pro,onboarding,neutral,New team members at Hooli find the DataSync Pro admin console confusing at first.,neutral,0.8967901942616545,3,"GPE,ORDINAL,ORG",the DataSync Pro admin console,bug,1
1561,2025-10-20,Stark Data Systems,SMB,FlowPilot,onboarding,neutral,The onboarding docs for FlowPilot are a bit outdated but our team at Stark Data Systems figured it out eventually.,neutral,0.7104294588028288,2,ORG,The onboarding docs,onboarding,0
1562,2026-06-01,Umbrella Labs,Startup,MetricHub,praise,positive,MetricHub just works. Rock solid uptime and the Umbrella Labs team is very satisfied.,positive,0.9075434131022753,2,ORG,the Umbrella Labs team,unknown,0
1563,2026-06-04,Massive Dynamic,Startup,FlowPilot,bug,negative,FlowPilot's new filter feature crashes the app when we select more than 5 tags.,negative,0.8849345975804095,2,"CARDINAL,ORG",FlowPilot's new filter feature,unknown,5
1564,2026-02-19,Initech,Startup,FlowPilot,support,negative,Support wait times for FlowPilot have gotten noticeably worse this quarter.,negative,0.8773696561949629,2,"DATE,ORG",Support,support,6
1565,2026-08-03,Globex Inc,Startup,DataSync Pro,performance,negative,"DataSync Pro has been timing out constantly since the last update, our team at Globex Inc can't get work done.",negative,0.8393463099732371,1,FAC,the last update,unknown,7
1566,2026-05-09,Cyberdyne Systems,Startup,QuickReport,onboarding,neutral,The onboarding docs for QuickReport are a bit outdated but our team at Cyberdyne Systems figured it out eventually.,neutral,0.7429532244515146,2,ORG,The onboarding docs,onboarding,0
1567,2025-11-08,Massive Dynamic,SMB,MetricHub,support,neutral,The support team at Massive Dynamic keeps closing our MetricHub tickets without actually resolving the issue.,negative,0.7528820478082637,2,ORG,our MetricHub tickets,support,6
1568,2026-06-14,Initech,SMB,QuickReport,performance,negative,"QuickReport has been timing out constantly since the last update, our team at Initech can't get work done.",negative,0.7991517174807027,2,ORG,the last update,unknown,7
1569,2026-05-25,Wayne Analytics,Startup,InsightBoard,onboarding,neutral,New team members at Wayne Analytics find the InsightBoard admin console confusing at first.,neutral,0.9060024499381375,3,"ORDINAL,ORG",the InsightBoard admin console,onboarding,1
1570,2026-02-10,Massive Dynamic,Startup,InsightBoard,performance,negative,"InsightBoard has been timing out constantly since the last update, our team at Massive Dynamic can't get work done.",negative,0.8329229948562491,2,ORG,the last update,unknown,7
1571,2026-07-05,Soylent Corp,Startup,MetricHub,support,negative,Opened a ticket about MetricHub five days ago and still no response from support.,negative,0.8502571486942204,2,"DATE,ORG",still no response,support,6
1572,2026-03-12,Soylent Corp,Enterprise,MetricHub,billing,negative,We were double-charged for MetricHub this month and support at Soylent Corp has been slow to respond.,negative,0.9106377449619925,3,"DATE,ORG",Soylent Corp,unknown,6
1573,2025-12-22,Umbrella Labs,SMB,DataSync Pro,performance,negative,"DataSync Pro has been timing out constantly since the last update, our team at Umbrella Labs can't get work done.",negative,0.8510885942961925,1,ORG,the last update,unknown,7
1574,2026-02-28,Massive Dynamic,Startup,MetricHub,bug,neutral,Data sync between MetricHub and our CRM has been dropping records intermittently.,negative,0.7886467024435281,2,"ORG,PRODUCT",Data sync,bug,0
1575,2026-03-11,Wayne Analytics,SMB,MetricHub,onboarding,neutral,New team members at Wayne Analytics find the MetricHub admin console confusing at first.,neutral,0.9339642571465125,3,"ORDINAL,ORG",the MetricHub admin console,onboarding,1
1576,2025-12-01,Massive Dynamic,SMB,DataSync Pro,performance,negative,"DataSync Pro has been timing out constantly since the last update, our team at Massive Dynamic can't get work done.",negative,0.8405457833806306,1,ORG,the last update,unknown,7
1577,2025-12-08,Umbrella Labs,Startup,FlowPilot,feature_request,neutral,Would love to see a dark mode added to FlowPilot in a future release.,neutral,0.7772544021112159,1,ORG,a future release,unknown,4
1578,2026-03-06,Wayne Analytics,Enterprise,FlowPilot,bug,negative,Data sync between FlowPilot and our CRM has been dropping records intermittently.,negative,0.7266052827531411,2,"ORG,PRODUCT",Data sync,bug,0
1579,2026-02-01,Wayne Analytics,Enterprise,DataSync Pro,praise,positive,"DataSync Pro has completely streamlined reporting for Wayne Analytics, couldn't be happier with the results.",positive,0.8524753231308766,1,PERSON,Wayne Analytics,unknown,3
1580,2025-12-21,Acme Corp,SMB,InsightBoard,onboarding,neutral,The onboarding docs for InsightBoard are a bit outdated but our team at Acme Corp figured it out eventually.,neutral,0.5139279518534692,2,ORG,The onboarding docs,onboarding,0
1581,2025-12-10,Initech,Enterprise,DataSync Pro,onboarding,neutral,"Setup for DataSync Pro took longer than expected, would be nice to have a clearer setup wizard.",neutral,0.6914222084479202,0,,a clearer setup wizard,onboarding,3
1582,2026-05-08,Stark Data Systems,SMB,QuickReport,performance,negative,"QuickReport has been timing out constantly since the last update, our team at Stark Data Systems can't get work done.",negative,0.8141163720901837,2,ORG,Stark Data Systems,unknown,7
1583,2025-10-01,Initech,SMB,QuickReport,performance,negative,"QuickReport has been timing out constantly since the last update, our team at Initech can't get work done.",negative,0.7991517174807027,2,ORG,the last update,unknown,7
1584,2025-12-10,Hooli,SMB,DataSync Pro,praise,positive,Support resolved our DataSync Pro issue within the hour -- great experience overall.,positive,0.9274944164591788,2,"ORG,TIME",our DataSync Pro issue,bug,6
1585,2025-11-17,Wayne Analytics,Startup,InsightBoard,bug,negative,Found a bug in InsightBoard where exported reports show the wrong currency symbol.,negative,0.6628158991728411,1,ORG,the wrong currency symbol,unknown,7
1586,2025-11-26,Globex Inc,Enterprise,DataSync Pro,praise,positive,DataSync Pro just works. Rock solid uptime and the Globex Inc team is very satisfied.,positive,0.9127588021642654,0,,the Globex Inc team,unknown,0
1587,2026-02-11,Soylent Corp,Startup,FlowPilot,performance,negative,"FlowPilot has been timing out constantly since the last update, our team at Soylent Corp can't get work done.",negative,0.8519047208098067,2,ORG,the last update,unknown,7
1588,2026-06-07,Umbrella Labs,Startup,DataSync Pro,onboarding,neutral,"Setup for DataSync Pro took longer than expected, would be nice to have a clearer setup wizard.",neutral,0.6914222084479202,0,,a clearer setup wizard,onboarding,3
1589,2025-09-21,Acme Corp,Enterprise,InsightBoard,praise,positive,"The new InsightBoard update is fantastic, our team at Acme Corp loves the redesigned interface.",positive,0.9232211599308464,2,ORG,The new InsightBoard update,unknown,7
1590,2026-04-07,Acme Corp,Startup,MetricHub,praise,positive,"The new MetricHub update is fantastic, our team at Acme Corp loves the redesigned interface.",positive,0.880153367732113,2,ORG,The new MetricHub update,unknown,7
1591,2025-11-17,Massive Dynamic,Enterprise,MetricHub,feature_request,neutral,Would love to see a dark mode added to MetricHub in a future release.,neutral,0.6839478219854184,1,ORG,a future release,unknown,4
1592,2026-05-15,Soylent Corp,SMB,InsightBoard,bug,negative,Data sync between InsightBoard and our CRM has been dropping records intermittently.,negative,0.784861856413665,2,"ORG,PRODUCT",Data sync,bug,0
1593,2026-04-23,Wayne Analytics,Startup,MetricHub,performance,negative,"Dashboard loads take over 30 seconds in MetricHub, this is unacceptable for Wayne Analytics's reporting needs.",negative,0.7615148856491177,4,"ORG,PERSON,TIME",Wayne Analytics's reporting needs,unknown,3
1594,2026-07-26,Stark Data Systems,SMB,MetricHub,bug,negative,MetricHub's new filter feature crashes the app when we select more than 5 tags.,negative,0.8796970943181684,2,"CARDINAL,ORG",MetricHub's new filter feature,unknown,5
1595,2025-12-15,Initech,Enterprise,QuickReport,onboarding,neutral,New team members at Initech find the QuickReport admin console confusing at first.,neutral,0.8597359123684755,3,"ORDINAL,ORG",the QuickReport admin console,onboarding,1
1596,2026-03-13,Hooli,SMB,QuickReport,praise,positive,Support resolved our QuickReport issue within the hour -- great experience overall.,positive,0.9475530199403878,2,"ORG,TIME",our QuickReport issue,unknown,6
1597,2025-10-05,Wayne Analytics,Startup,InsightBoard,onboarding,neutral,The onboarding docs for InsightBoard are a bit outdated but our team at Wayne Analytics figured it out eventually.,neutral,0.5733148560077387,2,ORG,The onboarding docs,onboarding,0
1598,2026-02-08,Stark Data Systems,Startup,FlowPilot,praise,positive,"FlowPilot has completely streamlined reporting for Stark Data Systems, couldn't be happier with the results.",positive,0.9570055761242472,2,ORG,Stark Data Systems,unknown,0
1599,2026-02-14,Massive Dynamic,Startup,MetricHub,onboarding,neutral,The onboarding docs for MetricHub are a bit outdated but our team at Massive Dynamic figured it out eventually.,neutral,0.7132856240534987,2,ORG,The onboarding docs,onboarding,0
1600,2026-09-16,Hooli,SMB,FlowPilot,bug,negative,FlowPilot's new filter feature crashes the app when we select more than 5 tags.,negative,0.8849345975804095,2,"CARDINAL,ORG",FlowPilot's new filter feature,unknown,5
1601,2026-04-08,Hooli,Enterprise,DataSync Pro,support,negative,The support team at Hooli keeps closing our DataSync Pro tickets without actually resolving the issue.,negative,0.8993104611433893,2,"GPE,ORG",our DataSync Pro tickets,support,6
1602,2026-01-27,Globex Inc,Enterprise,InsightBoard,support,negative,Support wait times for InsightBoard have gotten noticeably worse this quarter.,negative,0.7973506347562989,2,"DATE,ORG",Support,support,6
1603,2025-12-04,Soylent Corp,SMB,DataSync Pro,onboarding,neutral,New team members at Soylent Corp find the DataSync Pro admin console confusing at first.,neutral,0.7956027373814739,3,"ORDINAL,ORG",the DataSync Pro admin console,bug,1
1604,2025-12-11,Wayne Analytics,Startup,DataSync Pro,billing,negative,We were double-charged for DataSync Pro this month and support at Wayne Analytics has been slow to respond.,negative,0.7750933789975639,2,"DATE,ORG",Wayne Analytics,unknown,6
1605,2026-08-27,Wayne Analytics,SMB,InsightBoard,performance,negative,We're seeing frequent 500 errors in InsightBoard during peak hours.,negative,0.6515610966645977,2,"CARDINAL,ORG",frequent 500 errors,performance,7
1606,2026-09-23,Umbrella Labs,Enterprise,MetricHub,praise,positive,"The new MetricHub update is fantastic, our team at Umbrella Labs loves the redesigned interface.",positive,0.8548355533185914,2,ORG,The new MetricHub update,unknown,7
1607,2026-01-27,Stark Data Systems,SMB,DataSync Pro,feature_request,neutral,Any plans to add SSO support to DataSync Pro? We'd need that to expand usage at Stark Data Systems.,neutral,0.6475526835717033,2,ORG,Stark Data Systems,unknown,2
1608,2025-09-16,Hooli,Startup,MetricHub,support,negative,The support team at Hooli keeps closing our MetricHub tickets without actually resolving the issue.,negative,0.8053886930745017,2,"GPE,ORG",our MetricHub tickets,support,6
1609,2025-12-24,Acme Corp,Enterprise,FlowPilot,feature_request,neutral,Any plans to add SSO support to FlowPilot? We'd need that to expand usage at Acme Corp.,neutral,0.8332195417860364,3,ORG,SSO support,support,2
1610,2026-06-26,Massive Dynamic,Startup,QuickReport,feature_request,neutral,Would love to see a dark mode added to QuickReport in a future release.,neutral,0.7180881484446326,1,ORG,a future release,unknown,4
1611,2026-02-28,Massive Dynamic,Enterprise,InsightBoard,onboarding,neutral,"Setup for InsightBoard took longer than expected, would be nice to have a clearer setup wizard.",neutral,0.8195783722305164,1,ORG,a clearer setup wizard,onboarding,3
1612,2026-04-28,Hooli,SMB,QuickReport,performance,neutral,"Dashboard loads take over 30 seconds in QuickReport, this is unacceptable for Hooli's reporting needs.",negative,0.7334435368637123,4,"ORG,PERSON,TIME",Hooli's reporting needs,unknown,3
1613,2025-11-10,Wayne Analytics,Startup,QuickReport,onboarding,neutral,The onboarding docs for QuickReport are a bit outdated but our team at Wayne Analytics figured it out eventually.,neutral,0.680099450996782,2,ORG,The onboarding docs,onboarding,0
1614,2025-12-14,Massive Dynamic,SMB,InsightBoard,feature_request,neutral,Would love to see a dark mode added to InsightBoard in a future release.,neutral,0.834952071949089,1,ORG,a future release,unknown,4
1615,2026-02-19,Hooli,SMB,MetricHub,bug,negative,Data sync between MetricHub and our CRM has been dropping records intermittently.,negative,0.7886467024435281,2,"ORG,PRODUCT",Data sync,bug,0
1616,2026-02-19,Initech,Enterprise,QuickReport,billing,negative,Getting a refund for the QuickReport overcharge took three weeks. Very frustrating billing process.,negative,0.8895528677098382,2,"DATE,ORG",Very frustrating billing process,billing,3
1617,2026-03-07,Cyberdyne Systems,SMB,MetricHub,feature_request,neutral,Any plans to add SSO support to MetricHub? We'd need that to expand usage at Cyberdyne Systems.,neutral,0.8914702260735999,3,ORG,Cyberdyne Systems,unknown,2
1618,2026-04-04,Soylent Corp,Enterprise,FlowPilot,bug,negative,Found a bug in FlowPilot where exported reports show the wrong currency symbol.,negative,0.8755854364546795,1,ORG,the wrong currency symbol,unknown,7
1619,2025-11-04,Massive Dynamic,Enterprise,InsightBoard,support,negative,Support wait times for InsightBoard have gotten noticeably worse this quarter.,negative,0.7973506347562989,2,"DATE,ORG",Support,support,6
1620,2026-06-16,Acme Corp,Startup,DataSync Pro,feature_request,neutral,Any plans to add SSO support to DataSync Pro? We'd need that to expand usage at Acme Corp.,neutral,0.8148777341984891,2,ORG,DataSync Pro,bug,2
1621,2026-01-07,Umbrella Labs,SMB,DataSync Pro,billing,negative,We were double-charged for DataSync Pro this month and support at Umbrella Labs has been slow to respond.,negative,0.7232263923458895,2,"DATE,ORG",Umbrella Labs,unknown,6
1622,2025-09-12,Soylent Corp,SMB,DataSync Pro,performance,negative,"Dashboard loads take over 30 seconds in DataSync Pro, this is unacceptable for Soylent Corp's reporting needs.",negative,0.9033764419768786,3,"ORG,PERSON,TIME",Soylent Corp's reporting needs,unknown,3
1623,2026-03-06,Acme Corp,SMB,InsightBoard,onboarding,positive,The onboarding docs for InsightBoard are a bit outdated but our team at Acme Corp figured it out eventually.,neutral,0.5139279518534692,2,ORG,The onboarding docs,onboarding,0
1624,2026-08-03,Soylent Corp,SMB,FlowPilot,billing,negative,We were double-charged for FlowPilot this month and support at Soylent Corp has been slow to respond.,negative,0.8661313116699338,3,"DATE,ORG",Soylent Corp,unknown,6
1625,2026-03-27,Acme Corp,SMB,QuickReport,bug,negative,Found a bug in QuickReport where exported reports show the wrong currency symbol.,negative,0.8219647568914438,1,ORG,the wrong currency symbol,unknown,7
1626,2026-06-10,Massive Dynamic,Startup,QuickReport,feature_request,neutral,Any plans to add SSO support to QuickReport? We'd need that to expand usage at Massive Dynamic.,neutral,0.788366633601541,3,ORG,Massive Dynamic,unknown,2
1627,2025-12-01,Soylent Corp,SMB,FlowPilot,onboarding,neutral,The onboarding docs for FlowPilot are a bit outdated but our team at Soylent Corp figured it out eventually.,neutral,0.7157892237803316,2,ORG,The onboarding docs,onboarding,0
1628,2026-09-08,Globex Inc,Startup,FlowPilot,performance,negative,"Dashboard loads take over 30 seconds in FlowPilot, this is unacceptable for Globex Inc's reporting needs.",negative,0.8784127604575199,4,"ORG,PERSON,TIME",Globex Inc's reporting needs,unknown,3
1629,2026-04-19,Cyberdyne Systems,SMB,FlowPilot,onboarding,neutral,"Setup for FlowPilot took longer than expected, would be nice to have a clearer setup wizard.",neutral,0.712107551866232,1,ORG,a clearer setup wizard,onboarding,3
1630,2026-04-12,Globex Inc,Startup,InsightBoard,billing,negative,Getting a refund for the InsightBoard overcharge took three weeks. Very frustrating billing process.,negative,0.8123642772218876,2,"DATE,ORG",Very frustrating billing process,billing,3
1631,2026-09-28,Stark Data Systems,Startup,FlowPilot,feature_request,neutral,Any plans to add SSO support to FlowPilot? We'd need that to expand usage at Stark Data Systems.,neutral,0.6712932944804958,3,ORG,Stark Data Systems,unknown,2
1632,2026-08-14,Umbrella Labs,Startup,QuickReport,performance,negative,"Dashboard loads take over 30 seconds in QuickReport, this is unacceptable for Umbrella Labs's reporting needs.",negative,0.8488415940008635,4,"ORG,PERSON,TIME",Umbrella Labs's reporting needs,unknown,3
1633,2026-03-23,Acme Corp,Enterprise,MetricHub,bug,neutral,MetricHub's new filter feature crashes the app when we select more than 5 tags.,negative,0.8796970943181684,2,"CARDINAL,ORG",MetricHub's new filter feature,unknown,5
1634,2026-05-10,Acme Corp,Startup,InsightBoard,billing,negative,We were double-charged for InsightBoard this month and support at Acme Corp has been slow to respond.,negative,0.8460728716032389,3,"DATE,ORG",Acme Corp,unknown,6
1635,2026-09-18,Umbrella Labs,SMB,FlowPilot,feature_request,neutral,Would love to see a dark mode added to FlowPilot in a future release.,neutral,0.7772544021112159,1,ORG,a future release,unknown,4
1636,2026-09-25,Globex Inc,Startup,DataSync Pro,billing,negative,The invoice for DataSync Pro doesn't match our contract pricing -- billing needs to fix this ASAP.,negative,0.8724593560081184,1,ORG,our contract pricing,billing,3
1637,2025-12-17,Massive Dynamic,SMB,QuickReport,support,negative,The support team at Massive Dynamic keeps closing our QuickReport tickets without actually resolving the issue.,negative,0.7563587867916407,2,ORG,our QuickReport tickets,support,6
1638,2026-08-22,Initech,Startup,DataSync Pro,billing,negative,The invoice for DataSync Pro doesn't match our contract pricing -- billing needs to fix this ASAP.,negative,0.8724593560081184,1,ORG,our contract pricing,billing,3
1639,2026-03-28,Hooli,Startup,InsightBoard,feature_request,neutral,It would help Hooli a lot if InsightBoard supported bulk export to Excel.,neutral,0.8785913310547806,3,"ORG,PERSON,PRODUCT",bulk export,bug,7
1640,2025-10-23,Initech,SMB,DataSync Pro,performance,negative,"Dashboard loads take over 30 seconds in DataSync Pro, this is unacceptable for Initech's reporting needs.",negative,0.8224905900934937,3,"ORG,PERSON,TIME",Initech's reporting needs,unknown,3
1641,2025-10-03,Massive Dynamic,SMB,FlowPilot,performance,negative,"Dashboard loads take over 30 seconds in FlowPilot, this is unacceptable for Massive Dynamic's reporting needs.",negative,0.7506027253865912,4,"ORG,PERSON,TIME",Massive Dynamic's reporting needs,unknown,3
1642,2026-04-27,Umbrella Labs,Enterprise,FlowPilot,onboarding,neutral,New team members at Umbrella Labs find the FlowPilot admin console confusing at first.,neutral,0.8532954379249571,3,"ORDINAL,ORG",the FlowPilot admin console,onboarding,1
1643,2025-10-06,Acme Corp,Startup,DataSync Pro,support,negative,Opened a ticket about DataSync Pro five days ago and still no response from support.,negative,0.7940451734504377,2,"DATE,PRODUCT",still no response,support,6
1644,2025-10-22,Soylent Corp,Enterprise,FlowPilot,support,negative,Opened a ticket about FlowPilot five days ago and still no response from support.,negative,0.8021477738425319,2,"DATE,ORG",still no response,support,6
1645,2026-02-06,Stark Data Systems,SMB,QuickReport,praise,positive,"QuickReport has completely streamlined reporting for Stark Data Systems, couldn't be happier with the results.",positive,0.9542683426364043,2,ORG,Stark Data Systems,unknown,0
1646,2026-04-23,Initech,Enterprise,MetricHub,performance,negative,We're seeing frequent 500 errors in MetricHub during peak hours.,negative,0.8753164810198771,2,"CARDINAL,ORG",frequent 500 errors,performance,7
1647,2026-08-10,Soylent Corp,SMB,DataSync Pro,billing,negative,Getting a refund for the DataSync Pro overcharge took three weeks. Very frustrating billing process.,negative,0.7815169718618963,2,"DATE,ORG",Very frustrating billing process,billing,3
1648,2026-09-13,Cyberdyne Systems,Enterprise,DataSync Pro,bug,negative,Found a bug in DataSync Pro where exported reports show the wrong currency symbol.,negative,0.8318813149023164,0,,the wrong currency symbol,unknown,7
1649,2025-12-03,Umbrella Labs,Enterprise,InsightBoard,praise,positive,Support resolved our InsightBoard issue within the hour -- great experience overall.,positive,0.9114717590129222,2,"ORG,TIME",our InsightBoard issue,unknown,6
1650,2025-12-22,Initech,SMB,DataSync Pro,billing,negative,The invoice for DataSync Pro doesn't match our contract pricing -- billing needs to fix this ASAP.,negative,0.8724593560081184,1,ORG,our contract pricing,billing,3
1651,2025-11-24,Umbrella Labs,Startup,DataSync Pro,feature_request,neutral,Would love to see a dark mode added to DataSync Pro in a future release.,neutral,0.7402102656028492,1,PRODUCT,a future release,unknown,4
1652,2026-02-11,Hooli,Enterprise,MetricHub,performance,negative,"MetricHub has been timing out constantly since the last update, our team at Hooli can't get work done.",negative,0.814052387856696,2,"GPE,ORG",the last update,unknown,7
1653,2026-05-13,Umbrella Labs,Enterprise,MetricHub,onboarding,neutral,New team members at Umbrella Labs find the MetricHub admin console confusing at first.,neutral,0.9122858492524817,3,"ORDINAL,ORG",the MetricHub admin console,onboarding,1
1654,2026-02-11,Umbrella Labs,Enterprise,QuickReport,bug,negative,Found a bug in QuickReport where exported reports show the wrong currency symbol.,negative,0.8219647568914438,1,ORG,the wrong currency symbol,unknown,7
1655,2026-03-07,Hooli,Enterprise,InsightBoard,performance,negative,"InsightBoard has been timing out constantly since the last update, our team at Hooli can't get work done.",negative,0.8573508159225597,2,"GPE,ORG",the last update,unknown,7
1656,2026-06-12,Globex Inc,Startup,InsightBoard,bug,neutral,Found a bug in InsightBoard where exported reports show the wrong currency symbol.,negative,0.6628158991728411,1,ORG,the wrong currency symbol,unknown,7
1657,2026-09-20,Umbrella Labs,SMB,FlowPilot,billing,negative,We were double-charged for FlowPilot this month and support at Umbrella Labs has been slow to respond.,negative,0.7347678262505969,3,"DATE,ORG",Umbrella Labs,unknown,6
1658,2026-01-04,Soylent Corp,Enterprise,MetricHub,bug,negative,Found a bug in MetricHub where exported reports show the wrong currency symbol.,negative,0.8149342942734071,1,ORG,the wrong currency symbol,unknown,7
1659,2025-11-21,Hooli,SMB,QuickReport,onboarding,neutral,"Setup for QuickReport took longer than expected, would be nice to have a clearer setup wizard.",neutral,0.8864772034004458,1,ORG,a clearer setup wizard,onboarding,3
1660,2025-09-20,Massive Dynamic,SMB,DataSync Pro,praise,positive,"The new DataSync Pro update is fantastic, our team at Massive Dynamic loves the redesigned interface.",positive,0.8480247541632876,2,ORG,The new DataSync Pro update,bug,7
1661,2026-08-08,Hooli,Startup,MetricHub,onboarding,neutral,"Setup for MetricHub took longer than expected, would be nice to have a clearer setup wizard.",neutral,0.7774885708471921,1,ORG,a clearer setup wizard,onboarding,3
1662,2026-06-25,Initech,Enterprise,QuickReport,onboarding,neutral,New team members at Initech find the QuickReport admin console confusing at first.,neutral,0.8597359123684755,3,"ORDINAL,ORG",the QuickReport admin console,onboarding,1
1663,2026-06-03,Umbrella Labs,Enterprise,FlowPilot,billing,neutral,The invoice for FlowPilot doesn't match our contract pricing -- billing needs to fix this ASAP.,negative,0.8332377145867494,2,ORG,our contract pricing,billing,3
1664,2025-12-05,Wayne Analytics,SMB,FlowPilot,billing,negative,We were double-charged for FlowPilot this month and support at Wayne Analytics has been slow to respond.,negative,0.7860083364046849,3,"DATE,ORG",Wayne Analytics,unknown,6
1665,2026-06-15,Initech,Startup,QuickReport,bug,negative,Found a bug in QuickReport where exported reports show the wrong currency symbol.,negative,0.8219647568914438,1,ORG,the wrong currency symbol,unknown,7
1666,2026-07-26,Acme Corp,SMB,InsightBoard,feature_request,neutral,It would help Acme Corp a lot if InsightBoard supported bulk export to Excel.,neutral,0.8662630617546327,3,"ORG,PRODUCT",bulk export,bug,7
1667,2026-01-25,Soylent Corp,Startup,FlowPilot,praise,positive,"FlowPilot has completely streamlined reporting for Soylent Corp, couldn't be happier with the results.",positive,0.9442826826883016,2,ORG,Soylent Corp,unknown,3
1668,2025-12-18,Wayne Analytics,Enterprise,InsightBoard,billing,neutral,We were double-charged for InsightBoard this month and support at Wayne Analytics has been slow to respond.,negative,0.7799862959712694,3,"DATE,ORG",Wayne Analytics,unknown,6
1669,2026-03-17,Umbrella Labs,Startup,QuickReport,billing,negative,Getting a refund for the QuickReport overcharge took three weeks. Very frustrating billing process.,negative,0.8895528677098382,2,"DATE,ORG",Very frustrating billing process,billing,3
1670,2026-04-03,Massive Dynamic,Enterprise,DataSync Pro,support,negative,Opened a ticket about DataSync Pro five days ago and still no response from support.,negative,0.7940451734504377,2,"DATE,PRODUCT",still no response,support,6
1671,2025-10-06,Acme Corp,Enterprise,QuickReport,performance,negative,"QuickReport has been timing out constantly since the last update, our team at Acme Corp can't get work done.",negative,0.8197711759589997,2,ORG,the last update,unknown,7
1672,2025-10-14,Umbrella Labs,Startup,QuickReport,onboarding,neutral,New team members at Umbrella Labs find the QuickReport admin console confusing at first.,neutral,0.8964005784407991,3,"ORDINAL,ORG",the QuickReport admin console,onboarding,1
1673,2025-12-08,Stark Data Systems,Startup,QuickReport,feature_request,neutral,It would help Stark Data Systems a lot if QuickReport supported bulk export to Excel.,neutral,0.6553003088193378,3,"ORG,PRODUCT",Stark Data Systems,unknown,0
1674,2026-01-19,Cyberdyne Systems,SMB,QuickReport,bug,negative,Found a bug in QuickReport where exported reports show the wrong currency symbol.,negative,0.8219647568914438,1,ORG,the wrong currency symbol,unknown,7
1675,2025-10-12,Umbrella Labs,SMB,InsightBoard,bug,neutral,Data sync between InsightBoard and our CRM has been dropping records intermittently.,negative,0.784861856413665,2,"ORG,PRODUCT",Data sync,bug,0
1676,2026-03-17,Acme Corp,SMB,FlowPilot,bug,negative,FlowPilot's new filter feature crashes the app when we select more than 5 tags.,negative,0.8849345975804095,2,"CARDINAL,ORG",FlowPilot's new filter feature,unknown,5
1677,2025-09-25,Hooli,SMB,QuickReport,onboarding,neutral,New team members at Hooli find the QuickReport admin console confusing at first.,neutral,0.9278166470179702,3,"GPE,ORDINAL,ORG",the QuickReport admin console,onboarding,1
1678,2026-05-05,Globex Inc,Startup,InsightBoard,bug,negative,InsightBoard's new filter feature crashes the app when we select more than 5 tags.,negative,0.8749854429887887,2,"CARDINAL,ORG",InsightBoard's new filter feature,unknown,5
1679,2026-04-10,Acme Corp,SMB,InsightBoard,onboarding,neutral,New team members at Acme Corp find the InsightBoard admin console confusing at first.,neutral,0.7922548069088161,3,"ORDINAL,ORG",the InsightBoard admin console,onboarding,1
1680,2026-04-03,Hooli,Startup,MetricHub,bug,negative,MetricHub's new filter feature crashes the app when we select more than 5 tags.,negative,0.8796970943181684,2,"CARDINAL,ORG",MetricHub's new filter feature,unknown,5
1681,2025-12-01,Massive Dynamic,Enterprise,QuickReport,support,negative,Opened a ticket about QuickReport five days ago and still no response from support.,negative,0.7367195099860478,2,"DATE,ORG",still no response,support,6
1682,2026-03-13,Wayne Analytics,SMB,FlowPilot,billing,negative,Getting a refund for the FlowPilot overcharge took three weeks. Very frustrating billing process.,negative,0.8515634727305043,2,"DATE,ORG",Very frustrating billing process,billing,3
1683,2026-07-19,Hooli,SMB,FlowPilot,feature_request,neutral,It would help Hooli a lot if FlowPilot supported bulk export to Excel.,neutral,0.9271695509285238,3,"ORG,PERSON,PRODUCT",bulk export,bug,7
1684,2026-06-06,Initech,SMB,DataSync Pro,billing,negative,The invoice for DataSync Pro doesn't match our contract pricing -- billing needs to fix this ASAP.,negative,0.8724593560081184,1,ORG,our contract pricing,billing,3
1685,2026-08-16,Stark Data Systems,Startup,InsightBoard,performance,negative,"Dashboard loads take over 30 seconds in InsightBoard, this is unacceptable for Stark Data Systems's reporting needs.",negative,0.7816278025088613,4,"ORG,PERSON,TIME",Stark Data Systems's reporting needs,unknown,3
1686,2026-03-14,Wayne Analytics,Startup,DataSync Pro,feature_request,neutral,Any plans to add SSO support to DataSync Pro? We'd need that to expand usage at Wayne Analytics.,neutral,0.7866520174173676,2,ORG,Wayne Analytics,unknown,2
1687,2026-02-21,Umbrella Labs,Enterprise,FlowPilot,feature_request,neutral,Would love to see a dark mode added to FlowPilot in a future release.,neutral,0.7772544021112159,1,ORG,a future release,unknown,4
1688,2026-06-15,Initech,SMB,QuickReport,feature_request,neutral,Any plans to add SSO support to QuickReport? We'd need that to expand usage at Initech.,neutral,0.6777620810214028,3,ORG,SSO support,support,2
1689,2026-06-22,Stark Data Systems,Startup,QuickReport,feature_request,neutral,Would love to see a dark mode added to QuickReport in a future release.,neutral,0.7180881484446326,1,ORG,a future release,unknown,4
1690,2026-07-23,Initech,Enterprise,DataSync Pro,praise,positive,Support resolved our DataSync Pro issue within the hour -- great experience overall.,positive,0.9274944164591788,2,"ORG,TIME",our DataSync Pro issue,bug,6
1691,2025-12-14,Cyberdyne Systems,Startup,DataSync Pro,bug,negative,DataSync Pro's new filter feature crashes the app when we select more than 5 tags.,negative,0.9016175535663691,1,CARDINAL,DataSync Pro's new filter feature,bug,5
1692,2026-05-22,Stark Data Systems,Startup,InsightBoard,performance,negative,"Dashboard loads take over 30 seconds in InsightBoard, this is unacceptable for Stark Data Systems's reporting needs.",negative,0.7816278025088613,4,"ORG,PERSON,TIME",Stark Data Systems's reporting needs,unknown,3
1693,2025-10-04,Stark Data Systems,Startup,FlowPilot,bug,negative,Data sync between FlowPilot and our CRM has been dropping records intermittently.,negative,0.7266052827531411,2,"ORG,PRODUCT",Data sync,bug,0
1694,2026-08-07,Wayne Analytics,SMB,QuickReport,feature_request,neutral,Any plans to add SSO support to QuickReport? We'd need that to expand usage at Wayne Analytics.,neutral,0.7858944886470116,3,ORG,Wayne Analytics,unknown,2
1695,2026-04-01,Stark Data Systems,Enterprise,DataSync Pro,feature_request,neutral,It would help Stark Data Systems a lot if DataSync Pro supported bulk export to Excel.,neutral,0.7843169933224262,2,"ORG,PRODUCT",Stark Data Systems,unknown,0
1696,2026-07-10,Hooli,SMB,MetricHub,billing,negative,We were double-charged for MetricHub this month and support at Hooli has been slow to respond.,negative,0.8556208161351995,3,"DATE,GPE,ORG",We,unknown,6
1697,2025-11-23,Acme Corp,SMB,QuickReport,feature_request,neutral,It would help Acme Corp a lot if QuickReport supported bulk export to Excel.,neutral,0.8299669365152624,3,"ORG,PRODUCT",bulk export,bug,7
1698,2025-10-15,Massive Dynamic,Startup,QuickReport,performance,negative,"QuickReport has been timing out constantly since the last update, our team at Massive Dynamic can't get work done.",negative,0.8434189650263173,2,ORG,the last update,unknown,7
1699,2026-08-06,Acme Corp,Enterprise,QuickReport,onboarding,neutral,The onboarding docs for QuickReport are a bit outdated but our team at Acme Corp figured it out eventually.,neutral,0.6286782957229862,2,ORG,The onboarding docs,onboarding,0
1700,2026-07-20,Stark Data Systems,SMB,FlowPilot,praise,positive,Support resolved our FlowPilot issue within the hour -- great experience overall.,positive,0.9539029363686076,2,"ORG,TIME",our FlowPilot issue,unknown,6
1701,2025-10-13,Acme Corp,SMB,DataSync Pro,billing,negative,Getting a refund for the DataSync Pro overcharge took three weeks. Very frustrating billing process.,negative,0.7815169718618963,2,"DATE,ORG",Very frustrating billing process,billing,3
1702,2026-06-08,Globex Inc,Enterprise,InsightBoard,billing,negative,The invoice for InsightBoard doesn't match our contract pricing -- billing needs to fix this ASAP.,negative,0.7444367890345324,2,ORG,our contract pricing,billing,3
1703,2026-01-25,Globex Inc,Enterprise,DataSync Pro,bug,negative,DataSync Pro's new filter feature crashes the app when we select more than 5 tags.,negative,0.9016175535663691,1,CARDINAL,DataSync Pro's new filter feature,bug,5
1704,2025-12-17,Cyberdyne Systems,Enterprise,DataSync Pro,billing,negative,Getting a refund for the DataSync Pro overcharge took three weeks. Very frustrating billing process.,negative,0.7815169718618963,2,"DATE,ORG",Very frustrating billing process,billing,3
1705,2026-09-09,Hooli,Startup,MetricHub,praise,positive,"MetricHub has completely streamlined reporting for Hooli, couldn't be happier with the results.",positive,0.9225126067898957,2,"ORG,PERSON",the results,unknown,3
1706,2026-02-12,Wayne Analytics,SMB,MetricHub,bug,negative,MetricHub's new filter feature crashes the app when we select more than 5 tags.,negative,0.8796970943181684,2,"CARDINAL,ORG",MetricHub's new filter feature,unknown,5
1707,2026-07-13,Wayne Analytics,SMB,QuickReport,feature_request,neutral,It would help Wayne Analytics a lot if QuickReport supported bulk export to Excel.,neutral,0.8413993717669636,3,"ORG,PERSON,PRODUCT",Wayne Analytics,unknown,7
1708,2026-09-04,Initech,SMB,InsightBoard,bug,neutral,Data sync between InsightBoard and our CRM has been dropping records intermittently.,negative,0.784861856413665,2,"ORG,PRODUCT",Data sync,bug,0
1709,2026-06-04,Hooli,Enterprise,QuickReport,billing,neutral,The invoice for QuickReport doesn't match our contract pricing -- billing needs to fix this ASAP.,negative,0.8224288397930526,2,ORG,our contract pricing,billing,3
1710,2026-06-22,Umbrella Labs,SMB,InsightBoard,praise,positive,"The new InsightBoard update is fantastic, our team at Umbrella Labs loves the redesigned interface.",positive,0.9038168296034553,2,ORG,The new InsightBoard update,unknown,7
1711,2025-12-01,Soylent Corp,Startup,FlowPilot,feature_request,neutral,It would help Soylent Corp a lot if FlowPilot supported bulk export to Excel.,neutral,0.876365881752019,3,"ORG,PRODUCT",Soylent Corp,unknown,7
1712,2026-09-24,Initech,Enterprise,InsightBoard,feature_request,neutral,It would help Initech a lot if InsightBoard supported bulk export to Excel.,neutral,0.7158753947692241,3,"NORP,ORG,PRODUCT",bulk export,bug,7
1713,2026-04-13,Massive Dynamic,Startup,QuickReport,support,negative,Support wait times for QuickReport have gotten noticeably worse this quarter.,negative,0.8542249179194534,2,"DATE,ORG",Support,support,6
1714,2026-04-22,Globex Inc,SMB,InsightBoard,feature_request,neutral,Any plans to add SSO support to InsightBoard? We'd need that to expand usage at Globex Inc.,neutral,0.749175720671133,3,ORG,SSO support,support,2
1715,2025-12-23,Hooli,Startup,InsightBoard,praise,positive,"InsightBoard has completely streamlined reporting for Hooli, couldn't be happier with the results.",positive,0.9338699079896697,2,"ORG,PERSON",the results,unknown,3
1716,2025-11-16,Cyberdyne Systems,Enterprise,MetricHub,performance,negative,We're seeing frequent 500 errors in MetricHub during peak hours.,negative,0.8753164810198771,2,"CARDINAL,ORG",frequent 500 errors,performance,7
1717,2025-11-15,Stark Data Systems,SMB,MetricHub,praise,positive,"MetricHub has completely streamlined reporting for Stark Data Systems, couldn't be happier with the results.",positive,0.9482251323777046,2,ORG,Stark Data Systems,unknown,0
1718,2025-12-06,Soylent Corp,Enterprise,QuickReport,billing,negative,The invoice for QuickReport doesn't match our contract pricing -- billing needs to fix this ASAP.,negative,0.8224288397930526,2,ORG,our contract pricing,billing,3
1719,2025-09-06,Globex Inc,Startup,FlowPilot,praise,positive,"FlowPilot has completely streamlined reporting for Globex Inc, couldn't be happier with the results.",positive,0.9293393183996105,2,"ORG,PERSON",the results,unknown,3
1720,2026-01-22,Stark Data Systems,Startup,QuickReport,support,negative,The support team at Stark Data Systems keeps closing our QuickReport tickets without actually resolving the issue.,negative,0.7300836513397778,2,ORG,our QuickReport tickets,support,6
1721,2026-07-24,Globex Inc,Startup,QuickReport,bug,negative,Data sync between QuickReport and our CRM has been dropping records intermittently.,negative,0.7272511563133593,2,"ORG,PRODUCT",Data sync,bug,0
1722,2026-09-20,Wayne Analytics,Startup,QuickReport,bug,negative,Found a bug in QuickReport where exported reports show the wrong currency symbol.,negative,0.8219647568914438,1,ORG,the wrong currency symbol,unknown,7
1723,2026-08-24,Wayne Analytics,Startup,FlowPilot,billing,negative,Getting a refund for the FlowPilot overcharge took three weeks. Very frustrating billing process.,negative,0.8515634727305043,2,"DATE,ORG",Very frustrating billing process,billing,3
1724,2025-12-09,Soylent Corp,Enterprise,FlowPilot,feature_request,neutral,It would help Soylent Corp a lot if FlowPilot supported bulk export to Excel.,neutral,0.876365881752019,3,"ORG,PRODUCT",Soylent Corp,unknown,7
1725,2026-02-24,Globex Inc,Enterprise,DataSync Pro,billing,negative,The invoice for DataSync Pro doesn't match our contract pricing -- billing needs to fix this ASAP.,negative,0.8724593560081184,1,ORG,our contract pricing,billing,3
1726,2025-11-28,Globex Inc,SMB,MetricHub,onboarding,neutral,The onboarding docs for MetricHub are a bit outdated but our team at Globex Inc figured it out eventually.,neutral,0.7339632085525053,2,"FAC,ORG",The onboarding docs,onboarding,0
1727,2025-09-19,Cyberdyne Systems,SMB,DataSync Pro,support,negative,The support team at Cyberdyne Systems keeps closing our DataSync Pro tickets without actually resolving the issue.,negative,0.8795980843730453,2,ORG,our DataSync Pro tickets,support,6
1728,2026-09-12,Hooli,SMB,FlowPilot,onboarding,neutral,The onboarding docs for FlowPilot are a bit outdated but our team at Hooli figured it out eventually.,neutral,0.8138016885204851,2,"ORG,PERSON",The onboarding docs,onboarding,0
1729,2025-12-04,Soylent Corp,Startup,MetricHub,praise,positive,Support resolved our MetricHub issue within the hour -- great experience overall.,positive,0.9345933807860626,2,"ORG,TIME",our MetricHub issue,unknown,6
1730,2025-11-27,Soylent Corp,SMB,FlowPilot,bug,negative,Found a bug in FlowPilot where exported reports show the wrong currency symbol.,negative,0.8755854364546795,1,ORG,the wrong currency symbol,unknown,7
1731,2026-06-10,Massive Dynamic,Enterprise,FlowPilot,support,negative,Opened a ticket about FlowPilot five days ago and still no response from support.,negative,0.8021477738425319,2,"DATE,ORG",still no response,support,6
1732,2026-01-17,Initech,SMB,MetricHub,performance,negative,We're seeing frequent 500 errors in MetricHub during peak hours.,negative,0.8753164810198771,2,"CARDINAL,ORG",frequent 500 errors,performance,7
1733,2026-07-27,Stark Data Systems,SMB,MetricHub,feature_request,neutral,Would love to see a dark mode added to MetricHub in a future release.,neutral,0.6839478219854184,1,ORG,a future release,unknown,4
1734,2026-09-11,Stark Data Systems,Enterprise,FlowPilot,performance,negative,"Dashboard loads take over 30 seconds in FlowPilot, this is unacceptable for Stark Data Systems's reporting needs.",negative,0.8585231777453349,4,"ORG,PERSON,TIME",Stark Data Systems's reporting needs,unknown,3
1735,2026-08-02,Umbrella Labs,Startup,QuickReport,performance,negative,We're seeing frequent 500 errors in QuickReport during peak hours.,negative,0.8595937072106011,2,"CARDINAL,ORG",frequent 500 errors,performance,7
1736,2026-07-28,Massive Dynamic,SMB,FlowPilot,praise,positive,Support resolved our FlowPilot issue within the hour -- great experience overall.,positive,0.9539029363686076,2,"ORG,TIME",our FlowPilot issue,unknown,6
1737,2026-03-22,Soylent Corp,SMB,FlowPilot,performance,negative,"FlowPilot has been timing out constantly since the last update, our team at Soylent Corp can't get work done.",negative,0.8519047208098067,2,ORG,the last update,unknown,7
1738,2026-05-24,Hooli,Enterprise,FlowPilot,bug,negative,FlowPilot's new filter feature crashes the app when we select more than 5 tags.,negative,0.8849345975804095,2,"CARDINAL,ORG",FlowPilot's new filter feature,unknown,5
1739,2025-10-05,Umbrella Labs,SMB,MetricHub,support,negative,The support team at Umbrella Labs keeps closing our MetricHub tickets without actually resolving the issue.,negative,0.7882867461773894,2,ORG,our MetricHub tickets,support,6
1740,2026-07-06,Initech,SMB,InsightBoard,support,negative,Support wait times for InsightBoard have gotten noticeably worse this quarter.,negative,0.7973506347562989,2,"DATE,ORG",Support,support,6
1741,2025-11-07,Massive Dynamic,SMB,FlowPilot,onboarding,neutral,The onboarding docs for FlowPilot are a bit outdated but our team at Massive Dynamic figured it out eventually.,neutral,0.7949871951314783,2,ORG,The onboarding docs,onboarding,0
1742,2026-08-28,Umbrella Labs,SMB,DataSync Pro,performance,negative,We're seeing frequent 500 errors in DataSync Pro during peak hours.,negative,0.8848384183212116,2,"CARDINAL,ORG",frequent 500 errors,performance,7
1743,2026-07-27,Acme Corp,SMB,FlowPilot,onboarding,positive,The onboarding docs for FlowPilot are a bit outdated but our team at Acme Corp figured it out eventually.,neutral,0.6771302786333261,2,ORG,The onboarding docs,onboarding,0
1744,2025-11-02,Globex Inc,SMB,InsightBoard,performance,negative,"InsightBoard has been timing out constantly since the last update, our team at Globex Inc can't get work done.",negative,0.8314930093240201,2,"FAC,ORG",the last update,unknown,7
1745,2025-11-21,Wayne Analytics,SMB,MetricHub,billing,negative,Getting a refund for the MetricHub overcharge took three weeks. Very frustrating billing process.,negative,0.8401558883569069,2,"DATE,ORG",Very frustrating billing process,billing,3
1746,2025-12-13,Umbrella Labs,Enterprise,DataSync Pro,feature_request,neutral,It would help Umbrella Labs a lot if DataSync Pro supported bulk export to Excel.,neutral,0.8891140656089999,2,"ORG,PRODUCT",Umbrella Labs,unknown,7
1747,2026-08-13,Cyberdyne Systems,Startup,QuickReport,bug,negative,QuickReport's new filter feature crashes the app when we select more than 5 tags.,negative,0.8387219356211374,2,"CARDINAL,ORG",QuickReport's new filter feature,unknown,5
1748,2026-07-21,Massive Dynamic,SMB,FlowPilot,praise,positive,"FlowPilot has completely streamlined reporting for Massive Dynamic, couldn't be happier with the results.",positive,0.9413132765027721,2,"ORG,PERSON",Massive Dynamic,unknown,3
1749,2025-10-04,Initech,Enterprise,DataSync Pro,bug,negative,DataSync Pro's new filter feature crashes the app when we select more than 5 tags.,negative,0.9016175535663691,1,CARDINAL,DataSync Pro's new filter feature,bug,5
1750,2026-06-19,Soylent Corp,Enterprise,QuickReport,bug,negative,Data sync between QuickReport and our CRM has been dropping records intermittently.,negative,0.7272511563133593,2,"ORG,PRODUCT",Data sync,bug,0
1751,2025-11-13,Stark Data Systems,Startup,DataSync Pro,onboarding,neutral,"Setup for DataSync Pro took longer than expected, would be nice to have a clearer setup wizard.",neutral,0.6914222084479202,0,,a clearer setup wizard,onboarding,3
1752,2025-11-04,Hooli,Startup,InsightBoard,bug,neutral,Data sync between InsightBoard and our CRM has been dropping records intermittently.,negative,0.784861856413665,2,"ORG,PRODUCT",Data sync,bug,0
1753,2026-08-01,Soylent Corp,SMB,QuickReport,support,negative,Opened a ticket about QuickReport five days ago and still no response from support.,negative,0.7367195099860478,2,"DATE,ORG",still no response,support,6
1754,2025-10-17,Soylent Corp,SMB,MetricHub,bug,negative,Data sync between MetricHub and our CRM has been dropping records intermittently.,negative,0.7886467024435281,2,"ORG,PRODUCT",Data sync,bug,0
1755,2026-06-23,Umbrella Labs,Enterprise,DataSync Pro,praise,positive,"DataSync Pro has completely streamlined reporting for Umbrella Labs, couldn't be happier with the results.",positive,0.9005874066403431,1,ORG,Umbrella Labs,unknown,3
1756,2025-10-02,Soylent Corp,SMB,FlowPilot,performance,negative,"FlowPilot has been timing out constantly since the last update, our team at Soylent Corp can't get work done.",negative,0.8519047208098067,2,ORG,the last update,unknown,7
1757,2026-05-09,Umbrella Labs,Enterprise,QuickReport,performance,negative,We're seeing frequent 500 errors in QuickReport during peak hours.,negative,0.8595937072106011,2,"CARDINAL,ORG",frequent 500 errors,performance,7
1758,2026-01-12,Globex Inc,Startup,DataSync Pro,praise,positive,"DataSync Pro has completely streamlined reporting for Globex Inc, couldn't be happier with the results.",positive,0.9185474861546067,1,PERSON,DataSync Pro,bug,3
1759,2026-01-02,Hooli,Enterprise,DataSync Pro,onboarding,neutral,The onboarding docs for DataSync Pro are a bit outdated but our team at Hooli figured it out eventually.,neutral,0.8286237228997907,1,PERSON,The onboarding docs,onboarding,0
1760,2026-06-16,Soylent Corp,Enterprise,FlowPilot,onboarding,neutral,"Setup for FlowPilot took longer than expected, would be nice to have a clearer setup wizard.",neutral,0.712107551866232,1,ORG,a clearer setup wizard,onboarding,3
1761,2026-05-17,Soylent Corp,Startup,InsightBoard,feature_request,positive,It would help Soylent Corp a lot if InsightBoard supported bulk export to Excel.,neutral,0.796570612405483,3,"ORG,PRODUCT",Soylent Corp,unknown,7
1762,2025-09-07,Globex Inc,Enterprise,DataSync Pro,performance,negative,We're seeing frequent 500 errors in DataSync Pro during peak hours.,negative,0.8848384183212116,2,"CARDINAL,ORG",frequent 500 errors,performance,7
1763,2026-05-07,Umbrella Labs,Startup,QuickReport,performance,negative,"Dashboard loads take over 30 seconds in QuickReport, this is unacceptable for Umbrella Labs's reporting needs.",negative,0.8488415940008635,4,"ORG,PERSON,TIME",Umbrella Labs's reporting needs,unknown,3
1764,2026-06-14,Stark Data Systems,Startup,QuickReport,onboarding,neutral,"Setup for QuickReport took longer than expected, would be nice to have a clearer setup wizard.",neutral,0.8864772034004458,1,ORG,a clearer setup wizard,onboarding,3
1765,2026-07-06,Stark Data Systems,SMB,InsightBoard,billing,negative,Getting a refund for the InsightBoard overcharge took three weeks. Very frustrating billing process.,negative,0.8123642772218876,2,"DATE,ORG",Very frustrating billing process,billing,3
1766,2026-03-23,Globex Inc,Startup,InsightBoard,bug,negative,InsightBoard's new filter feature crashes the app when we select more than 5 tags.,negative,0.8749854429887887,2,"CARDINAL,ORG",InsightBoard's new filter feature,unknown,5
1767,2026-08-09,Umbrella Labs,Startup,DataSync Pro,performance,negative,We're seeing frequent 500 errors in DataSync Pro during peak hours.,negative,0.8848384183212116,2,"CARDINAL,ORG",frequent 500 errors,performance,7
1768,2026-07-21,Umbrella Labs,Startup,InsightBoard,feature_request,neutral,Any plans to add SSO support to InsightBoard? We'd need that to expand usage at Umbrella Labs.,neutral,0.8530252030538281,3,ORG,Umbrella Labs,unknown,2
1769,2026-09-14,Hooli,SMB,QuickReport,praise,positive,Support resolved our QuickReport issue within the hour -- great experience overall.,positive,0.9475530199403878,2,"ORG,TIME",our QuickReport issue,unknown,6
1770,2026-01-04,Cyberdyne Systems,Enterprise,QuickReport,bug,neutral,Found a bug in QuickReport where exported reports show the wrong currency symbol.,negative,0.8219647568914438,1,ORG,the wrong currency symbol,unknown,7
1771,2026-02-21,Soylent Corp,Enterprise,FlowPilot,onboarding,neutral,The onboarding docs for FlowPilot are a bit outdated but our team at Soylent Corp figured it out eventually.,neutral,0.7157892237803316,2,ORG,The onboarding docs,onboarding,0
1772,2026-09-08,Wayne Analytics,Enterprise,InsightBoard,billing,negative,The invoice for InsightBoard doesn't match our contract pricing -- billing needs to fix this ASAP.,negative,0.7444367890345324,2,ORG,our contract pricing,billing,3
1773,2026-03-04,Globex Inc,Enterprise,FlowPilot,support,negative,Opened a ticket about FlowPilot five days ago and still no response from support.,negative,0.8021477738425319,2,"DATE,ORG",still no response,support,6
1774,2026-01-19,Acme Corp,Startup,MetricHub,praise,positive,"MetricHub has completely streamlined reporting for Acme Corp, couldn't be happier with the results.",positive,0.9040838017051773,2,ORG,the results,unknown,3
1775,2026-08-19,Globex Inc,SMB,MetricHub,praise,positive,MetricHub just works. Rock solid uptime and the Globex Inc team is very satisfied.,positive,0.9368295653759097,1,ORG,the Globex Inc team,unknown,0
1776,2025-10-02,Soylent Corp,Startup,InsightBoard,praise,positive,"The new InsightBoard update is fantastic, our team at Soylent Corp loves the redesigned interface.",positive,0.9109954074664586,2,ORG,The new InsightBoard update,unknown,7
1777,2026-09-24,Hooli,SMB,QuickReport,performance,negative,"Dashboard loads take over 30 seconds in QuickReport, this is unacceptable for Hooli's reporting needs.",negative,0.7334435368637123,4,"ORG,PERSON,TIME",Hooli's reporting needs,unknown,3
1778,2026-04-19,Soylent Corp,SMB,MetricHub,feature_request,neutral,Any plans to add SSO support to MetricHub? We'd need that to expand usage at Soylent Corp.,neutral,0.8702963035969542,3,ORG,Soylent Corp.,unknown,2
1779,2025-11-22,Initech,Startup,MetricHub,performance,negative,"Dashboard loads take over 30 seconds in MetricHub, this is unacceptable for Initech's reporting needs.",negative,0.7297888286003961,4,"ORG,PERSON,TIME",Initech's reporting needs,unknown,3
1780,2026-01-02,Hooli,Startup,MetricHub,performance,negative,"MetricHub has been timing out constantly since the last update, our team at Hooli can't get work done.",negative,0.814052387856696,2,"GPE,ORG",the last update,unknown,7
1781,2026-06-14,Wayne Analytics,Startup,QuickReport,feature_request,neutral,Any plans to add SSO support to QuickReport? We'd need that to expand usage at Wayne Analytics.,neutral,0.7858944886470116,3,ORG,Wayne Analytics,unknown,2
1782,2026-09-15,Acme Corp,SMB,FlowPilot,feature_request,neutral,It would help Acme Corp a lot if FlowPilot supported bulk export to Excel.,neutral,0.9191847167324061,3,"ORG,PRODUCT",bulk export,bug,7
1783,2026-08-27,Stark Data Systems,Startup,FlowPilot,onboarding,neutral,"Setup for FlowPilot took longer than expected, would be nice to have a clearer setup wizard.",neutral,0.712107551866232,1,ORG,a clearer setup wizard,onboarding,3
1784,2026-09-11,Globex Inc,SMB,InsightBoard,performance,negative,"Dashboard loads take over 30 seconds in InsightBoard, this is unacceptable for Globex Inc's reporting needs.",negative,0.8007621987502942,4,"ORG,PERSON,TIME",Globex Inc's reporting needs,unknown,3
1785,2025-12-03,Globex Inc,Startup,DataSync Pro,praise,positive,"DataSync Pro has completely streamlined reporting for Globex Inc, couldn't be happier with the results.",positive,0.9185474861546067,1,PERSON,DataSync Pro,bug,3
1786,2026-01-18,Initech,Startup,DataSync Pro,performance,negative,We're seeing frequent 500 errors in DataSync Pro during peak hours.,negative,0.8848384183212116,2,"CARDINAL,ORG",frequent 500 errors,performance,7
1787,2025-11-16,Hooli,Startup,MetricHub,bug,negative,Found a bug in MetricHub where exported reports show the wrong currency symbol.,negative,0.8149342942734071,1,ORG,the wrong currency symbol,unknown,7
1788,2025-09-20,Soylent Corp,SMB,DataSync Pro,bug,negative,Data sync between DataSync Pro and our CRM has been dropping records intermittently.,negative,0.8603474287724876,1,PRODUCT,DataSync Pro,bug,0
1789,2026-05-24,Initech,Startup,FlowPilot,performance,negative,We're seeing frequent 500 errors in FlowPilot during peak hours.,negative,0.8245280845059025,2,"CARDINAL,ORG",frequent 500 errors,performance,7
1790,2026-06-15,Soylent Corp,Enterprise,MetricHub,support,negative,Opened a ticket about MetricHub five days ago and still no response from support.,negative,0.8502571486942204,2,"DATE,ORG",still no response,support,6
1791,2025-10-12,Soylent Corp,Enterprise,QuickReport,performance,negative,We're seeing frequent 500 errors in QuickReport during peak hours.,negative,0.8595937072106011,2,"CARDINAL,ORG",frequent 500 errors,performance,7
1792,2026-03-16,Soylent Corp,Enterprise,InsightBoard,praise,positive,Support resolved our InsightBoard issue within the hour -- great experience overall.,positive,0.9114717590129222,2,"ORG,TIME",our InsightBoard issue,unknown,6
1793,2026-07-08,Wayne Analytics,SMB,DataSync Pro,bug,negative,Found a bug in DataSync Pro where exported reports show the wrong currency symbol.,negative,0.8318813149023164,0,,the wrong currency symbol,unknown,7
1794,2026-01-09,Stark Data Systems,SMB,InsightBoard,praise,positive,"InsightBoard has completely streamlined reporting for Stark Data Systems, couldn't be happier with the results.",positive,0.9558588907252935,2,ORG,Stark Data Systems,unknown,0
1795,2026-01-21,Cyberdyne Systems,Enterprise,FlowPilot,performance,negative,"FlowPilot has been timing out constantly since the last update, our team at Cyberdyne Systems can't get work done.",negative,0.8909485126122276,2,ORG,Cyberdyne Systems,unknown,7
1796,2025-09-12,Massive Dynamic,SMB,MetricHub,onboarding,neutral,The onboarding docs for MetricHub are a bit outdated but our team at Massive Dynamic figured it out eventually.,neutral,0.7132856240534987,2,ORG,The onboarding docs,onboarding,0
1797,2026-02-04,Massive Dynamic,SMB,InsightBoard,billing,negative,Getting a refund for the InsightBoard overcharge took three weeks. Very frustrating billing process.,negative,0.8123642772218876,2,"DATE,ORG",Very frustrating billing process,billing,3
1798,2025-09-04,Acme Corp,SMB,FlowPilot,billing,negative,The invoice for FlowPilot doesn't match our contract pricing -- billing needs to fix this ASAP.,negative,0.8332377145867494,2,ORG,our contract pricing,billing,3
1799,2026-05-05,Umbrella Labs,Startup,DataSync Pro,bug,negative,DataSync Pro's new filter feature crashes the app when we select more than 5 tags.,negative,0.9016175535663691,1,CARDINAL,DataSync Pro's new filter feature,bug,5
1800,2026-09-22,Massive Dynamic,Enterprise,DataSync Pro,bug,negative,Found a bug in DataSync Pro where exported reports show the wrong currency symbol.,negative,0.8318813149023164,0,,the wrong currency symbol,unknown,7
1801,2026-01-12,Massive Dynamic,SMB,FlowPilot,support,negative,Opened a ticket about FlowPilot five days ago and still no response from support.,negative,0.8021477738425319,2,"DATE,ORG",still no response,support,6
1802,2026-04-22,Soylent Corp,Enterprise,InsightBoard,bug,neutral,Found a bug in InsightBoard where exported reports show the wrong currency symbol.,negative,0.6628158991728411,1,ORG,the wrong currency symbol,unknown,7
1803,2026-08-14,Acme Corp,SMB,QuickReport,praise,neutral,QuickReport just works. Rock solid uptime and the Acme Corp team is very satisfied.,positive,0.8453363509212668,2,ORG,the Acme Corp team,unknown,0
1804,2026-01-02,Umbrella Labs,Enterprise,DataSync Pro,billing,negative,The invoice for DataSync Pro doesn't match our contract pricing -- billing needs to fix this ASAP.,negative,0.8724593560081184,1,ORG,our contract pricing,billing,3
1805,2025-11-22,Hooli,Enterprise,InsightBoard,performance,negative,"Dashboard loads take over 30 seconds in InsightBoard, this is unacceptable for Hooli's reporting needs.",negative,0.5901390493871517,4,"ORG,PERSON,TIME",Hooli's reporting needs,unknown,3
1806,2026-04-18,Stark Data Systems,SMB,DataSync Pro,performance,negative,"Dashboard loads take over 30 seconds in DataSync Pro, this is unacceptable for Stark Data Systems's reporting needs.",negative,0.8947525472990431,3,"ORG,PERSON,TIME",Stark Data Systems's reporting needs,unknown,3
1807,2026-05-24,Acme Corp,SMB,InsightBoard,bug,negative,Data sync between InsightBoard and our CRM has been dropping records intermittently.,negative,0.784861856413665,2,"ORG,PRODUCT",Data sync,bug,0
1808,2026-09-01,Acme Corp,Enterprise,DataSync Pro,feature_request,neutral,It would help Acme Corp a lot if DataSync Pro supported bulk export to Excel.,neutral,0.899634218444131,2,"ORG,PRODUCT",DataSync Pro,bug,7
1809,2026-09-22,Wayne Analytics,Enterprise,MetricHub,performance,negative,"MetricHub has been timing out constantly since the last update, our team at Wayne Analytics can't get work done.",negative,0.7432630669564958,2,ORG,the last update,unknown,7
1810,2026-08-01,Wayne Analytics,Startup,FlowPilot,performance,negative,"FlowPilot has been timing out constantly since the last update, our team at Wayne Analytics can't get work done.",negative,0.8403131376104407,2,ORG,the last update,unknown,7
1811,2025-10-25,Stark Data Systems,SMB,InsightBoard,bug,neutral,InsightBoard's new filter feature crashes the app when we select more than 5 tags.,negative,0.8749854429887887,2,"CARDINAL,ORG",InsightBoard's new filter feature,unknown,5
1812,2026-05-06,Cyberdyne Systems,Startup,QuickReport,bug,negative,Found a bug in QuickReport where exported reports show the wrong currency symbol.,negative,0.8219647568914438,1,ORG,the wrong currency symbol,unknown,7
1813,2025-12-22,Globex Inc,Startup,InsightBoard,performance,negative,"Dashboard loads take over 30 seconds in InsightBoard, this is unacceptable for Globex Inc's reporting needs.",negative,0.8007621987502942,4,"ORG,PERSON,TIME",Globex Inc's reporting needs,unknown,3
1814,2026-09-26,Umbrella Labs,Startup,FlowPilot,praise,neutral,FlowPilot just works. Rock solid uptime and the Umbrella Labs team is very satisfied.,positive,0.904256193123285,2,ORG,the Umbrella Labs team,unknown,0
1815,2025-12-28,Soylent Corp,Enterprise,MetricHub,billing,negative,Getting a refund for the MetricHub overcharge took three weeks. Very frustrating billing process.,negative,0.8401558883569069,2,"DATE,ORG",Very frustrating billing process,billing,3
1816,2025-11-13,Acme Corp,Enterprise,QuickReport,onboarding,positive,New team members at Acme Corp find the QuickReport admin console confusing at first.,neutral,0.8149779655785662,3,"ORDINAL,ORG",the QuickReport admin console,onboarding,1
1817,2025-09-20,Umbrella Labs,SMB,QuickReport,billing,negative,The invoice for QuickReport doesn't match our contract pricing -- billing needs to fix this ASAP.,negative,0.8224288397930526,2,ORG,our contract pricing,billing,3
1818,2026-05-10,Initech,SMB,FlowPilot,performance,negative,"FlowPilot has been timing out constantly since the last update, our team at Initech can't get work done.",negative,0.8359300461449533,2,ORG,the last update,unknown,7
1819,2026-03-16,Umbrella Labs,SMB,QuickReport,feature_request,neutral,Any plans to add SSO support to QuickReport? We'd need that to expand usage at Umbrella Labs.,neutral,0.7494260824297941,3,ORG,Umbrella Labs,unknown,2
1820,2025-10-09,Hooli,SMB,DataSync Pro,billing,negative,Getting a refund for the DataSync Pro overcharge took three weeks. Very frustrating billing process.,negative,0.7815169718618963,2,"DATE,ORG",Very frustrating billing process,billing,3
1821,2026-02-02,Wayne Analytics,Enterprise,FlowPilot,support,negative,The support team at Wayne Analytics keeps closing our FlowPilot tickets without actually resolving the issue.,negative,0.7901687244772085,2,ORG,our FlowPilot tickets,support,6
1822,2026-08-11,Initech,Startup,DataSync Pro,performance,neutral,"DataSync Pro has been timing out constantly since the last update, our team at Initech can't get work done.",negative,0.796186387633413,1,ORG,the last update,unknown,7
1823,2025-10-14,Massive Dynamic,Startup,InsightBoard,performance,negative,"Dashboard loads take over 30 seconds in InsightBoard, this is unacceptable for Massive Dynamic's reporting needs.",negative,0.6227397572898034,4,"ORG,PERSON,TIME",Massive Dynamic's reporting needs,unknown,3
1824,2026-01-04,Massive Dynamic,SMB,InsightBoard,performance,negative,"Dashboard loads take over 30 seconds in InsightBoard, this is unacceptable for Massive Dynamic's reporting needs.",negative,0.6227397572898034,4,"ORG,PERSON,TIME",Massive Dynamic's reporting needs,unknown,3
1825,2026-02-12,Initech,Enterprise,MetricHub,billing,negative,Getting a refund for the MetricHub overcharge took three weeks. Very frustrating billing process.,negative,0.8401558883569069,2,"DATE,ORG",Very frustrating billing process,billing,3
1826,2026-02-08,Cyberdyne Systems,Startup,MetricHub,feature_request,neutral,It would help Cyberdyne Systems a lot if MetricHub supported bulk export to Excel.,neutral,0.8462670963772859,3,"ORG,PRODUCT",Cyberdyne Systems,unknown,7
1827,2025-10-04,Umbrella Labs,SMB,MetricHub,feature_request,neutral,It would help Umbrella Labs a lot if MetricHub supported bulk export to Excel.,neutral,0.8994715607922488,3,"ORG,PRODUCT",Umbrella Labs,unknown,7
1828,2026-06-21,Cyberdyne Systems,Enterprise,DataSync Pro,performance,negative,We're seeing frequent 500 errors in DataSync Pro during peak hours.,negative,0.8848384183212116,2,"CARDINAL,ORG",frequent 500 errors,performance,7
1829,2025-10-18,Umbrella Labs,Enterprise,FlowPilot,praise,positive,Support resolved our FlowPilot issue within the hour -- great experience overall.,positive,0.9539029363686076,2,"ORG,TIME",our FlowPilot issue,unknown,6
1830,2026-05-24,Stark Data Systems,Enterprise,FlowPilot,onboarding,positive,"Setup for FlowPilot took longer than expected, would be nice to have a clearer setup wizard.",neutral,0.712107551866232,1,ORG,a clearer setup wizard,onboarding,3
1831,2026-05-23,Acme Corp,SMB,QuickReport,performance,negative,"QuickReport has been timing out constantly since the last update, our team at Acme Corp can't get work done.",negative,0.8197711759589997,2,ORG,the last update,unknown,7
1832,2026-07-23,Wayne Analytics,SMB,InsightBoard,support,negative,Support wait times for InsightBoard have gotten noticeably worse this quarter.,negative,0.7973506347562989,2,"DATE,ORG",Support,support,6
1833,2026-05-17,Globex Inc,SMB,FlowPilot,billing,negative,The invoice for FlowPilot doesn't match our contract pricing -- billing needs to fix this ASAP.,negative,0.8332377145867494,2,ORG,our contract pricing,billing,3
1834,2026-08-05,Acme Corp,SMB,MetricHub,praise,positive,"MetricHub has completely streamlined reporting for Acme Corp, couldn't be happier with the results.",positive,0.9040838017051773,2,ORG,the results,unknown,3
1835,2025-12-24,Cyberdyne Systems,Startup,DataSync Pro,support,negative,Opened a ticket about DataSync Pro five days ago and still no response from support.,negative,0.7940451734504377,2,"DATE,PRODUCT",still no response,support,6
1836,2025-10-06,Massive Dynamic,Startup,MetricHub,praise,positive,MetricHub just works. Rock solid uptime and the Massive Dynamic team is very satisfied.,positive,0.8292007338457063,2,ORG,the Massive Dynamic team,unknown,0
1837,2026-03-20,Hooli,SMB,MetricHub,bug,negative,Data sync between MetricHub and our CRM has been dropping records intermittently.,negative,0.7886467024435281,2,"ORG,PRODUCT",Data sync,bug,0
1838,2026-06-07,Acme Corp,Enterprise,DataSync Pro,support,negative,Opened a ticket about DataSync Pro five days ago and still no response from support.,negative,0.7940451734504377,2,"DATE,PRODUCT",still no response,support,6
1839,2026-05-23,Initech,SMB,MetricHub,onboarding,neutral,New team members at Initech find the MetricHub admin console confusing at first.,neutral,0.8752901348560591,3,"ORDINAL,ORG",the MetricHub admin console,onboarding,1
1840,2026-01-23,Stark Data Systems,Enterprise,InsightBoard,feature_request,neutral,Any plans to add SSO support to InsightBoard? We'd need that to expand usage at Stark Data Systems.,neutral,0.7792673228581151,3,ORG,Stark Data Systems,unknown,2
1841,2025-09-18,Globex Inc,Enterprise,QuickReport,support,negative,Support wait times for QuickReport have gotten noticeably worse this quarter.,negative,0.8542249179194534,2,"DATE,ORG",Support,support,6
1842,2025-11-09,Initech,SMB,QuickReport,performance,negative,"Dashboard loads take over 30 seconds in QuickReport, this is unacceptable for Initech's reporting needs.",negative,0.7646395505537025,4,"ORG,PERSON,TIME",Initech's reporting needs,unknown,3
1843,2025-10-01,Umbrella Labs,Startup,QuickReport,praise,neutral,"QuickReport has completely streamlined reporting for Umbrella Labs, couldn't be happier with the results.",positive,0.9058537192410805,2,ORG,Umbrella Labs,unknown,3
1844,2025-10-23,Cyberdyne Systems,SMB,InsightBoard,feature_request,neutral,It would help Cyberdyne Systems a lot if InsightBoard supported bulk export to Excel.,neutral,0.7783835244896699,3,"ORG,PRODUCT",Cyberdyne Systems,unknown,7
1845,2026-01-11,Acme Corp,Startup,FlowPilot,onboarding,positive,"Setup for FlowPilot took longer than expected, would be nice to have a clearer setup wizard.",neutral,0.712107551866232,1,ORG,a clearer setup wizard,onboarding,3
1846,2026-08-09,Initech,Enterprise,InsightBoard,billing,negative,Getting a refund for the InsightBoard overcharge took three weeks. Very frustrating billing process.,negative,0.8123642772218876,2,"DATE,ORG",Very frustrating billing process,billing,3
1847,2026-09-25,Initech,Startup,MetricHub,performance,negative,"Dashboard loads take over 30 seconds in MetricHub, this is unacceptable for Initech's reporting needs.",negative,0.7297888286003961,4,"ORG,PERSON,TIME",Initech's reporting needs,unknown,3
1848,2026-07-20,Hooli,Startup,InsightBoard,onboarding,neutral,The onboarding docs for InsightBoard are a bit outdated but our team at Hooli figured it out eventually.,neutral,0.6865908043155281,2,"ORG,PERSON",The onboarding docs,onboarding,0
1849,2026-01-07,Massive Dynamic,SMB,QuickReport,onboarding,neutral,The onboarding docs for QuickReport are a bit outdated but our team at Massive Dynamic figured it out eventually.,neutral,0.7618817804452667,2,ORG,The onboarding docs,onboarding,0
1850,2025-12-24,Hooli,SMB,QuickReport,onboarding,neutral,New team members at Hooli find the QuickReport admin console confusing at first.,neutral,0.9278166470179702,3,"GPE,ORDINAL,ORG",the QuickReport admin console,onboarding,1
1851,2025-10-16,Wayne Analytics,SMB,QuickReport,feature_request,neutral,It would help Wayne Analytics a lot if QuickReport supported bulk export to Excel.,neutral,0.8413993717669636,3,"ORG,PERSON,PRODUCT",Wayne Analytics,unknown,7
1852,2026-06-16,Acme Corp,Enterprise,QuickReport,performance,negative,"Dashboard loads take over 30 seconds in QuickReport, this is unacceptable for Acme Corp's reporting needs.",negative,0.8625548730462702,4,"ORG,PERSON,TIME",Acme Corp's reporting needs,unknown,3
1853,2025-11-06,Stark Data Systems,SMB,DataSync Pro,feature_request,neutral,Would love to see a dark mode added to DataSync Pro in a future release.,neutral,0.7402102656028492,1,PRODUCT,a future release,unknown,4
1854,2025-11-03,Cyberdyne Systems,Enterprise,QuickReport,praise,positive,QuickReport just works. Rock solid uptime and the Cyberdyne Systems team is very satisfied.,positive,0.8972259862297669,2,ORG,the Cyberdyne Systems team,unknown,0
1855,2026-08-17,Massive Dynamic,Enterprise,FlowPilot,bug,negative,Found a bug in FlowPilot where exported reports show the wrong currency symbol.,negative,0.8755854364546795,1,ORG,the wrong currency symbol,unknown,7
1856,2026-03-13,Initech,Enterprise,MetricHub,performance,negative,We're seeing frequent 500 errors in MetricHub during peak hours.,negative,0.8753164810198771,2,"CARDINAL,ORG",frequent 500 errors,performance,7
1857,2025-12-25,Initech,Enterprise,DataSync Pro,billing,negative,We were double-charged for DataSync Pro this month and support at Initech has been slow to respond.,negative,0.7452053305413355,2,"DATE,ORG",DataSync Pro,bug,6
1858,2026-09-01,Acme Corp,Enterprise,MetricHub,billing,negative,The invoice for MetricHub doesn't match our contract pricing -- billing needs to fix this ASAP.,negative,0.7850364647255685,2,ORG,our contract pricing,billing,3
1859,2025-10-07,Soylent Corp,Startup,InsightBoard,praise,positive,"InsightBoard has completely streamlined reporting for Soylent Corp, couldn't be happier with the results.",positive,0.9427405381405338,2,ORG,Soylent Corp,unknown,3
1860,2026-01-11,Cyberdyne Systems,Enterprise,FlowPilot,performance,negative,"Dashboard loads take over 30 seconds in FlowPilot, this is unacceptable for Cyberdyne Systems's reporting needs.",negative,0.8881092046901278,4,"ORG,PERSON,TIME",Cyberdyne Systems's reporting needs,unknown,3
1861,2026-08-09,Umbrella Labs,Startup,DataSync Pro,bug,negative,Found a bug in DataSync Pro where exported reports show the wrong currency symbol.,negative,0.8318813149023164,0,,the wrong currency symbol,unknown,7
1862,2025-10-18,Globex Inc,Enterprise,DataSync Pro,feature_request,neutral,Any plans to add SSO support to DataSync Pro? We'd need that to expand usage at Globex Inc.,neutral,0.5973899004717605,2,ORG,DataSync Pro,bug,2
1863,2025-09-08,Soylent Corp,Enterprise,FlowPilot,support,negative,Opened a ticket about FlowPilot five days ago and still no response from support.,negative,0.8021477738425319,2,"DATE,ORG",still no response,support,6
1864,2026-02-21,Hooli,Enterprise,FlowPilot,billing,negative,We were double-charged for FlowPilot this month and support at Hooli has been slow to respond.,negative,0.7831878701727044,3,"DATE,GPE,ORG",We,unknown,6
1865,2025-11-04,Hooli,SMB,DataSync Pro,support,negative,Opened a ticket about DataSync Pro five days ago and still no response from support.,negative,0.7940451734504377,2,"DATE,PRODUCT",still no response,support,6
1866,2026-06-11,Stark Data Systems,Enterprise,InsightBoard,performance,negative,"InsightBoard has been timing out constantly since the last update, our team at Stark Data Systems can't get work done.",negative,0.8027047667432899,2,ORG,Stark Data Systems,unknown,7
1867,2025-11-06,Globex Inc,Startup,DataSync Pro,billing,negative,The invoice for DataSync Pro doesn't match our contract pricing -- billing needs to fix this ASAP.,negative,0.8724593560081184,1,ORG,our contract pricing,billing,3
1868,2026-07-14,Wayne Analytics,Enterprise,MetricHub,bug,negative,Data sync between MetricHub and our CRM has been dropping records intermittently.,negative,0.7886467024435281,2,"ORG,PRODUCT",Data sync,bug,0
1869,2026-02-04,Stark Data Systems,SMB,MetricHub,performance,neutral,We're seeing frequent 500 errors in MetricHub during peak hours.,negative,0.8753164810198771,2,"CARDINAL,ORG",frequent 500 errors,performance,7
1870,2026-09-03,Wayne Analytics,Startup,InsightBoard,support,negative,The support team at Wayne Analytics keeps closing our InsightBoard tickets without actually resolving the issue.,negative,0.7980846088791216,2,ORG,our InsightBoard tickets,support,6
1871,2025-11-13,Acme Corp,SMB,QuickReport,praise,positive,"QuickReport has completely streamlined reporting for Acme Corp, couldn't be happier with the results.",positive,0.9147442270200419,2,ORG,the results,unknown,3
1872,2026-06-14,Massive Dynamic,Enterprise,DataSync Pro,bug,neutral,Data sync between DataSync Pro and our CRM has been dropping records intermittently.,negative,0.8603474287724876,1,PRODUCT,DataSync Pro,bug,0
1873,2025-11-06,Acme Corp,SMB,DataSync Pro,feature_request,neutral,It would help Acme Corp a lot if DataSync Pro supported bulk export to Excel.,neutral,0.899634218444131,2,"ORG,PRODUCT",DataSync Pro,bug,7
1874,2026-03-16,Wayne Analytics,SMB,InsightBoard,praise,positive,InsightBoard just works. Rock solid uptime and the Wayne Analytics team is very satisfied.,positive,0.9082188243819256,1,ORG,the Wayne Analytics team,unknown,0
1875,2026-09-21,Cyberdyne Systems,Enterprise,InsightBoard,feature_request,neutral,It would help Cyberdyne Systems a lot if InsightBoard supported bulk export to Excel.,neutral,0.7783835244896699,3,"ORG,PRODUCT",Cyberdyne Systems,unknown,7
1876,2026-05-18,Hooli,SMB,MetricHub,performance,negative,"Dashboard loads take over 30 seconds in MetricHub, this is unacceptable for Hooli's reporting needs.",negative,0.6961607696584413,4,"ORG,PERSON,TIME",Hooli's reporting needs,unknown,3
1877,2025-10-19,Soylent Corp,SMB,QuickReport,bug,negative,Data sync between QuickReport and our CRM has been dropping records intermittently.,negative,0.7272511563133593,2,"ORG,PRODUCT",Data sync,bug,0
1878,2026-09-24,Soylent Corp,Startup,MetricHub,feature_request,neutral,It would help Soylent Corp a lot if MetricHub supported bulk export to Excel.,neutral,0.860603832824942,3,"ORG,PRODUCT",Soylent Corp,unknown,7
1879,2025-09-07,Globex Inc,SMB,QuickReport,performance,negative,We're seeing frequent 500 errors in QuickReport during peak hours.,negative,0.8595937072106011,2,"CARDINAL,ORG",frequent 500 errors,performance,7
1880,2025-11-04,Wayne Analytics,SMB,MetricHub,praise,positive,"MetricHub has completely streamlined reporting for Wayne Analytics, couldn't be happier with the results.",positive,0.8412433837979731,2,"ORG,PERSON",Wayne Analytics,unknown,3
1881,2026-04-05,Wayne Analytics,SMB,QuickReport,billing,negative,The invoice for QuickReport doesn't match our contract pricing -- billing needs to fix this ASAP.,negative,0.8224288397930526,2,ORG,our contract pricing,billing,3
1882,2025-09-24,Umbrella Labs,Enterprise,QuickReport,praise,neutral,QuickReport just works. Rock solid uptime and the Umbrella Labs team is very satisfied.,positive,0.8695967473781355,2,ORG,the Umbrella Labs team,unknown,0
1883,2025-09-23,Acme Corp,Startup,FlowPilot,performance,negative,"FlowPilot has been timing out constantly since the last update, our team at Acme Corp can't get work done.",negative,0.8517443850847379,2,ORG,the last update,unknown,7
1884,2026-06-03,Initech,Startup,DataSync Pro,bug,negative,DataSync Pro's new filter feature crashes the app when we select more than 5 tags.,negative,0.9016175535663691,1,CARDINAL,DataSync Pro's new filter feature,bug,5
1885,2026-02-05,Acme Corp,Enterprise,DataSync Pro,bug,negative,Data sync between DataSync Pro and our CRM has been dropping records intermittently.,negative,0.8603474287724876,1,PRODUCT,DataSync Pro,bug,0
1886,2026-03-05,Globex Inc,Startup,DataSync Pro,billing,negative,We were double-charged for DataSync Pro this month and support at Globex Inc has been slow to respond.,negative,0.8194971955333811,2,"DATE,FAC",DataSync Pro,bug,6
1887,2026-05-23,Massive Dynamic,Startup,QuickReport,praise,positive,Support resolved our QuickReport issue within the hour -- great experience overall.,positive,0.9475530199403878,2,"ORG,TIME",our QuickReport issue,unknown,6
1888,2026-09-21,Hooli,SMB,InsightBoard,support,negative,The support team at Hooli keeps closing our InsightBoard tickets without actually resolving the issue.,negative,0.8554523747737718,2,"GPE,ORG",our InsightBoard tickets,support,6
1889,2025-09-21,Stark Data Systems,Enterprise,DataSync Pro,feature_request,neutral,Would love to see a dark mode added to DataSync Pro in a future release.,neutral,0.7402102656028492,1,PRODUCT,a future release,unknown,4
1890,2025-09-13,Acme Corp,Enterprise,MetricHub,billing,negative,Getting a refund for the MetricHub overcharge took three weeks. Very frustrating billing process.,negative,0.8401558883569069,2,"DATE,ORG",Very frustrating billing process,billing,3
1891,2026-01-19,Massive Dynamic,Startup,MetricHub,praise,positive,MetricHub just works. Rock solid uptime and the Massive Dynamic team is very satisfied.,positive,0.8292007338457063,2,ORG,the Massive Dynamic team,unknown,0
1892,2026-01-03,Umbrella Labs,Enterprise,FlowPilot,onboarding,neutral,"Setup for FlowPilot took longer than expected, would be nice to have a clearer setup wizard.",neutral,0.712107551866232,1,ORG,a clearer setup wizard,onboarding,3
1893,2026-06-02,Acme Corp,SMB,QuickReport,onboarding,neutral,"Setup for QuickReport took longer than expected, would be nice to have a clearer setup wizard.",neutral,0.8864772034004458,1,ORG,a clearer setup wizard,onboarding,3
1894,2025-10-27,Acme Corp,Startup,MetricHub,performance,negative,"Dashboard loads take over 30 seconds in MetricHub, this is unacceptable for Acme Corp's reporting needs.",negative,0.8372013063678925,4,"ORG,PERSON,TIME",Acme Corp's reporting needs,unknown,3
1895,2026-07-13,Massive Dynamic,Startup,InsightBoard,feature_request,neutral,It would help Massive Dynamic a lot if InsightBoard supported bulk export to Excel.,neutral,0.6637235040830592,3,"ORG,PERSON,PRODUCT",Massive Dynamic,unknown,7
1896,2026-07-14,Acme Corp,SMB,DataSync Pro,praise,positive,DataSync Pro just works. Rock solid uptime and the Acme Corp team is very satisfied.,positive,0.8539071596597401,1,ORG,the Acme Corp team,unknown,0
1897,2026-02-20,Globex Inc,Enterprise,DataSync Pro,performance,negative,"Dashboard loads take over 30 seconds in DataSync Pro, this is unacceptable for Globex Inc's reporting needs.",negative,0.912366526094095,3,"PERSON,TIME",Globex Inc's reporting needs,unknown,3
1898,2025-11-18,Initech,SMB,QuickReport,praise,positive,"The new QuickReport update is fantastic, our team at Initech loves the redesigned interface.",positive,0.9039129776686874,2,"NORP,ORG",The new QuickReport update,unknown,7
1899,2026-09-10,Umbrella Labs,Enterprise,MetricHub,billing,negative,We were double-charged for MetricHub this month and support at Umbrella Labs has been slow to respond.,negative,0.817438683998529,3,"DATE,ORG",Umbrella Labs,unknown,6
1900,2026-01-03,Umbrella Labs,Enterprise,DataSync Pro,performance,negative,We're seeing frequent 500 errors in DataSync Pro during peak hours.,negative,0.8848384183212116,2,"CARDINAL,ORG",frequent 500 errors,performance,7
1901,2025-09-02,Initech,SMB,MetricHub,onboarding,neutral,New team members at Initech find the MetricHub admin console confusing at first.,neutral,0.8752901348560591,3,"ORDINAL,ORG",the MetricHub admin console,onboarding,1
1902,2026-09-10,Stark Data Systems,SMB,DataSync Pro,support,neutral,Opened a ticket about DataSync Pro five days ago and still no response from support.,negative,0.7940451734504377,2,"DATE,PRODUCT",still no response,support,6
1903,2026-08-12,Umbrella Labs,SMB,InsightBoard,bug,negative,Data sync between InsightBoard and our CRM has been dropping records intermittently.,negative,0.784861856413665,2,"ORG,PRODUCT",Data sync,bug,0
1904,2026-08-17,Globex Inc,SMB,InsightBoard,performance,negative,We're seeing frequent 500 errors in InsightBoard during peak hours.,negative,0.6515610966645977,2,"CARDINAL,ORG",frequent 500 errors,performance,7
1905,2026-09-13,Acme Corp,Startup,DataSync Pro,billing,negative,Getting a refund for the DataSync Pro overcharge took three weeks. Very frustrating billing process.,negative,0.7815169718618963,2,"DATE,ORG",Very frustrating billing process,billing,3
1906,2025-11-22,Initech,Enterprise,InsightBoard,bug,negative,Data sync between InsightBoard and our CRM has been dropping records intermittently.,negative,0.784861856413665,2,"ORG,PRODUCT",Data sync,bug,0
1907,2026-09-22,Globex Inc,Enterprise,QuickReport,bug,negative,Found a bug in QuickReport where exported reports show the wrong currency symbol.,negative,0.8219647568914438,1,ORG,the wrong currency symbol,unknown,7
1908,2026-08-20,Acme Corp,Startup,MetricHub,feature_request,neutral,Would love to see a dark mode added to MetricHub in a future release.,neutral,0.6839478219854184,1,ORG,a future release,unknown,4
1909,2026-02-10,Wayne Analytics,Enterprise,FlowPilot,feature_request,neutral,Any plans to add SSO support to FlowPilot? We'd need that to expand usage at Wayne Analytics.,neutral,0.8062704163476249,3,ORG,Wayne Analytics,unknown,2
1910,2026-09-22,Hooli,Startup,DataSync Pro,support,negative,Support wait times for DataSync Pro have gotten noticeably worse this quarter.,negative,0.8144527305273883,1,DATE,DataSync Pro,bug,6
1911,2025-10-05,Umbrella Labs,Startup,MetricHub,bug,negative,Found a bug in MetricHub where exported reports show the wrong currency symbol.,negative,0.8149342942734071,1,ORG,the wrong currency symbol,unknown,7
1912,2025-11-25,Massive Dynamic,Enterprise,DataSync Pro,onboarding,neutral,New team members at Massive Dynamic find the DataSync Pro admin console confusing at first.,neutral,0.8359601021769499,3,"ORDINAL,ORG",the DataSync Pro admin console,bug,1
1913,2025-10-15,Soylent Corp,SMB,DataSync Pro,praise,positive,"The new DataSync Pro update is fantastic, our team at Soylent Corp loves the redesigned interface.",positive,0.8337205965422404,2,ORG,The new DataSync Pro update,bug,7
1914,2026-01-19,Stark Data Systems,Enterprise,QuickReport,support,negative,Opened a ticket about QuickReport five days ago and still no response from support.,negative,0.7367195099860478,2,"DATE,ORG",still no response,support,6
1915,2026-08-25,Globex Inc,Enterprise,DataSync Pro,support,negative,The support team at Globex Inc keeps closing our DataSync Pro tickets without actually resolving the issue.,negative,0.9046585756860582,2,"FAC,ORG",our DataSync Pro tickets,support,6
1916,2026-07-05,Massive Dynamic,SMB,InsightBoard,bug,negative,InsightBoard's new filter feature crashes the app when we select more than 5 tags.,negative,0.8749854429887887,2,"CARDINAL,ORG",InsightBoard's new filter feature,unknown,5
1917,2026-01-13,Massive Dynamic,SMB,DataSync Pro,billing,negative,Getting a refund for the DataSync Pro overcharge took three weeks. Very frustrating billing process.,negative,0.7815169718618963,2,"DATE,ORG",Very frustrating billing process,billing,3
1918,2026-05-28,Acme Corp,SMB,FlowPilot,bug,negative,Data sync between FlowPilot and our CRM has been dropping records intermittently.,negative,0.7266052827531411,2,"ORG,PRODUCT",Data sync,bug,0
1919,2026-03-17,Wayne Analytics,Startup,DataSync Pro,onboarding,neutral,"Setup for DataSync Pro took longer than expected, would be nice to have a clearer setup wizard.",neutral,0.6914222084479202,0,,a clearer setup wizard,onboarding,3
1920,2025-09-24,Initech,Startup,MetricHub,bug,negative,MetricHub's new filter feature crashes the app when we select more than 5 tags.,negative,0.8796970943181684,2,"CARDINAL,ORG",MetricHub's new filter feature,unknown,5
1921,2025-10-10,Soylent Corp,Enterprise,DataSync Pro,praise,positive,Support resolved our DataSync Pro issue within the hour -- great experience overall.,positive,0.9274944164591788,2,"ORG,TIME",our DataSync Pro issue,bug,6
1922,2025-12-13,Cyberdyne Systems,Enterprise,FlowPilot,bug,negative,Found a bug in FlowPilot where exported reports show the wrong currency symbol.,negative,0.8755854364546795,1,ORG,the wrong currency symbol,unknown,7
1923,2026-04-21,Globex Inc,SMB,InsightBoard,praise,positive,InsightBoard just works. Rock solid uptime and the Globex Inc team is very satisfied.,positive,0.93147695341852,1,ORG,the Globex Inc team,unknown,0
1924,2026-08-04,Globex Inc,Enterprise,DataSync Pro,onboarding,neutral,"Setup for DataSync Pro took longer than expected, would be nice to have a clearer setup wizard.",neutral,0.6914222084479202,0,,a clearer setup wizard,onboarding,3
1925,2025-10-11,Umbrella Labs,SMB,FlowPilot,bug,negative,FlowPilot's new filter feature crashes the app when we select more than 5 tags.,negative,0.8849345975804095,2,"CARDINAL,ORG",FlowPilot's new filter feature,unknown,5
1926,2026-08-16,Massive Dynamic,Startup,QuickReport,support,negative,Support wait times for QuickReport have gotten noticeably worse this quarter.,negative,0.8542249179194534,2,"DATE,ORG",Support,support,6
1927,2025-11-16,Massive Dynamic,Startup,DataSync Pro,billing,negative,The invoice for DataSync Pro doesn't match our contract pricing -- billing needs to fix this ASAP.,negative,0.8724593560081184,1,ORG,our contract pricing,billing,3
1928,2025-09-20,Umbrella Labs,Startup,InsightBoard,performance,neutral,We're seeing frequent 500 errors in InsightBoard during peak hours.,negative,0.6515610966645977,2,"CARDINAL,ORG",frequent 500 errors,performance,7
1929,2026-04-07,Initech,SMB,InsightBoard,praise,positive,InsightBoard just works. Rock solid uptime and the Initech team is very satisfied.,positive,0.9342825378244276,2,"NORP,ORG",Rock solid uptime,praise,0
1930,2026-01-21,Initech,SMB,FlowPilot,billing,negative,We were double-charged for FlowPilot this month and support at Initech has been slow to respond.,negative,0.7572734325166581,3,"DATE,ORG",We,unknown,6
1931,2026-03-03,Acme Corp,SMB,DataSync Pro,performance,negative,"DataSync Pro has been timing out constantly since the last update, our team at Acme Corp can't get work done.",negative,0.8169990110589191,1,ORG,the last update,unknown,7
1932,2025-12-22,Massive Dynamic,Startup,FlowPilot,support,negative,Support wait times for FlowPilot have gotten noticeably worse this quarter.,negative,0.8773696561949629,2,"DATE,ORG",Support,support,6
1933,2026-02-25,Initech,SMB,DataSync Pro,support,neutral,Opened a ticket about DataSync Pro five days ago and still no response from support.,negative,0.7940451734504377,2,"DATE,PRODUCT",still no response,support,6
1934,2026-04-16,Umbrella Labs,SMB,InsightBoard,support,neutral,Opened a ticket about InsightBoard five days ago and still no response from support.,negative,0.7276515661837327,2,"DATE,ORG",still no response,support,6
1935,2026-08-19,Acme Corp,SMB,FlowPilot,onboarding,neutral,New team members at Acme Corp find the FlowPilot admin console confusing at first.,neutral,0.8220811249898684,3,"ORDINAL,ORG",the FlowPilot admin console,onboarding,1
1936,2025-10-24,Soylent Corp,Enterprise,MetricHub,bug,negative,Found a bug in MetricHub where exported reports show the wrong currency symbol.,negative,0.8149342942734071,1,ORG,the wrong currency symbol,unknown,7
1937,2026-07-27,Cyberdyne Systems,SMB,QuickReport,feature_request,neutral,Any plans to add SSO support to QuickReport? We'd need that to expand usage at Cyberdyne Systems.,neutral,0.7338141891769839,3,ORG,Cyberdyne Systems,unknown,2
1938,2026-04-05,Wayne Analytics,Enterprise,DataSync Pro,feature_request,neutral,Any plans to add SSO support to DataSync Pro? We'd need that to expand usage at Wayne Analytics.,neutral,0.7866520174173676,2,ORG,Wayne Analytics,unknown,2
1939,2026-05-24,Globex Inc,SMB,FlowPilot,bug,negative,FlowPilot's new filter feature crashes the app when we select more than 5 tags.,negative,0.8849345975804095,2,"CARDINAL,ORG",FlowPilot's new filter feature,unknown,5
1940,2026-06-04,Acme Corp,Startup,FlowPilot,billing,negative,The invoice for FlowPilot doesn't match our contract pricing -- billing needs to fix this ASAP.,negative,0.8332377145867494,2,ORG,our contract pricing,billing,3
1941,2026-05-25,Umbrella Labs,Startup,FlowPilot,billing,neutral,We were double-charged for FlowPilot this month and support at Umbrella Labs has been slow to respond.,negative,0.7347678262505969,3,"DATE,ORG",Umbrella Labs,unknown,6
1942,2025-12-07,Hooli,SMB,QuickReport,performance,negative,We're seeing frequent 500 errors in QuickReport during peak hours.,negative,0.8595937072106011,2,"CARDINAL,ORG",frequent 500 errors,performance,7
1943,2025-09-10,Initech,SMB,InsightBoard,feature_request,neutral,Any plans to add SSO support to InsightBoard? We'd need that to expand usage at Initech.,neutral,0.8113774485889487,3,ORG,SSO support,support,2
1944,2026-04-14,Globex Inc,Startup,FlowPilot,support,negative,Support wait times for FlowPilot have gotten noticeably worse this quarter.,negative,0.8773696561949629,2,"DATE,ORG",Support,support,6
1945,2026-05-25,Wayne Analytics,SMB,MetricHub,bug,negative,MetricHub's new filter feature crashes the app when we select more than 5 tags.,negative,0.8796970943181684,2,"CARDINAL,ORG",MetricHub's new filter feature,unknown,5
1946,2026-02-06,Acme Corp,SMB,FlowPilot,support,negative,Opened a ticket about FlowPilot five days ago and still no response from support.,negative,0.8021477738425319,2,"DATE,ORG",still no response,support,6
1947,2026-03-10,Acme Corp,SMB,MetricHub,onboarding,positive,New team members at Acme Corp find the MetricHub admin console confusing at first.,neutral,0.8920606879010751,3,"ORDINAL,ORG",the MetricHub admin console,onboarding,1
1948,2025-10-26,Stark Data Systems,Enterprise,MetricHub,praise,positive,MetricHub just works. Rock solid uptime and the Stark Data Systems team is very satisfied.,positive,0.9457982025081504,2,ORG,the Stark Data Systems team,unknown,0
1949,2026-03-04,Globex Inc,Startup,DataSync Pro,praise,positive,"DataSync Pro has completely streamlined reporting for Globex Inc, couldn't be happier with the results.",positive,0.9185474861546067,1,PERSON,DataSync Pro,bug,3
1950,2026-07-15,Cyberdyne Systems,Enterprise,MetricHub,bug,neutral,Data sync between MetricHub and our CRM has been dropping records intermittently.,negative,0.7886467024435281,2,"ORG,PRODUCT",Data sync,bug,0
1951,2025-12-08,Initech,SMB,InsightBoard,onboarding,neutral,New team members at Initech find the InsightBoard admin console confusing at first.,neutral,0.8478795195431472,3,"ORDINAL,ORG",the InsightBoard admin console,onboarding,1
1952,2025-12-28,Soylent Corp,Enterprise,FlowPilot,praise,positive,FlowPilot just works. Rock solid uptime and the Soylent Corp team is very satisfied.,positive,0.9240404508635313,2,ORG,the Soylent Corp team,unknown,0
1953,2026-07-23,Wayne Analytics,SMB,FlowPilot,bug,negative,Found a bug in FlowPilot where exported reports show the wrong currency symbol.,negative,0.8755854364546795,1,ORG,the wrong currency symbol,unknown,7
1954,2026-05-10,Initech,Enterprise,InsightBoard,praise,neutral,InsightBoard just works. Rock solid uptime and the Initech team is very satisfied.,positive,0.9342825378244276,2,"NORP,ORG",Rock solid uptime,praise,0
1955,2026-07-08,Stark Data Systems,SMB,InsightBoard,support,neutral,Support wait times for InsightBoard have gotten noticeably worse this quarter.,negative,0.7973506347562989,2,"DATE,ORG",Support,support,6
1956,2025-11-26,Initech,Enterprise,DataSync Pro,billing,negative,The invoice for DataSync Pro doesn't match our contract pricing -- billing needs to fix this ASAP.,negative,0.8724593560081184,1,ORG,our contract pricing,billing,3
1957,2025-11-19,Cyberdyne Systems,SMB,InsightBoard,support,negative,Support wait times for InsightBoard have gotten noticeably worse this quarter.,negative,0.7973506347562989,2,"DATE,ORG",Support,support,6
1958,2026-06-21,Soylent Corp,Enterprise,FlowPilot,bug,negative,Found a bug in FlowPilot where exported reports show the wrong currency symbol.,negative,0.8755854364546795,1,ORG,the wrong currency symbol,unknown,7
1959,2026-07-13,Cyberdyne Systems,Enterprise,FlowPilot,bug,negative,Found a bug in FlowPilot where exported reports show the wrong currency symbol.,negative,0.8755854364546795,1,ORG,the wrong currency symbol,unknown,7
1960,2025-11-14,Hooli,Startup,InsightBoard,feature_request,positive,Would love to see a dark mode added to InsightBoard in a future release.,neutral,0.834952071949089,1,ORG,a future release,unknown,4
1961,2026-07-19,Acme Corp,Enterprise,MetricHub,performance,negative,"MetricHub has been timing out constantly since the last update, our team at Acme Corp can't get work done.",negative,0.7582934114284989,2,ORG,the last update,unknown,7
1962,2026-02-07,Stark Data Systems,Enterprise,MetricHub,praise,positive,MetricHub just works. Rock solid uptime and the Stark Data Systems team is very satisfied.,positive,0.9457982025081504,2,ORG,the Stark Data Systems team,unknown,0
1963,2026-07-25,Initech,Enterprise,FlowPilot,billing,negative,We were double-charged for FlowPilot this month and support at Initech has been slow to respond.,negative,0.7572734325166581,3,"DATE,ORG",We,unknown,6
1964,2026-05-03,Initech,Startup,MetricHub,onboarding,neutral,The onboarding docs for MetricHub are a bit outdated but our team at Initech figured it out eventually.,neutral,0.632331193844235,2,ORG,The onboarding docs,onboarding,0
1965,2026-07-21,Initech,SMB,QuickReport,onboarding,neutral,"Setup for QuickReport took longer than expected, would be nice to have a clearer setup wizard.",neutral,0.8864772034004458,1,ORG,a clearer setup wizard,onboarding,3
1966,2025-12-10,Acme Corp,Startup,QuickReport,praise,positive,"The new QuickReport update is fantastic, our team at Acme Corp loves the redesigned interface.",positive,0.8958831634997098,2,ORG,The new QuickReport update,unknown,7
1967,2026-07-02,Umbrella Labs,SMB,FlowPilot,performance,negative,We're seeing frequent 500 errors in FlowPilot during peak hours.,negative,0.8245280845059025,2,"CARDINAL,ORG",frequent 500 errors,performance,7
1968,2026-06-28,Acme Corp,Startup,DataSync Pro,support,negative,Opened a ticket about DataSync Pro five days ago and still no response from support.,negative,0.7940451734504377,2,"DATE,PRODUCT",still no response,support,6
1969,2025-10-05,Massive Dynamic,Enterprise,MetricHub,billing,negative,We were double-charged for MetricHub this month and support at Massive Dynamic has been slow to respond.,negative,0.8828867919992802,3,"DATE,ORG",Massive Dynamic,unknown,6
1970,2026-04-28,Acme Corp,Enterprise,DataSync Pro,support,negative,The support team at Acme Corp keeps closing our DataSync Pro tickets without actually resolving the issue.,negative,0.8634908753590524,2,ORG,our DataSync Pro tickets,support,6
1971,2026-09-01,Hooli,SMB,DataSync Pro,support,negative,Opened a ticket about DataSync Pro five days ago and still no response from support.,negative,0.7940451734504377,2,"DATE,PRODUCT",still no response,support,6
1972,2026-07-14,Massive Dynamic,Enterprise,DataSync Pro,bug,negative,Found a bug in DataSync Pro where exported reports show the wrong currency symbol.,negative,0.8318813149023164,0,,the wrong currency symbol,unknown,7
1973,2026-01-01,Massive Dynamic,Enterprise,QuickReport,bug,negative,QuickReport's new filter feature crashes the app when we select more than 5 tags.,negative,0.8387219356211374,2,"CARDINAL,ORG",QuickReport's new filter feature,unknown,5
1974,2025-10-11,Cyberdyne Systems,Enterprise,MetricHub,performance,negative,We're seeing frequent 500 errors in MetricHub during peak hours.,negative,0.8753164810198771,2,"CARDINAL,ORG",frequent 500 errors,performance,7
1975,2025-09-06,Cyberdyne Systems,Startup,MetricHub,support,neutral,The support team at Cyberdyne Systems keeps closing our MetricHub tickets without actually resolving the issue.,negative,0.7747209247528823,2,ORG,our MetricHub tickets,support,6
1976,2026-06-01,Stark Data Systems,Enterprise,DataSync Pro,onboarding,neutral,New team members at Stark Data Systems find the DataSync Pro admin console confusing at first.,neutral,0.784626965386158,3,"ORDINAL,ORG",the DataSync Pro admin console,bug,1
1977,2025-12-28,Soylent Corp,Enterprise,MetricHub,onboarding,neutral,The onboarding docs for MetricHub are a bit outdated but our team at Soylent Corp figured it out eventually.,neutral,0.6125784058436401,2,ORG,The onboarding docs,onboarding,0
1978,2025-11-08,Umbrella Labs,SMB,DataSync Pro,support,negative,Opened a ticket about DataSync Pro five days ago and still no response from support.,negative,0.7940451734504377,2,"DATE,PRODUCT",still no response,support,6
1979,2026-04-07,Acme Corp,SMB,InsightBoard,billing,negative,Getting a refund for the InsightBoard overcharge took three weeks. Very frustrating billing process.,negative,0.8123642772218876,2,"DATE,ORG",Very frustrating billing process,billing,3
1980,2026-08-26,Soylent Corp,SMB,InsightBoard,billing,neutral,The invoice for InsightBoard doesn't match our contract pricing -- billing needs to fix this ASAP.,negative,0.7444367890345324,2,ORG,our contract pricing,billing,3
1981,2026-01-06,Soylent Corp,Enterprise,FlowPilot,bug,negative,FlowPilot's new filter feature crashes the app when we select more than 5 tags.,negative,0.8849345975804095,2,"CARDINAL,ORG",FlowPilot's new filter feature,unknown,5
1982,2026-06-26,Stark Data Systems,Enterprise,FlowPilot,performance,negative,We're seeing frequent 500 errors in FlowPilot during peak hours.,negative,0.8245280845059025,2,"CARDINAL,ORG",frequent 500 errors,performance,7
1983,2026-04-14,Acme Corp,Startup,QuickReport,praise,neutral,"The new QuickReport update is fantastic, our team at Acme Corp loves the redesigned interface.",positive,0.8958831634997098,2,ORG,The new QuickReport update,unknown,7
1984,2026-06-04,Cyberdyne Systems,SMB,InsightBoard,bug,negative,InsightBoard's new filter feature crashes the app when we select more than 5 tags.,negative,0.8749854429887887,2,"CARDINAL,ORG",InsightBoard's new filter feature,unknown,5
1985,2026-02-12,Hooli,Startup,QuickReport,onboarding,neutral,"Setup for QuickReport took longer than expected, would be nice to have a clearer setup wizard.",neutral,0.8864772034004458,1,ORG,a clearer setup wizard,onboarding,3
1986,2026-05-09,Massive Dynamic,Enterprise,QuickReport,feature_request,neutral,Would love to see a dark mode added to QuickReport in a future release.,neutral,0.7180881484446326,1,ORG,a future release,unknown,4
1987,2026-05-12,Stark Data Systems,Startup,MetricHub,onboarding,neutral,"Setup for MetricHub took longer than expected, would be nice to have a clearer setup wizard.",neutral,0.7774885708471921,1,ORG,a clearer setup wizard,onboarding,3
1988,2026-03-26,Globex Inc,SMB,QuickReport,bug,neutral,Found a bug in QuickReport where exported reports show the wrong currency symbol.,negative,0.8219647568914438,1,ORG,the wrong currency symbol,unknown,7
1989,2026-07-12,Umbrella Labs,Enterprise,DataSync Pro,performance,negative,"Dashboard loads take over 30 seconds in DataSync Pro, this is unacceptable for Umbrella Labs's reporting needs.",negative,0.8861747216201045,3,"ORG,PERSON,TIME",Umbrella Labs's reporting needs,unknown,3
1990,2026-02-23,Wayne Analytics,Enterprise,DataSync Pro,support,negative,Opened a ticket about DataSync Pro five days ago and still no response from support.,negative,0.7940451734504377,2,"DATE,PRODUCT",still no response,support,6
1991,2026-06-26,Wayne Analytics,SMB,QuickReport,billing,negative,Getting a refund for the QuickReport overcharge took three weeks. Very frustrating billing process.,negative,0.8895528677098382,2,"DATE,ORG",Very frustrating billing process,billing,3
1992,2026-01-20,Soylent Corp,SMB,DataSync Pro,support,negative,Opened a ticket about DataSync Pro five days ago and still no response from support.,negative,0.7940451734504377,2,"DATE,PRODUCT",still no response,support,6
1993,2026-01-23,Umbrella Labs,Startup,DataSync Pro,performance,negative,We're seeing frequent 500 errors in DataSync Pro during peak hours.,negative,0.8848384183212116,2,"CARDINAL,ORG",frequent 500 errors,performance,7
1994,2026-03-22,Globex Inc,Startup,MetricHub,onboarding,neutral,New team members at Globex Inc find the MetricHub admin console confusing at first.,neutral,0.9213531988775896,3,"FAC,ORDINAL,ORG",the MetricHub admin console,onboarding,1
1995,2025-12-02,Wayne Analytics,Enterprise,InsightBoard,praise,positive,InsightBoard just works. Rock solid uptime and the Wayne Analytics team is very satisfied.,positive,0.9082188243819256,1,ORG,the Wayne Analytics team,unknown,0
1996,2026-03-04,Massive Dynamic,SMB,DataSync Pro,praise,neutral,DataSync Pro just works. Rock solid uptime and the Massive Dynamic team is very satisfied.,positive,0.7812258336113174,1,ORG,the Massive Dynamic team,unknown,0
1997,2026-06-13,Acme Corp,SMB,MetricHub,billing,negative,The invoice for MetricHub doesn't match our contract pricing -- billing needs to fix this ASAP.,negative,0.7850364647255685,2,ORG,our contract pricing,billing,3
1998,2026-07-26,Initech,Enterprise,InsightBoard,performance,neutral,We're seeing frequent 500 errors in InsightBoard during peak hours.,negative,0.6515610966645977,2,"CARDINAL,ORG",frequent 500 errors,performance,7
1999,2026-03-02,Massive Dynamic,Enterprise,InsightBoard,praise,positive,"InsightBoard has completely streamlined reporting for Massive Dynamic, couldn't be happier with the results.",positive,0.9394832700097424,2,"ORG,PERSON",Massive Dynamic,unknown,3
2000,2025-09-03,Initech,Startup,InsightBoard,onboarding,neutral,New team members at Initech find the InsightBoard admin console confusing at first.,neutral,0.8478795195431472,3,"ORDINAL,ORG",the InsightBoard admin console,onboarding,1
2001,2026-02-25,Hooli,SMB,InsightBoard,bug,negative,Found a bug in InsightBoard where exported reports show the wrong currency symbol.,negative,0.6628158991728411,1,ORG,the wrong currency symbol,unknown,7
2002,2026-04-20,Globex Inc,SMB,MetricHub,support,negative,The support team at Globex Inc keeps closing our MetricHub tickets without actually resolving the issue.,negative,0.8150690487641907,2,"FAC,ORG",our MetricHub tickets,support,6
2003,2026-07-04,Stark Data Systems,SMB,FlowPilot,billing,negative,The invoice for FlowPilot doesn't match our contract pricing -- billing needs to fix this ASAP.,negative,0.8332377145867494,2,ORG,our contract pricing,billing,3
2004,2025-12-02,Cyberdyne Systems,Enterprise,DataSync Pro,praise,positive,"The new DataSync Pro update is fantastic, our team at Cyberdyne Systems loves the redesigned interface.",positive,0.8563179761761129,2,ORG,The new DataSync Pro update,bug,7
2005,2026-08-24,Acme Corp,SMB,DataSync Pro,praise,positive,"DataSync Pro has completely streamlined reporting for Acme Corp, couldn't be happier with the results.",positive,0.90945883987772,1,ORG,DataSync Pro,bug,3
2006,2026-08-26,Acme Corp,Enterprise,DataSync Pro,bug,negative,Found a bug in DataSync Pro where exported reports show the wrong currency symbol.,negative,0.8318813149023164,0,,the wrong currency symbol,unknown,7
2007,2026-09-02,Initech,SMB,DataSync Pro,support,negative,Support wait times for DataSync Pro have gotten noticeably worse this quarter.,negative,0.8144527305273883,1,DATE,DataSync Pro,bug,6
2008,2026-02-23,Stark Data Systems,SMB,DataSync Pro,billing,negative,We were double-charged for DataSync Pro this month and support at Stark Data Systems has been slow to respond.,negative,0.7590427048703516,2,"DATE,ORG",Stark Data Systems,unknown,6
2009,2026-06-15,Stark Data Systems,Enterprise,QuickReport,onboarding,neutral,"Setup for QuickReport took longer than expected, would be nice to have a clearer setup wizard.",neutral,0.8864772034004458,1,ORG,a clearer setup wizard,onboarding,3
2010,2026-03-21,Wayne Analytics,Startup,QuickReport,billing,negative,We were double-charged for QuickReport this month and support at Wayne Analytics has been slow to respond.,negative,0.7814238666852352,3,"DATE,ORG",Wayne Analytics,unknown,6
2011,2025-12-19,Globex Inc,Startup,MetricHub,bug,negative,Data sync between MetricHub and our CRM has been dropping records intermittently.,negative,0.7886467024435281,2,"ORG,PRODUCT",Data sync,bug,0
2012,2026-09-24,Massive Dynamic,SMB,InsightBoard,bug,negative,Data sync between InsightBoard and our CRM has been dropping records intermittently.,negative,0.784861856413665,2,"ORG,PRODUCT",Data sync,bug,0
2013,2026-08-03,Globex Inc,SMB,InsightBoard,bug,negative,Found a bug in InsightBoard where exported reports show the wrong currency symbol.,negative,0.6628158991728411,1,ORG,the wrong currency symbol,unknown,7
2014,2025-10-03,Umbrella Labs,Startup,QuickReport,support,neutral,Support wait times for QuickReport have gotten noticeably worse this quarter.,negative,0.8542249179194534,2,"DATE,ORG",Support,support,6
2015,2025-12-15,Umbrella Labs,Startup,DataSync Pro,bug,negative,Found a bug in DataSync Pro where exported reports show the wrong currency symbol.,negative,0.8318813149023164,0,,the wrong currency symbol,unknown,7
2016,2026-02-07,Umbrella Labs,Enterprise,FlowPilot,praise,positive,FlowPilot just works. Rock solid uptime and the Umbrella Labs team is very satisfied.,positive,0.904256193123285,2,ORG,the Umbrella Labs team,unknown,0
2017,2025-11-28,Stark Data Systems,Startup,FlowPilot,praise,positive,"The new FlowPilot update is fantastic, our team at Stark Data Systems loves the redesigned interface.",positive,0.89200354113638,2,ORG,The new FlowPilot update,unknown,7
2018,2026-03-15,Acme Corp,SMB,QuickReport,onboarding,positive,The onboarding docs for QuickReport are a bit outdated but our team at Acme Corp figured it out eventually.,neutral,0.6286782957229862,2,ORG,The onboarding docs,onboarding,0
2019,2026-01-14,Hooli,Enterprise,QuickReport,praise,positive,Support resolved our QuickReport issue within the hour -- great experience overall.,positive,0.9475530199403878,2,"ORG,TIME",our QuickReport issue,unknown,6
2020,2025-10-05,Stark Data Systems,Startup,MetricHub,performance,negative,We're seeing frequent 500 errors in MetricHub during peak hours.,negative,0.8753164810198771,2,"CARDINAL,ORG",frequent 500 errors,performance,7
2021,2026-04-06,Globex Inc,Enterprise,QuickReport,bug,negative,Found a bug in QuickReport where exported reports show the wrong currency symbol.,negative,0.8219647568914438,1,ORG,the wrong currency symbol,unknown,7
2022,2026-02-09,Massive Dynamic,SMB,MetricHub,support,negative,Opened a ticket about MetricHub five days ago and still no response from support.,negative,0.8502571486942204,2,"DATE,ORG",still no response,support,6
2023,2025-12-05,Globex Inc,SMB,InsightBoard,billing,negative,Getting a refund for the InsightBoard overcharge took three weeks. Very frustrating billing process.,negative,0.8123642772218876,2,"DATE,ORG",Very frustrating billing process,billing,3
2024,2025-09-15,Hooli,SMB,MetricHub,bug,negative,Data sync between MetricHub and our CRM has been dropping records intermittently.,negative,0.7886467024435281,2,"ORG,PRODUCT",Data sync,bug,0
2025,2026-03-24,Globex Inc,Startup,DataSync Pro,support,negative,The support team at Globex Inc keeps closing our DataSync Pro tickets without actually resolving the issue.,negative,0.9046585756860582,2,"FAC,ORG",our DataSync Pro tickets,support,6
2026,2025-11-20,Stark Data Systems,SMB,QuickReport,bug,negative,Found a bug in QuickReport where exported reports show the wrong currency symbol.,negative,0.8219647568914438,1,ORG,the wrong currency symbol,unknown,7
2027,2026-03-04,Cyberdyne Systems,Startup,FlowPilot,support,negative,Support wait times for FlowPilot have gotten noticeably worse this quarter.,negative,0.8773696561949629,2,"DATE,ORG",Support,support,6
2028,2025-10-02,Umbrella Labs,Enterprise,DataSync Pro,feature_request,neutral,Would love to see a dark mode added to DataSync Pro in a future release.,neutral,0.7402102656028492,1,PRODUCT,a future release,unknown,4
2029,2026-05-04,Stark Data Systems,Enterprise,QuickReport,billing,negative,Getting a refund for the QuickReport overcharge took three weeks. Very frustrating billing process.,negative,0.8895528677098382,2,"DATE,ORG",Very frustrating billing process,billing,3
2030,2026-03-04,Cyberdyne Systems,SMB,FlowPilot,support,negative,Opened a ticket about FlowPilot five days ago and still no response from support.,negative,0.8021477738425319,2,"DATE,ORG",still no response,support,6
2031,2025-11-26,Stark Data Systems,Enterprise,FlowPilot,performance,neutral,We're seeing frequent 500 errors in FlowPilot during peak hours.,negative,0.8245280845059025,2,"CARDINAL,ORG",frequent 500 errors,performance,7
2032,2026-08-01,Stark Data Systems,SMB,MetricHub,performance,negative,"Dashboard loads take over 30 seconds in MetricHub, this is unacceptable for Stark Data Systems's reporting needs.",negative,0.8386862068186841,4,"ORG,PERSON,TIME",Stark Data Systems's reporting needs,unknown,3
2033,2026-08-10,Soylent Corp,SMB,MetricHub,billing,negative,We were double-charged for MetricHub this month and support at Soylent Corp has been slow to respond.,negative,0.9106377449619925,3,"DATE,ORG",Soylent Corp,unknown,6
2034,2025-10-06,Acme Corp,Startup,InsightBoard,praise,positive,Support resolved our InsightBoard issue within the hour -- great experience overall.,positive,0.9114717590129222,2,"ORG,TIME",our InsightBoard issue,unknown,6
2035,2026-07-16,Massive Dynamic,Enterprise,QuickReport,performance,negative,"Dashboard loads take over 30 seconds in QuickReport, this is unacceptable for Massive Dynamic's reporting needs.",negative,0.7527621388709435,4,"ORG,PERSON,TIME",Massive Dynamic's reporting needs,unknown,3
2036,2025-10-06,Initech,SMB,QuickReport,bug,negative,QuickReport's new filter feature crashes the app when we select more than 5 tags.,negative,0.8387219356211374,2,"CARDINAL,ORG",QuickReport's new filter feature,unknown,5
2037,2026-06-01,Cyberdyne Systems,SMB,InsightBoard,feature_request,neutral,Would love to see a dark mode added to InsightBoard in a future release.,neutral,0.834952071949089,1,ORG,a future release,unknown,4
2038,2025-09-19,Massive Dynamic,Enterprise,DataSync Pro,bug,negative,Found a bug in DataSync Pro where exported reports show the wrong currency symbol.,negative,0.8318813149023164,0,,the wrong currency symbol,unknown,7
2039,2025-11-25,Umbrella Labs,Startup,MetricHub,feature_request,neutral,It would help Umbrella Labs a lot if MetricHub supported bulk export to Excel.,neutral,0.8994715607922488,3,"ORG,PRODUCT",Umbrella Labs,unknown,7
2040,2026-02-15,Globex Inc,Startup,InsightBoard,performance,negative,"InsightBoard has been timing out constantly since the last update, our team at Globex Inc can't get work done.",negative,0.8314930093240201,2,"FAC,ORG",the last update,unknown,7
2041,2026-07-16,Wayne Analytics,SMB,MetricHub,bug,negative,Data sync between MetricHub and our CRM has been dropping records intermittently.,negative,0.7886467024435281,2,"ORG,PRODUCT",Data sync,bug,0
2042,2026-01-23,Massive Dynamic,SMB,DataSync Pro,support,negative,The support team at Massive Dynamic keeps closing our DataSync Pro tickets without actually resolving the issue.,negative,0.8650702435525846,2,ORG,our DataSync Pro tickets,support,6
2043,2026-01-22,Cyberdyne Systems,Enterprise,FlowPilot,support,negative,Support wait times for FlowPilot have gotten noticeably worse this quarter.,negative,0.8773696561949629,2,"DATE,ORG",Support,support,6
2044,2025-12-22,Initech,SMB,QuickReport,onboarding,positive,New team members at Initech find the QuickReport admin console confusing at first.,neutral,0.8597359123684755,3,"ORDINAL,ORG",the QuickReport admin console,onboarding,1
2045,2026-06-24,Massive Dynamic,Enterprise,DataSync Pro,performance,negative,"Dashboard loads take over 30 seconds in DataSync Pro, this is unacceptable for Massive Dynamic's reporting needs.",negative,0.8127506158488796,3,"ORG,PERSON,TIME",Massive Dynamic's reporting needs,unknown,3
2046,2025-10-07,Wayne Analytics,Startup,QuickReport,feature_request,neutral,It would help Wayne Analytics a lot if QuickReport supported bulk export to Excel.,neutral,0.8413993717669636,3,"ORG,PERSON,PRODUCT",Wayne Analytics,unknown,7
2047,2026-07-18,Globex Inc,Startup,InsightBoard,bug,negative,Data sync between InsightBoard and our CRM has been dropping records intermittently.,negative,0.784861856413665,2,"ORG,PRODUCT",Data sync,bug,0
2048,2026-02-11,Acme Corp,Startup,InsightBoard,bug,negative,Data sync between InsightBoard and our CRM has been dropping records intermittently.,negative,0.784861856413665,2,"ORG,PRODUCT",Data sync,bug,0
2049,2025-12-02,Hooli,SMB,InsightBoard,bug,negative,Data sync between InsightBoard and our CRM has been dropping records intermittently.,negative,0.784861856413665,2,"ORG,PRODUCT",Data sync,bug,0
2050,2026-03-26,Wayne Analytics,Enterprise,MetricHub,onboarding,neutral,New team members at Wayne Analytics find the MetricHub admin console confusing at first.,neutral,0.9339642571465125,3,"ORDINAL,ORG",the MetricHub admin console,onboarding,1
2051,2025-09-16,Wayne Analytics,Enterprise,InsightBoard,bug,negative,Data sync between InsightBoard and our CRM has been dropping records intermittently.,negative,0.784861856413665,2,"ORG,PRODUCT",Data sync,bug,0
2052,2026-01-20,Massive Dynamic,Startup,QuickReport,feature_request,neutral,Would love to see a dark mode added to QuickReport in a future release.,neutral,0.7180881484446326,1,ORG,a future release,unknown,4
2053,2026-01-03,Acme Corp,SMB,InsightBoard,onboarding,positive,New team members at Acme Corp find the InsightBoard admin console confusing at first.,neutral,0.7922548069088161,3,"ORDINAL,ORG",the InsightBoard admin console,onboarding,1
2054,2025-12-10,Initech,Enterprise,FlowPilot,praise,positive,"The new FlowPilot update is fantastic, our team at Initech loves the redesigned interface.",positive,0.8662094931813958,2,"NORP,ORG",The new FlowPilot update,unknown,7
2055,2025-09-14,Initech,SMB,FlowPilot,praise,positive,"FlowPilot has completely streamlined reporting for Initech, couldn't be happier with the results.",positive,0.9536026266668255,2,ORG,the results,unknown,3
2056,2025-11-12,Initech,SMB,DataSync Pro,support,neutral,Support wait times for DataSync Pro have gotten noticeably worse this quarter.,negative,0.8144527305273883,1,DATE,DataSync Pro,bug,6
2057,2026-08-09,Soylent Corp,Enterprise,QuickReport,support,negative,Support wait times for QuickReport have gotten noticeably worse this quarter.,negative,0.8542249179194534,2,"DATE,ORG",Support,support,6
2058,2025-10-10,Umbrella Labs,Startup,FlowPilot,performance,negative,We're seeing frequent 500 errors in FlowPilot during peak hours.,negative,0.8245280845059025,2,"CARDINAL,ORG",frequent 500 errors,performance,7
2059,2026-09-22,Massive Dynamic,Enterprise,InsightBoard,performance,negative,"InsightBoard has been timing out constantly since the last update, our team at Massive Dynamic can't get work done.",negative,0.8329229948562491,2,ORG,the last update,unknown,7
2060,2026-01-10,Hooli,Enterprise,FlowPilot,feature_request,neutral,It would help Hooli a lot if FlowPilot supported bulk export to Excel.,neutral,0.9271695509285238,3,"ORG,PERSON,PRODUCT",bulk export,bug,7
2061,2026-07-11,Acme Corp,SMB,MetricHub,onboarding,positive,"Setup for MetricHub took longer than expected, would be nice to have a clearer setup wizard.",neutral,0.7774885708471921,1,ORG,a clearer setup wizard,onboarding,3
2062,2026-03-18,Umbrella Labs,Enterprise,InsightBoard,praise,positive,Support resolved our InsightBoard issue within the hour -- great experience overall.,positive,0.9114717590129222,2,"ORG,TIME",our InsightBoard issue,unknown,6
2063,2026-06-21,Stark Data Systems,SMB,DataSync Pro,performance,negative,"Dashboard loads take over 30 seconds in DataSync Pro, this is unacceptable for Stark Data Systems's reporting needs.",negative,0.8947525472990431,3,"ORG,PERSON,TIME",Stark Data Systems's reporting needs,unknown,3
2064,2025-10-05,Acme Corp,SMB,FlowPilot,bug,negative,Data sync between FlowPilot and our CRM has been dropping records intermittently.,negative,0.7266052827531411,2,"ORG,PRODUCT",Data sync,bug,0
2065,2026-08-12,Wayne Analytics,Startup,MetricHub,onboarding,neutral,"Setup for MetricHub took longer than expected, would be nice to have a clearer setup wizard.",neutral,0.7774885708471921,1,ORG,a clearer setup wizard,onboarding,3
2066,2026-03-15,Hooli,SMB,FlowPilot,bug,negative,FlowPilot's new filter feature crashes the app when we select more than 5 tags.,negative,0.8849345975804095,2,"CARDINAL,ORG",FlowPilot's new filter feature,unknown,5
2067,2026-09-05,Initech,Enterprise,FlowPilot,billing,negative,Getting a refund for the FlowPilot overcharge took three weeks. Very frustrating billing process.,negative,0.8515634727305043,2,"DATE,ORG",Very frustrating billing process,billing,3
2068,2026-02-05,Umbrella Labs,Startup,MetricHub,onboarding,neutral,"Setup for MetricHub took longer than expected, would be nice to have a clearer setup wizard.",neutral,0.7774885708471921,1,ORG,a clearer setup wizard,onboarding,3
2069,2026-09-28,Cyberdyne Systems,Enterprise,InsightBoard,onboarding,neutral,New team members at Cyberdyne Systems find the InsightBoard admin console confusing at first.,neutral,0.8924317970069859,3,"ORDINAL,ORG",the InsightBoard admin console,onboarding,1
2070,2026-09-25,Hooli,SMB,DataSync Pro,bug,negative,Found a bug in DataSync Pro where exported reports show the wrong currency symbol.,negative,0.8318813149023164,0,,the wrong currency symbol,unknown,7
2071,2026-01-27,Initech,Enterprise,DataSync Pro,praise,positive,DataSync Pro just works. Rock solid uptime and the Initech team is very satisfied.,positive,0.9165476609466442,1,NORP,Rock solid uptime,praise,0
2072,2026-01-19,Wayne Analytics,Enterprise,MetricHub,feature_request,neutral,Would love to see a dark mode added to MetricHub in a future release.,neutral,0.6839478219854184,1,ORG,a future release,unknown,4
2073,2026-08-19,Wayne Analytics,Enterprise,DataSync Pro,bug,negative,Data sync between DataSync Pro and our CRM has been dropping records intermittently.,negative,0.8603474287724876,1,PRODUCT,DataSync Pro,bug,0
2074,2025-11-18,Initech,Startup,QuickReport,feature_request,neutral,Any plans to add SSO support to QuickReport? We'd need that to expand usage at Initech.,neutral,0.6777620810214028,3,ORG,SSO support,support,2
2075,2026-07-28,Acme Corp,Startup,QuickReport,feature_request,neutral,It would help Acme Corp a lot if QuickReport supported bulk export to Excel.,neutral,0.8299669365152624,3,"ORG,PRODUCT",bulk export,bug,7
2076,2026-06-23,Stark Data Systems,SMB,DataSync Pro,performance,negative,"Dashboard loads take over 30 seconds in DataSync Pro, this is unacceptable for Stark Data Systems's reporting needs.",negative,0.8947525472990431,3,"ORG,PERSON,TIME",Stark Data Systems's reporting needs,unknown,3
2077,2026-06-04,Globex Inc,Enterprise,DataSync Pro,performance,negative,"DataSync Pro has been timing out constantly since the last update, our team at Globex Inc can't get work done.",negative,0.8393463099732371,1,FAC,the last update,unknown,7
2078,2026-04-01,Umbrella Labs,Enterprise,QuickReport,onboarding,positive,The onboarding docs for QuickReport are a bit outdated but our team at Umbrella Labs figured it out eventually.,neutral,0.6938610421085544,2,ORG,The onboarding docs,onboarding,0
2079,2026-01-13,Hooli,Enterprise,DataSync Pro,praise,neutral,DataSync Pro just works. Rock solid uptime and the Hooli team is very satisfied.,positive,0.8558342328481559,1,NORP,Rock solid uptime,praise,0
2080,2026-06-22,Umbrella Labs,SMB,MetricHub,bug,negative,Found a bug in MetricHub where exported reports show the wrong currency symbol.,negative,0.8149342942734071,1,ORG,the wrong currency symbol,unknown,7
2081,2025-11-21,Cyberdyne Systems,SMB,DataSync Pro,bug,negative,Data sync between DataSync Pro and our CRM has been dropping records intermittently.,negative,0.8603474287724876,1,PRODUCT,DataSync Pro,bug,0
2082,2026-05-24,Acme Corp,Enterprise,QuickReport,billing,negative,We were double-charged for QuickReport this month and support at Acme Corp has been slow to respond.,negative,0.8482392806052543,3,"DATE,ORG",Acme Corp,unknown,6
2083,2026-01-10,Umbrella Labs,SMB,FlowPilot,feature_request,neutral,Any plans to add SSO support to FlowPilot? We'd need that to expand usage at Umbrella Labs.,neutral,0.772118062445789,3,ORG,Umbrella Labs,unknown,2
2084,2026-07-09,Cyberdyne Systems,SMB,FlowPilot,feature_request,positive,Would love to see a dark mode added to FlowPilot in a future release.,neutral,0.7772544021112159,1,ORG,a future release,unknown,4
2085,2026-03-05,Globex Inc,SMB,FlowPilot,bug,negative,FlowPilot's new filter feature crashes the app when we select more than 5 tags.,negative,0.8849345975804095,2,"CARDINAL,ORG",FlowPilot's new filter feature,unknown,5
2086,2026-03-01,Massive Dynamic,Startup,DataSync Pro,billing,negative,The invoice for DataSync Pro doesn't match our contract pricing -- billing needs to fix this ASAP.,negative,0.8724593560081184,1,ORG,our contract pricing,billing,3
2087,2025-09-12,Initech,SMB,MetricHub,onboarding,neutral,"Setup for MetricHub took longer than expected, would be nice to have a clearer setup wizard.",neutral,0.7774885708471921,1,ORG,a clearer setup wizard,onboarding,3
2088,2025-11-12,Massive Dynamic,Enterprise,InsightBoard,performance,neutral,"Dashboard loads take over 30 seconds in InsightBoard, this is unacceptable for Massive Dynamic's reporting needs.",negative,0.6227397572898034,4,"ORG,PERSON,TIME",Massive Dynamic's reporting needs,unknown,3
2089,2026-05-13,Umbrella Labs,Startup,InsightBoard,onboarding,neutral,New team members at Umbrella Labs find the InsightBoard admin console confusing at first.,neutral,0.9037197259445754,3,"ORDINAL,ORG",the InsightBoard admin console,onboarding,1
2090,2026-07-24,Acme Corp,SMB,QuickReport,onboarding,neutral,The onboarding docs for QuickReport are a bit outdated but our team at Acme Corp figured it out eventually.,neutral,0.6286782957229862,2,ORG,The onboarding docs,onboarding,0
2091,2026-09-25,Massive Dynamic,SMB,QuickReport,onboarding,neutral,"Setup for QuickReport took longer than expected, would be nice to have a clearer setup wizard.",neutral,0.8864772034004458,1,ORG,a clearer setup wizard,onboarding,3
2092,2026-04-13,Hooli,Startup,DataSync Pro,feature_request,neutral,It would help Hooli a lot if DataSync Pro supported bulk export to Excel.,neutral,0.9089348185007567,2,"PERSON,PRODUCT",DataSync Pro,bug,7
2093,2026-05-25,Acme Corp,Startup,MetricHub,bug,negative,Data sync between MetricHub and our CRM has been dropping records intermittently.,negative,0.7886467024435281,2,"ORG,PRODUCT",Data sync,bug,0
2094,2026-02-19,Stark Data Systems,Startup,QuickReport,feature_request,neutral,Any plans to add SSO support to QuickReport? We'd need that to expand usage at Stark Data Systems.,neutral,0.6421216889486941,3,ORG,Stark Data Systems,unknown,2
2095,2025-10-02,Cyberdyne Systems,SMB,MetricHub,onboarding,neutral,"Setup for MetricHub took longer than expected, would be nice to have a clearer setup wizard.",neutral,0.7774885708471921,1,ORG,a clearer setup wizard,onboarding,3
2096,2026-07-04,Acme Corp,Enterprise,QuickReport,billing,negative,Getting a refund for the QuickReport overcharge took three weeks. Very frustrating billing process.,negative,0.8895528677098382,2,"DATE,ORG",Very frustrating billing process,billing,3
2097,2026-09-26,Massive Dynamic,Enterprise,InsightBoard,bug,negative,Data sync between InsightBoard and our CRM has been dropping records intermittently.,negative,0.784861856413665,2,"ORG,PRODUCT",Data sync,bug,0
2098,2026-03-25,Globex Inc,Startup,QuickReport,feature_request,neutral,Would love to see a dark mode added to QuickReport in a future release.,neutral,0.7180881484446326,1,ORG,a future release,unknown,4
2099,2025-10-02,Initech,SMB,MetricHub,bug,negative,Found a bug in MetricHub where exported reports show the wrong currency symbol.,negative,0.8149342942734071,1,ORG,the wrong currency symbol,unknown,7
2100,2026-07-27,Massive Dynamic,Startup,InsightBoard,praise,positive,"InsightBoard has completely streamlined reporting for Massive Dynamic, couldn't be happier with the results.",positive,0.9394832700097424,2,"ORG,PERSON",Massive Dynamic,unknown,3
2101,2026-04-13,Wayne Analytics,Startup,DataSync Pro,billing,negative,We were double-charged for DataSync Pro this month and support at Wayne Analytics has been slow to respond.,negative,0.7750933789975639,2,"DATE,ORG",Wayne Analytics,unknown,6
2102,2025-12-09,Cyberdyne Systems,Enterprise,MetricHub,performance,negative,We're seeing frequent 500 errors in MetricHub during peak hours.,negative,0.8753164810198771,2,"CARDINAL,ORG",frequent 500 errors,performance,7
2103,2026-08-06,Stark Data Systems,Enterprise,QuickReport,bug,negative,QuickReport's new filter feature crashes the app when we select more than 5 tags.,negative,0.8387219356211374,2,"CARDINAL,ORG",QuickReport's new filter feature,unknown,5
2104,2025-09-21,Umbrella Labs,Startup,DataSync Pro,bug,negative,Data sync between DataSync Pro and our CRM has been dropping records intermittently.,negative,0.8603474287724876,1,PRODUCT,DataSync Pro,bug,0
2105,2025-09-12,Umbrella Labs,Enterprise,DataSync Pro,feature_request,neutral,Would love to see a dark mode added to DataSync Pro in a future release.,neutral,0.7402102656028492,1,PRODUCT,a future release,unknown,4
2106,2026-02-06,Cyberdyne Systems,Enterprise,MetricHub,praise,positive,MetricHub just works. Rock solid uptime and the Cyberdyne Systems team is very satisfied.,positive,0.9265097634040353,2,ORG,the Cyberdyne Systems team,unknown,0
2107,2025-12-19,Soylent Corp,Enterprise,FlowPilot,feature_request,positive,Any plans to add SSO support to FlowPilot? We'd need that to expand usage at Soylent Corp.,neutral,0.7161879715961245,3,ORG,Soylent Corp.,unknown,2
2108,2026-06-18,Soylent Corp,SMB,InsightBoard,praise,positive,InsightBoard just works. Rock solid uptime and the Soylent Corp team is very satisfied.,positive,0.9213415999113893,2,ORG,the Soylent Corp team,unknown,0
2109,2026-07-13,Globex Inc,SMB,FlowPilot,praise,positive,Support resolved our FlowPilot issue within the hour -- great experience overall.,positive,0.9539029363686076,2,"ORG,TIME",our FlowPilot issue,unknown,6
2110,2026-09-17,Cyberdyne Systems,Enterprise,DataSync Pro,praise,positive,"DataSync Pro has completely streamlined reporting for Cyberdyne Systems, couldn't be happier with the results.",positive,0.9297712062608349,1,ORG,Cyberdyne Systems,unknown,3
2111,2025-09-20,Globex Inc,Enterprise,FlowPilot,support,negative,Opened a ticket about FlowPilot five days ago and still no response from support.,negative,0.8021477738425319,2,"DATE,ORG",still no response,support,6
2112,2026-01-13,Initech,SMB,QuickReport,onboarding,neutral,"Setup for QuickReport took longer than expected, would be nice to have a clearer setup wizard.",neutral,0.8864772034004458,1,ORG,a clearer setup wizard,onboarding,3
2113,2025-10-18,Globex Inc,SMB,QuickReport,feature_request,neutral,It would help Globex Inc a lot if QuickReport supported bulk export to Excel.,neutral,0.8251302554585739,3,"ORG,PERSON,PRODUCT",bulk export,bug,7
2114,2026-01-13,Soylent Corp,Startup,MetricHub,onboarding,neutral,The onboarding docs for MetricHub are a bit outdated but our team at Soylent Corp figured it out eventually.,neutral,0.6125784058436401,2,ORG,The onboarding docs,onboarding,0
2115,2026-04-09,Soylent Corp,Startup,DataSync Pro,onboarding,neutral,The onboarding docs for DataSync Pro are a bit outdated but our team at Soylent Corp figured it out eventually.,neutral,0.7404468940522264,1,ORG,The onboarding docs,onboarding,0
2116,2026-01-07,Initech,SMB,InsightBoard,feature_request,positive,Would love to see a dark mode added to InsightBoard in a future release.,neutral,0.834952071949089,1,ORG,a future release,unknown,4
2117,2026-08-11,Acme Corp,Startup,QuickReport,support,neutral,Opened a ticket about QuickReport five days ago and still no response from support.,negative,0.7367195099860478,2,"DATE,ORG",still no response,support,6
2118,2026-09-19,Umbrella Labs,Enterprise,FlowPilot,praise,positive,"FlowPilot has completely streamlined reporting for Umbrella Labs, couldn't be happier with the results.",positive,0.9115878635156202,2,ORG,Umbrella Labs,unknown,3
2119,2026-03-20,Initech,Enterprise,InsightBoard,onboarding,neutral,New team members at Initech find the InsightBoard admin console confusing at first.,neutral,0.8478795195431472,3,"ORDINAL,ORG",the InsightBoard admin console,onboarding,1
2120,2025-11-09,Globex Inc,SMB,MetricHub,feature_request,neutral,Any plans to add SSO support to MetricHub? We'd need that to expand usage at Globex Inc.,neutral,0.8259594660245402,3,ORG,SSO support,support,2
2121,2026-05-08,Globex Inc,SMB,DataSync Pro,feature_request,neutral,Would love to see a dark mode added to DataSync Pro in a future release.,neutral,0.7402102656028492,1,PRODUCT,a future release,unknown,4
2122,2026-09-28,Hooli,SMB,FlowPilot,feature_request,neutral,It would help Hooli a lot if FlowPilot supported bulk export to Excel.,neutral,0.9271695509285238,3,"ORG,PERSON,PRODUCT",bulk export,bug,7
2123,2026-05-20,Initech,Enterprise,DataSync Pro,performance,negative,"DataSync Pro has been timing out constantly since the last update, our team at Initech can't get work done.",negative,0.796186387633413,1,ORG,the last update,unknown,7
2124,2025-09-13,Initech,SMB,MetricHub,praise,positive,MetricHub just works. Rock solid uptime and the Initech team is very satisfied.,positive,0.9396041377460348,2,"NORP,ORG",Rock solid uptime,praise,0
2125,2026-03-18,Acme Corp,Startup,FlowPilot,praise,positive,FlowPilot just works. Rock solid uptime and the Acme Corp team is very satisfied.,positive,0.8859361822023034,2,ORG,the Acme Corp team,unknown,0
2126,2026-02-12,Massive Dynamic,Startup,DataSync Pro,performance,negative,"DataSync Pro has been timing out constantly since the last update, our team at Massive Dynamic can't get work done.",negative,0.8405457833806306,1,ORG,the last update,unknown,7
2127,2025-12-03,Hooli,Enterprise,DataSync Pro,performance,negative,"Dashboard loads take over 30 seconds in DataSync Pro, this is unacceptable for Hooli's reporting needs.",negative,0.8007298665785596,3,"PERSON,TIME",Hooli's reporting needs,unknown,3
2128,2026-09-26,Umbrella Labs,Startup,FlowPilot,onboarding,neutral,The onboarding docs for FlowPilot are a bit outdated but our team at Umbrella Labs figured it out eventually.,neutral,0.7327249374446014,2,ORG,The onboarding docs,onboarding,0
2129,2025-10-02,Initech,Enterprise,QuickReport,praise,positive,"QuickReport has completely streamlined reporting for Initech, couldn't be happier with the results.",positive,0.9503834313627146,2,ORG,the results,unknown,3
2130,2026-02-12,Acme Corp,Enterprise,InsightBoard,performance,negative,"Dashboard loads take over 30 seconds in InsightBoard, this is unacceptable for Acme Corp's reporting needs.",negative,0.7740585126280008,4,"ORG,PERSON,TIME",Acme Corp's reporting needs,unknown,3
2131,2026-06-13,Umbrella Labs,Enterprise,InsightBoard,onboarding,neutral,New team members at Umbrella Labs find the InsightBoard admin console confusing at first.,neutral,0.9037197259445754,3,"ORDINAL,ORG",the InsightBoard admin console,onboarding,1
2132,2026-01-18,Globex Inc,Enterprise,DataSync Pro,bug,negative,Data sync between DataSync Pro and our CRM has been dropping records intermittently.,negative,0.8603474287724876,1,PRODUCT,DataSync Pro,bug,0
2133,2026-08-10,Wayne Analytics,SMB,QuickReport,performance,negative,"Dashboard loads take over 30 seconds in QuickReport, this is unacceptable for Wayne Analytics's reporting needs.",negative,0.7923728413486583,4,"ORG,PERSON,TIME",Wayne Analytics's reporting needs,unknown,3
2134,2026-01-11,Stark Data Systems,Startup,QuickReport,support,negative,Support wait times for QuickReport have gotten noticeably worse this quarter.,negative,0.8542249179194534,2,"DATE,ORG",Support,support,6
2135,2026-02-14,Soylent Corp,Enterprise,DataSync Pro,feature_request,neutral,Any plans to add SSO support to DataSync Pro? We'd need that to expand usage at Soylent Corp.,neutral,0.6927537234748471,2,ORG,Soylent Corp.,unknown,2
2136,2025-12-05,Massive Dynamic,Enterprise,InsightBoard,feature_request,neutral,Any plans to add SSO support to InsightBoard? We'd need that to expand usage at Massive Dynamic.,neutral,0.8785815554291452,3,ORG,Massive Dynamic,unknown,2
2137,2025-10-12,Stark Data Systems,Enterprise,MetricHub,praise,positive,Support resolved our MetricHub issue within the hour -- great experience overall.,positive,0.9345933807860626,2,"ORG,TIME",our MetricHub issue,unknown,6
2138,2026-04-21,Initech,Startup,QuickReport,feature_request,positive,Would love to see a dark mode added to QuickReport in a future release.,neutral,0.7180881484446326,1,ORG,a future release,unknown,4
2139,2025-09-09,Globex Inc,SMB,DataSync Pro,praise,positive,DataSync Pro just works. Rock solid uptime and the Globex Inc team is very satisfied.,positive,0.9127588021642654,0,,the Globex Inc team,unknown,0
2140,2025-09-09,Hooli,Enterprise,InsightBoard,support,negative,Support wait times for InsightBoard have gotten noticeably worse this quarter.,negative,0.7973506347562989,2,"DATE,ORG",Support,support,6
2141,2026-03-15,Massive Dynamic,SMB,DataSync Pro,praise,neutral,DataSync Pro just works. Rock solid uptime and the Massive Dynamic team is very satisfied.,positive,0.7812258336113174,1,ORG,the Massive Dynamic team,unknown,0
2142,2026-07-14,Umbrella Labs,Enterprise,FlowPilot,billing,neutral,We were double-charged for FlowPilot this month and support at Umbrella Labs has been slow to respond.,negative,0.7347678262505969,3,"DATE,ORG",Umbrella Labs,unknown,6
2143,2026-09-12,Stark Data Systems,Startup,DataSync Pro,onboarding,neutral,The onboarding docs for DataSync Pro are a bit outdated but our team at Stark Data Systems figured it out eventually.,neutral,0.7351338117962491,1,ORG,The onboarding docs,onboarding,0
2144,2025-12-25,Wayne Analytics,Startup,InsightBoard,billing,neutral,Getting a refund for the InsightBoard overcharge took three weeks. Very frustrating billing process.,negative,0.8123642772218876,2,"DATE,ORG",Very frustrating billing process,billing,3
2145,2026-09-24,Cyberdyne Systems,SMB,FlowPilot,billing,negative,The invoice for FlowPilot doesn't match our contract pricing -- billing needs to fix this ASAP.,negative,0.8332377145867494,2,ORG,our contract pricing,billing,3
2146,2026-08-22,Globex Inc,SMB,MetricHub,feature_request,neutral,Would love to see a dark mode added to MetricHub in a future release.,neutral,0.6839478219854184,1,ORG,a future release,unknown,4
2147,2026-08-19,Massive Dynamic,Startup,FlowPilot,support,neutral,Support wait times for FlowPilot have gotten noticeably worse this quarter.,negative,0.8773696561949629,2,"DATE,ORG",Support,support,6
2148,2026-08-08,Acme Corp,SMB,FlowPilot,praise,positive,"The new FlowPilot update is fantastic, our team at Acme Corp loves the redesigned interface.",positive,0.8558712249152283,2,ORG,The new FlowPilot update,unknown,7
2149,2025-12-25,Stark Data Systems,Enterprise,InsightBoard,performance,negative,"InsightBoard has been timing out constantly since the last update, our team at Stark Data Systems can't get work done.",negative,0.8027047667432899,2,ORG,Stark Data Systems,unknown,7
2150,2025-09-20,Wayne Analytics,SMB,MetricHub,onboarding,neutral,"Setup for MetricHub took longer than expected, would be nice to have a clearer setup wizard.",neutral,0.7774885708471921,1,ORG,a clearer setup wizard,onboarding,3
2151,2026-09-25,Stark Data Systems,Startup,InsightBoard,support,negative,The support team at Stark Data Systems keeps closing our InsightBoard tickets without actually resolving the issue.,negative,0.786111381224964,2,ORG,our InsightBoard tickets,support,6
2152,2026-07-11,Globex Inc,Startup,InsightBoard,onboarding,positive,The onboarding docs for InsightBoard are a bit outdated but our team at Globex Inc figured it out eventually.,neutral,0.6874014249478103,2,"FAC,ORG",The onboarding docs,onboarding,0
2153,2025-09-15,Acme Corp,SMB,FlowPilot,praise,positive,"The new FlowPilot update is fantastic, our team at Acme Corp loves the redesigned interface.",positive,0.8558712249152283,2,ORG,The new FlowPilot update,unknown,7
2154,2026-07-28,Initech,SMB,InsightBoard,billing,negative,The invoice for InsightBoard doesn't match our contract pricing -- billing needs to fix this ASAP.,negative,0.7444367890345324,2,ORG,our contract pricing,billing,3
2155,2025-10-09,Hooli,Startup,DataSync Pro,onboarding,neutral,The onboarding docs for DataSync Pro are a bit outdated but our team at Hooli figured it out eventually.,neutral,0.8286237228997907,1,PERSON,The onboarding docs,onboarding,0
2156,2025-11-09,Wayne Analytics,SMB,DataSync Pro,onboarding,neutral,New team members at Wayne Analytics find the DataSync Pro admin console confusing at first.,neutral,0.8854223336624274,3,"ORDINAL,ORG",the DataSync Pro admin console,bug,1
2157,2025-12-21,Stark Data Systems,Enterprise,FlowPilot,praise,positive,"The new FlowPilot update is fantastic, our team at Stark Data Systems loves the redesigned interface.",positive,0.89200354113638,2,ORG,The new FlowPilot update,unknown,7
2158,2025-10-21,Cyberdyne Systems,Enterprise,DataSync Pro,performance,negative,"DataSync Pro has been timing out constantly since the last update, our team at Cyberdyne Systems can't get work done.",negative,0.8615215981835406,1,ORG,Cyberdyne Systems,unknown,7
2159,2026-02-02,Soylent Corp,Startup,FlowPilot,billing,negative,We were double-charged for FlowPilot this month and support at Soylent Corp has been slow to respond.,negative,0.8661313116699338,3,"DATE,ORG",Soylent Corp,unknown,6
2160,2026-01-09,Umbrella Labs,Startup,DataSync Pro,onboarding,neutral,New team members at Umbrella Labs find the DataSync Pro admin console confusing at first.,neutral,0.8715403374921069,3,"ORDINAL,ORG",the DataSync Pro admin console,bug,1
2161,2025-09-20,Wayne Analytics,Startup,MetricHub,billing,negative,Getting a refund for the MetricHub overcharge took three weeks. Very frustrating billing process.,negative,0.8401558883569069,2,"DATE,ORG",Very frustrating billing process,billing,3
2162,2026-04-04,Globex Inc,Startup,DataSync Pro,performance,negative,"Dashboard loads take over 30 seconds in DataSync Pro, this is unacceptable for Globex Inc's reporting needs.",negative,0.912366526094095,3,"PERSON,TIME",Globex Inc's reporting needs,unknown,3
2163,2026-06-12,Umbrella Labs,SMB,QuickReport,onboarding,neutral,The onboarding docs for QuickReport are a bit outdated but our team at Umbrella Labs figured it out eventually.,neutral,0.6938610421085544,2,ORG,The onboarding docs,onboarding,0
2164,2025-11-01,Globex Inc,SMB,FlowPilot,praise,positive,FlowPilot just works. Rock solid uptime and the Globex Inc team is very satisfied.,positive,0.9339745149496147,1,ORG,the Globex Inc team,unknown,0
2165,2026-07-12,Wayne Analytics,SMB,InsightBoard,support,negative,Support wait times for InsightBoard have gotten noticeably worse this quarter.,negative,0.7973506347562989,2,"DATE,ORG",Support,support,6
2166,2026-02-02,Cyberdyne Systems,Enterprise,DataSync Pro,bug,negative,DataSync Pro's new filter feature crashes the app when we select more than 5 tags.,negative,0.9016175535663691,1,CARDINAL,DataSync Pro's new filter feature,bug,5
2167,2026-06-07,Cyberdyne Systems,Enterprise,DataSync Pro,support,negative,Opened a ticket about DataSync Pro five days ago and still no response from support.,negative,0.7940451734504377,2,"DATE,PRODUCT",still no response,support,6
2168,2026-08-12,Soylent Corp,Startup,MetricHub,praise,positive,"The new MetricHub update is fantastic, our team at Soylent Corp loves the redesigned interface.",positive,0.8617231838697709,2,ORG,The new MetricHub update,unknown,7
2169,2026-08-05,Cyberdyne Systems,Startup,DataSync Pro,performance,negative,"Dashboard loads take over 30 seconds in DataSync Pro, this is unacceptable for Cyberdyne Systems's reporting needs.",negative,0.9190161398464438,3,"ORG,PERSON,TIME",Cyberdyne Systems's reporting needs,unknown,3
2170,2026-06-17,Globex Inc,Enterprise,DataSync Pro,bug,negative,Data sync between DataSync Pro and our CRM has been dropping records intermittently.,negative,0.8603474287724876,1,PRODUCT,DataSync Pro,bug,0
2171,2026-08-04,Soylent Corp,Startup,FlowPilot,onboarding,neutral,New team members at Soylent Corp find the FlowPilot admin console confusing at first.,neutral,0.7746015770292568,3,"ORDINAL,ORG",the FlowPilot admin console,onboarding,1
2172,2026-05-17,Cyberdyne Systems,Startup,FlowPilot,praise,positive,"FlowPilot has completely streamlined reporting for Cyberdyne Systems, couldn't be happier with the results.",positive,0.9394203725586268,2,ORG,Cyberdyne Systems,unknown,3
2173,2026-01-08,Stark Data Systems,Startup,QuickReport,bug,neutral,QuickReport's new filter feature crashes the app when we select more than 5 tags.,negative,0.8387219356211374,2,"CARDINAL,ORG",QuickReport's new filter feature,unknown,5
2174,2026-02-24,Wayne Analytics,SMB,QuickReport,support,negative,Opened a ticket about QuickReport five days ago and still no response from support.,negative,0.7367195099860478,2,"DATE,ORG",still no response,support,6
2175,2026-03-12,Umbrella Labs,Startup,FlowPilot,billing,negative,Getting a refund for the FlowPilot overcharge took three weeks. Very frustrating billing process.,negative,0.8515634727305043,2,"DATE,ORG",Very frustrating billing process,billing,3
2176,2026-02-21,Soylent Corp,Enterprise,MetricHub,billing,negative,The invoice for MetricHub doesn't match our contract pricing -- billing needs to fix this ASAP.,negative,0.7850364647255685,2,ORG,our contract pricing,billing,3
2177,2025-12-19,Umbrella Labs,SMB,FlowPilot,bug,negative,Data sync between FlowPilot and our CRM has been dropping records intermittently.,negative,0.7266052827531411,2,"ORG,PRODUCT",Data sync,bug,0
2178,2026-07-19,Soylent Corp,SMB,QuickReport,praise,positive,Support resolved our QuickReport issue within the hour -- great experience overall.,positive,0.9475530199403878,2,"ORG,TIME",our QuickReport issue,unknown,6
2179,2026-02-11,Cyberdyne Systems,SMB,InsightBoard,feature_request,neutral,Would love to see a dark mode added to InsightBoard in a future release.,neutral,0.834952071949089,1,ORG,a future release,unknown,4
2180,2025-11-19,Hooli,Startup,FlowPilot,billing,neutral,We were double-charged for FlowPilot this month and support at Hooli has been slow to respond.,negative,0.7831878701727044,3,"DATE,GPE,ORG",We,unknown,6
2181,2025-09-06,Umbrella Labs,SMB,QuickReport,bug,negative,Data sync between QuickReport and our CRM has been dropping records intermittently.,negative,0.7272511563133593,2,"ORG,PRODUCT",Data sync,bug,0
2182,2026-04-24,Stark Data Systems,Startup,MetricHub,billing,negative,The invoice for MetricHub doesn't match our contract pricing -- billing needs to fix this ASAP.,negative,0.7850364647255685,2,ORG,our contract pricing,billing,3
2183,2026-08-06,Initech,Enterprise,FlowPilot,billing,negative,We were double-charged for FlowPilot this month and support at Initech has been slow to respond.,negative,0.7572734325166581,3,"DATE,ORG",We,unknown,6
2184,2026-03-12,Soylent Corp,SMB,MetricHub,billing,negative,We were double-charged for MetricHub this month and support at Soylent Corp has been slow to respond.,negative,0.9106377449619925,3,"DATE,ORG",Soylent Corp,unknown,6
2185,2026-01-04,Soylent Corp,Startup,QuickReport,performance,negative,"Dashboard loads take over 30 seconds in QuickReport, this is unacceptable for Soylent Corp's reporting needs.",negative,0.8721320728644479,4,"ORG,PERSON,TIME",Soylent Corp's reporting needs,unknown,3
2186,2025-10-24,Cyberdyne Systems,Startup,MetricHub,support,negative,The support team at Cyberdyne Systems keeps closing our MetricHub tickets without actually resolving the issue.,negative,0.7747209247528823,2,ORG,our MetricHub tickets,support,6
2187,2026-07-15,Wayne Analytics,SMB,FlowPilot,billing,negative,We were double-charged for FlowPilot this month and support at Wayne Analytics has been slow to respond.,negative,0.7860083364046849,3,"DATE,ORG",Wayne Analytics,unknown,6
2188,2025-11-24,Stark Data Systems,Startup,FlowPilot,feature_request,neutral,It would help Stark Data Systems a lot if FlowPilot supported bulk export to Excel.,neutral,0.8203574454501703,3,"ORG,PRODUCT",Stark Data Systems,unknown,0
2189,2025-11-01,Cyberdyne Systems,Enterprise,MetricHub,performance,negative,We're seeing frequent 500 errors in MetricHub during peak hours.,negative,0.8753164810198771,2,"CARDINAL,ORG",frequent 500 errors,performance,7
2190,2026-02-15,Wayne Analytics,SMB,FlowPilot,onboarding,neutral,New team members at Wayne Analytics find the FlowPilot admin console confusing at first.,neutral,0.8682165528956698,3,"ORDINAL,ORG",the FlowPilot admin console,onboarding,1
2191,2025-12-10,Cyberdyne Systems,Enterprise,InsightBoard,performance,neutral,We're seeing frequent 500 errors in InsightBoard during peak hours.,negative,0.6515610966645977,2,"CARDINAL,ORG",frequent 500 errors,performance,7
2192,2026-05-19,Initech,Startup,MetricHub,bug,negative,MetricHub's new filter feature crashes the app when we select more than 5 tags.,negative,0.8796970943181684,2,"CARDINAL,ORG",MetricHub's new filter feature,unknown,5
2193,2026-02-25,Stark Data Systems,SMB,InsightBoard,onboarding,neutral,"Setup for InsightBoard took longer than expected, would be nice to have a clearer setup wizard.",neutral,0.8195783722305164,1,ORG,a clearer setup wizard,onboarding,3
2194,2026-05-09,Initech,SMB,QuickReport,performance,negative,"QuickReport has been timing out constantly since the last update, our team at Initech can't get work done.",negative,0.7991517174807027,2,ORG,the last update,unknown,7
2195,2026-01-06,Wayne Analytics,SMB,DataSync Pro,onboarding,neutral,New team members at Wayne Analytics find the DataSync Pro admin console confusing at first.,neutral,0.8854223336624274,3,"ORDINAL,ORG",the DataSync Pro admin console,bug,1
2196,2025-12-06,Stark Data Systems,SMB,FlowPilot,billing,negative,The invoice for FlowPilot doesn't match our contract pricing -- billing needs to fix this ASAP.,negative,0.8332377145867494,2,ORG,our contract pricing,billing,3
2197,2026-07-09,Cyberdyne Systems,Enterprise,DataSync Pro,support,negative,The support team at Cyberdyne Systems keeps closing our DataSync Pro tickets without actually resolving the issue.,negative,0.8795980843730453,2,ORG,our DataSync Pro tickets,support,6
2198,2026-09-06,Umbrella Labs,Startup,MetricHub,performance,negative,"MetricHub has been timing out constantly since the last update, our team at Umbrella Labs can't get work done.",negative,0.8031886751546796,2,ORG,the last update,unknown,7
2199,2026-09-07,Initech,Startup,MetricHub,billing,negative,Getting a refund for the MetricHub overcharge took three weeks. Very frustrating billing process.,negative,0.8401558883569069,2,"DATE,ORG",Very frustrating billing process,billing,3
2200,2026-01-19,Initech,Enterprise,InsightBoard,billing,neutral,The invoice for InsightBoard doesn't match our contract pricing -- billing needs to fix this ASAP.,negative,0.7444367890345324,2,ORG,our contract pricing,billing,3
2201,2026-04-10,Massive Dynamic,Enterprise,MetricHub,bug,negative,Data sync between MetricHub and our CRM has been dropping records intermittently.,negative,0.7886467024435281,2,"ORG,PRODUCT",Data sync,bug,0
2202,2026-04-09,Globex Inc,SMB,FlowPilot,billing,negative,Getting a refund for the FlowPilot overcharge took three weeks. Very frustrating billing process.,negative,0.8515634727305043,2,"DATE,ORG",Very frustrating billing process,billing,3
2203,2026-09-03,Stark Data Systems,SMB,DataSync Pro,billing,neutral,We were double-charged for DataSync Pro this month and support at Stark Data Systems has been slow to respond.,negative,0.7590427048703516,2,"DATE,ORG",Stark Data Systems,unknown,6
2204,2026-05-11,Globex Inc,Enterprise,InsightBoard,feature_request,neutral,Would love to see a dark mode added to InsightBoard in a future release.,neutral,0.834952071949089,1,ORG,a future release,unknown,4
2205,2026-08-11,Soylent Corp,Startup,DataSync Pro,support,negative,The support team at Soylent Corp keeps closing our DataSync Pro tickets without actually resolving the issue.,negative,0.8631902406208896,2,ORG,our DataSync Pro tickets,support,6
2206,2025-12-27,Globex Inc,SMB,MetricHub,billing,negative,The invoice for MetricHub doesn't match our contract pricing -- billing needs to fix this ASAP.,negative,0.7850364647255685,2,ORG,our contract pricing,billing,3
2207,2025-11-19,Initech,Enterprise,DataSync Pro,onboarding,positive,New team members at Initech find the DataSync Pro admin console confusing at first.,neutral,0.6289848512990179,3,"ORDINAL,ORG",the DataSync Pro admin console,bug,1
2208,2025-11-16,Umbrella Labs,SMB,InsightBoard,bug,negative,Found a bug in InsightBoard where exported reports show the wrong currency symbol.,negative,0.6628158991728411,1,ORG,the wrong currency symbol,unknown,7
2209,2025-12-21,Massive Dynamic,Enterprise,InsightBoard,praise,positive,Support resolved our InsightBoard issue within the hour -- great experience overall.,positive,0.9114717590129222,2,"ORG,TIME",our InsightBoard issue,unknown,6
2210,2025-10-16,Umbrella Labs,SMB,DataSync Pro,billing,negative,Getting a refund for the DataSync Pro overcharge took three weeks. Very frustrating billing process.,negative,0.7815169718618963,2,"DATE,ORG",Very frustrating billing process,billing,3
2211,2026-03-23,Umbrella Labs,Enterprise,QuickReport,onboarding,neutral,New team members at Umbrella Labs find the QuickReport admin console confusing at first.,neutral,0.8964005784407991,3,"ORDINAL,ORG",the QuickReport admin console,onboarding,1
2212,2026-07-12,Hooli,Enterprise,MetricHub,support,negative,Support wait times for MetricHub have gotten noticeably worse this quarter.,negative,0.7896377312304317,2,"DATE,ORG",Support,support,6
2213,2026-01-22,Acme Corp,Enterprise,InsightBoard,bug,negative,Data sync between InsightBoard and our CRM has been dropping records intermittently.,negative,0.784861856413665,2,"ORG,PRODUCT",Data sync,bug,0
2214,2026-05-16,Hooli,SMB,MetricHub,bug,negative,MetricHub's new filter feature crashes the app when we select more than 5 tags.,negative,0.8796970943181684,2,"CARDINAL,ORG",MetricHub's new filter feature,unknown,5
2215,2026-03-15,Umbrella Labs,SMB,DataSync Pro,support,negative,Opened a ticket about DataSync Pro five days ago and still no response from support.,negative,0.7940451734504377,2,"DATE,PRODUCT",still no response,support,6
2216,2026-04-11,Hooli,Enterprise,DataSync Pro,support,negative,Opened a ticket about DataSync Pro five days ago and still no response from support.,negative,0.7940451734504377,2,"DATE,PRODUCT",still no response,support,6
2217,2025-11-25,Wayne Analytics,Startup,FlowPilot,feature_request,neutral,Would love to see a dark mode added to FlowPilot in a future release.,neutral,0.7772544021112159,1,ORG,a future release,unknown,4
2218,2025-12-01,Cyberdyne Systems,Startup,FlowPilot,bug,negative,FlowPilot's new filter feature crashes the app when we select more than 5 tags.,negative,0.8849345975804095,2,"CARDINAL,ORG",FlowPilot's new filter feature,unknown,5
2219,2025-09-18,Soylent Corp,SMB,QuickReport,support,negative,The support team at Soylent Corp keeps closing our QuickReport tickets without actually resolving the issue.,negative,0.7526592367118758,2,ORG,our QuickReport tickets,support,6
2220,2026-03-26,Stark Data Systems,SMB,InsightBoard,praise,positive,"The new InsightBoard update is fantastic, our team at Stark Data Systems loves the redesigned interface.",positive,0.9420971072240079,2,ORG,The new InsightBoard update,unknown,7
2221,2026-01-16,Hooli,Enterprise,InsightBoard,bug,negative,InsightBoard's new filter feature crashes the app when we select more than 5 tags.,negative,0.8749854429887887,2,"CARDINAL,ORG",InsightBoard's new filter feature,unknown,5
2222,2026-04-14,Wayne Analytics,SMB,DataSync Pro,feature_request,positive,Would love to see a dark mode added to DataSync Pro in a future release.,neutral,0.7402102656028492,1,PRODUCT,a future release,unknown,4
2223,2026-09-21,Acme Corp,Enterprise,MetricHub,performance,negative,We're seeing frequent 500 errors in MetricHub during peak hours.,negative,0.8753164810198771,2,"CARDINAL,ORG",frequent 500 errors,performance,7
2224,2026-06-18,Cyberdyne Systems,Enterprise,InsightBoard,billing,negative,Getting a refund for the InsightBoard overcharge took three weeks. Very frustrating billing process.,negative,0.8123642772218876,2,"DATE,ORG",Very frustrating billing process,billing,3
2225,2026-09-23,Initech,Enterprise,FlowPilot,billing,negative,Getting a refund for the FlowPilot overcharge took three weeks. Very frustrating billing process.,negative,0.8515634727305043,2,"DATE,ORG",Very frustrating billing process,billing,3
2226,2025-09-17,Soylent Corp,Startup,DataSync Pro,support,negative,The support team at Soylent Corp keeps closing our DataSync Pro tickets without actually resolving the issue.,negative,0.8631902406208896,2,ORG,our DataSync Pro tickets,support,6
2227,2026-05-13,Soylent Corp,Enterprise,QuickReport,performance,negative,"Dashboard loads take over 30 seconds in QuickReport, this is unacceptable for Soylent Corp's reporting needs.",negative,0.8721320728644479,4,"ORG,PERSON,TIME",Soylent Corp's reporting needs,unknown,3
2228,2026-02-14,Stark Data Systems,SMB,QuickReport,praise,positive,Support resolved our QuickReport issue within the hour -- great experience overall.,positive,0.9475530199403878,2,"ORG,TIME",our QuickReport issue,unknown,6
2229,2025-09-25,Umbrella Labs,Enterprise,DataSync Pro,performance,negative,We're seeing frequent 500 errors in DataSync Pro during peak hours.,negative,0.8848384183212116,2,"CARDINAL,ORG",frequent 500 errors,performance,7
2230,2025-09-06,Soylent Corp,SMB,FlowPilot,onboarding,neutral,The onboarding docs for FlowPilot are a bit outdated but our team at Soylent Corp figured it out eventually.,neutral,0.7157892237803316,2,ORG,The onboarding docs,onboarding,0
2231,2026-09-23,Initech,Startup,QuickReport,support,negative,The support team at Initech keeps closing our QuickReport tickets without actually resolving the issue.,negative,0.7749717696144562,2,ORG,our QuickReport tickets,support,6
2232,2026-07-13,Stark Data Systems,SMB,DataSync Pro,performance,negative,"DataSync Pro has been timing out constantly since the last update, our team at Stark Data Systems can't get work done.",negative,0.8118944179106987,1,ORG,Stark Data Systems,unknown,7
2233,2025-10-17,Stark Data Systems,Enterprise,DataSync Pro,performance,negative,We're seeing frequent 500 errors in DataSync Pro during peak hours.,negative,0.8848384183212116,2,"CARDINAL,ORG",frequent 500 errors,performance,7
2234,2026-08-27,Hooli,Enterprise,DataSync Pro,feature_request,neutral,Any plans to add SSO support to DataSync Pro? We'd need that to expand usage at Hooli.,neutral,0.8280247036650273,2,"GPE,ORG",DataSync Pro,bug,2
2235,2026-06-26,Acme Corp,Startup,DataSync Pro,onboarding,neutral,New team members at Acme Corp find the DataSync Pro admin console confusing at first.,neutral,0.838347805145422,3,"ORDINAL,ORG",the DataSync Pro admin console,bug,1
2236,2026-03-17,Cyberdyne Systems,SMB,InsightBoard,bug,negative,Found a bug in InsightBoard where exported reports show the wrong currency symbol.,negative,0.6628158991728411,1,ORG,the wrong currency symbol,unknown,7
2237,2025-12-04,Stark Data Systems,SMB,InsightBoard,feature_request,neutral,Would love to see a dark mode added to InsightBoard in a future release.,neutral,0.834952071949089,1,ORG,a future release,unknown,4
2238,2026-01-14,Cyberdyne Systems,SMB,FlowPilot,support,negative,Support wait times for FlowPilot have gotten noticeably worse this quarter.,negative,0.8773696561949629,2,"DATE,ORG",Support,support,6
2239,2026-04-10,Hooli,SMB,MetricHub,billing,negative,We were double-charged for MetricHub this month and support at Hooli has been slow to respond.,negative,0.8556208161351995,3,"DATE,GPE,ORG",We,unknown,6
2240,2025-09-16,Soylent Corp,SMB,QuickReport,feature_request,neutral,Any plans to add SSO support to QuickReport? We'd need that to expand usage at Soylent Corp.,neutral,0.6893323189984788,3,ORG,Soylent Corp.,unknown,2
2241,2025-10-15,Wayne Analytics,Startup,MetricHub,feature_request,neutral,It would help Wayne Analytics a lot if MetricHub supported bulk export to Excel.,neutral,0.9138334389518991,3,"ORG,PERSON,PRODUCT",Wayne Analytics,unknown,7
2242,2026-04-12,Initech,Enterprise,FlowPilot,performance,negative,We're seeing frequent 500 errors in FlowPilot during peak hours.,negative,0.8245280845059025,2,"CARDINAL,ORG",frequent 500 errors,performance,7
2243,2025-11-26,Globex Inc,SMB,InsightBoard,bug,negative,Data sync between InsightBoard and our CRM has been dropping records intermittently.,negative,0.784861856413665,2,"ORG,PRODUCT",Data sync,bug,0
2244,2025-12-28,Globex Inc,Enterprise,MetricHub,feature_request,neutral,Would love to see a dark mode added to MetricHub in a future release.,neutral,0.6839478219854184,1,ORG,a future release,unknown,4
2245,2026-03-20,Umbrella Labs,Enterprise,DataSync Pro,bug,negative,Data sync between DataSync Pro and our CRM has been dropping records intermittently.,negative,0.8603474287724876,1,PRODUCT,DataSync Pro,bug,0
2246,2025-09-25,Soylent Corp,Enterprise,MetricHub,praise,positive,MetricHub just works. Rock solid uptime and the Soylent Corp team is very satisfied.,positive,0.9269460048599213,2,ORG,the Soylent Corp team,unknown,0
2247,2026-02-27,Hooli,Startup,InsightBoard,bug,negative,InsightBoard's new filter feature crashes the app when we select more than 5 tags.,negative,0.8749854429887887,2,"CARDINAL,ORG",InsightBoard's new filter feature,unknown,5
2248,2026-03-28,Wayne Analytics,Startup,MetricHub,performance,negative,"MetricHub has been timing out constantly since the last update, our team at Wayne Analytics can't get work done.",negative,0.7432630669564958,2,ORG,the last update,unknown,7
2249,2026-05-16,Umbrella Labs,SMB,MetricHub,billing,negative,The invoice for MetricHub doesn't match our contract pricing -- billing needs to fix this ASAP.,negative,0.7850364647255685,2,ORG,our contract pricing,billing,3
2250,2026-08-16,Umbrella Labs,SMB,InsightBoard,support,negative,Support wait times for InsightBoard have gotten noticeably worse this quarter.,negative,0.7973506347562989,2,"DATE,ORG",Support,support,6
2251,2026-08-03,Globex Inc,SMB,DataSync Pro,onboarding,neutral,New team members at Globex Inc find the DataSync Pro admin console confusing at first.,neutral,0.8556921275657271,3,"FAC,ORDINAL,ORG",the DataSync Pro admin console,bug,1
2252,2026-08-04,Initech,Startup,QuickReport,bug,negative,Found a bug in QuickReport where exported reports show the wrong currency symbol.,negative,0.8219647568914438,1,ORG,the wrong currency symbol,unknown,7
2253,2026-03-16,Massive Dynamic,Enterprise,DataSync Pro,performance,negative,"DataSync Pro has been timing out constantly since the last update, our team at Massive Dynamic can't get work done.",negative,0.8405457833806306,1,ORG,the last update,unknown,7
2254,2026-08-28,Soylent Corp,Enterprise,FlowPilot,performance,negative,We're seeing frequent 500 errors in FlowPilot during peak hours.,negative,0.8245280845059025,2,"CARDINAL,ORG",frequent 500 errors,performance,7
2255,2025-10-14,Hooli,SMB,DataSync Pro,onboarding,neutral,"Setup for DataSync Pro took longer than expected, would be nice to have a clearer setup wizard.",neutral,0.6914222084479202,0,,a clearer setup wizard,onboarding,3
2256,2026-06-12,Stark Data Systems,SMB,MetricHub,support,negative,Support wait times for MetricHub have gotten noticeably worse this quarter.,negative,0.7896377312304317,2,"DATE,ORG",Support,support,6
2257,2026-05-22,Acme Corp,SMB,QuickReport,onboarding,neutral,New team members at Acme Corp find the QuickReport admin console confusing at first.,neutral,0.8149779655785662,3,"ORDINAL,ORG",the QuickReport admin console,onboarding,1
2258,2026-01-16,Wayne Analytics,Startup,MetricHub,performance,negative,We're seeing frequent 500 errors in MetricHub during peak hours.,negative,0.8753164810198771,2,"CARDINAL,ORG",frequent 500 errors,performance,7
2259,2026-05-23,Wayne Analytics,Enterprise,QuickReport,bug,negative,Found a bug in QuickReport where exported reports show the wrong currency symbol.,negative,0.8219647568914438,1,ORG,the wrong currency symbol,unknown,7
2260,2025-11-05,Initech,SMB,InsightBoard,praise,positive,InsightBoard just works. Rock solid uptime and the Initech team is very satisfied.,positive,0.9342825378244276,2,"NORP,ORG",Rock solid uptime,praise,0
2261,2025-12-07,Initech,Startup,InsightBoard,bug,neutral,Found a bug in InsightBoard where exported reports show the wrong currency symbol.,negative,0.6628158991728411,1,ORG,the wrong currency symbol,unknown,7
2262,2025-10-02,Soylent Corp,SMB,FlowPilot,feature_request,neutral,Would love to see a dark mode added to FlowPilot in a future release.,neutral,0.7772544021112159,1,ORG,a future release,unknown,4
2263,2026-02-21,Cyberdyne Systems,Enterprise,QuickReport,onboarding,neutral,"Setup for QuickReport took longer than expected, would be nice to have a clearer setup wizard.",neutral,0.8864772034004458,1,ORG,a clearer setup wizard,onboarding,3
2264,2026-01-10,Wayne Analytics,Enterprise,DataSync Pro,onboarding,neutral,The onboarding docs for DataSync Pro are a bit outdated but our team at Wayne Analytics figured it out eventually.,neutral,0.7452408886405365,1,ORG,The onboarding docs,onboarding,0
2265,2026-06-25,Cyberdyne Systems,SMB,InsightBoard,praise,positive,InsightBoard just works. Rock solid uptime and the Cyberdyne Systems team is very satisfied.,positive,0.9212131215010807,2,ORG,the Cyberdyne Systems team,unknown,0
2266,2026-07-07,Soylent Corp,Startup,MetricHub,bug,negative,MetricHub's new filter feature crashes the app when we select more than 5 tags.,negative,0.8796970943181684,2,"CARDINAL,ORG",MetricHub's new filter feature,unknown,5
2267,2025-12-09,Acme Corp,Startup,DataSync Pro,billing,neutral,Getting a refund for the DataSync Pro overcharge took three weeks. Very frustrating billing process.,negative,0.7815169718618963,2,"DATE,ORG",Very frustrating billing process,billing,3
2268,2026-09-17,Cyberdyne Systems,Enterprise,DataSync Pro,performance,negative,"Dashboard loads take over 30 seconds in DataSync Pro, this is unacceptable for Cyberdyne Systems's reporting needs.",negative,0.9190161398464438,3,"ORG,PERSON,TIME",Cyberdyne Systems's reporting needs,unknown,3
2269,2026-09-28,Hooli,Startup,InsightBoard,onboarding,neutral,New team members at Hooli find the InsightBoard admin console confusing at first.,neutral,0.9259833909968949,3,"GPE,ORDINAL,ORG",the InsightBoard admin console,onboarding,1
2270,2026-04-07,Stark Data Systems,Startup,MetricHub,onboarding,neutral,New team members at Stark Data Systems find the MetricHub admin console confusing at first.,neutral,0.8563885049404746,3,"ORDINAL,ORG",the MetricHub admin console,onboarding,1
2271,2026-09-20,Umbrella Labs,Enterprise,QuickReport,performance,negative,"QuickReport has been timing out constantly since the last update, our team at Umbrella Labs can't get work done.",negative,0.8538350676806344,2,ORG,the last update,unknown,7
2272,2026-02-03,Acme Corp,Enterprise,FlowPilot,performance,negative,"FlowPilot has been timing out constantly since the last update, our team at Acme Corp can't get work done.",negative,0.8517443850847379,2,ORG,the last update,unknown,7
2273,2026-07-16,Soylent Corp,SMB,FlowPilot,billing,negative,We were double-charged for FlowPilot this month and support at Soylent Corp has been slow to respond.,negative,0.8661313116699338,3,"DATE,ORG",Soylent Corp,unknown,6
2274,2026-05-13,Soylent Corp,Enterprise,DataSync Pro,support,negative,The support team at Soylent Corp keeps closing our DataSync Pro tickets without actually resolving the issue.,negative,0.8631902406208896,2,ORG,our DataSync Pro tickets,support,6
2275,2026-05-11,Massive Dynamic,SMB,InsightBoard,bug,negative,InsightBoard's new filter feature crashes the app when we select more than 5 tags.,negative,0.8749854429887887,2,"CARDINAL,ORG",InsightBoard's new filter feature,unknown,5
2276,2026-07-27,Cyberdyne Systems,Enterprise,QuickReport,onboarding,neutral,The onboarding docs for QuickReport are a bit outdated but our team at Cyberdyne Systems figured it out eventually.,neutral,0.7429532244515146,2,ORG,The onboarding docs,onboarding,0
2277,2026-04-16,Acme Corp,Startup,FlowPilot,support,negative,Support wait times for FlowPilot have gotten noticeably worse this quarter.,negative,0.8773696561949629,2,"DATE,ORG",Support,support,6
2278,2026-07-12,Globex Inc,SMB,MetricHub,feature_request,neutral,It would help Globex Inc a lot if MetricHub supported bulk export to Excel.,neutral,0.9081871290716966,3,"ORG,PERSON,PRODUCT",bulk export,bug,7
2279,2026-02-24,Wayne Analytics,Startup,FlowPilot,performance,negative,"FlowPilot has been timing out constantly since the last update, our team at Wayne Analytics can't get work done.",negative,0.8403131376104407,2,ORG,the last update,unknown,7
2280,2026-03-12,Cyberdyne Systems,Enterprise,MetricHub,bug,negative,Found a bug in MetricHub where exported reports show the wrong currency symbol.,negative,0.8149342942734071,1,ORG,the wrong currency symbol,unknown,7
2281,2026-02-17,Initech,SMB,QuickReport,performance,negative,We're seeing frequent 500 errors in QuickReport during peak hours.,negative,0.8595937072106011,2,"CARDINAL,ORG",frequent 500 errors,performance,7
2282,2025-10-12,Cyberdyne Systems,SMB,InsightBoard,performance,negative,"InsightBoard has been timing out constantly since the last update, our team at Cyberdyne Systems can't get work done.",negative,0.8551837027998668,2,ORG,Cyberdyne Systems,unknown,7
2283,2025-09-21,Initech,SMB,MetricHub,support,negative,Support wait times for MetricHub have gotten noticeably worse this quarter.,negative,0.7896377312304317,2,"DATE,ORG",Support,support,6
2284,2026-08-23,Massive Dynamic,Enterprise,FlowPilot,support,negative,Support wait times for FlowPilot have gotten noticeably worse this quarter.,negative,0.8773696561949629,2,"DATE,ORG",Support,support,6
2285,2026-08-16,Initech,Enterprise,MetricHub,support,negative,The support team at Initech keeps closing our MetricHub tickets without actually resolving the issue.,negative,0.7726201409561498,2,ORG,our MetricHub tickets,support,6
2286,2026-04-24,Massive Dynamic,Enterprise,FlowPilot,onboarding,positive,New team members at Massive Dynamic find the FlowPilot admin console confusing at first.,neutral,0.7231848948414125,3,"ORDINAL,ORG",the FlowPilot admin console,onboarding,1
2287,2026-06-23,Initech,Enterprise,InsightBoard,praise,positive,"InsightBoard has completely streamlined reporting for Initech, couldn't be happier with the results.",positive,0.9521232564646692,2,ORG,the results,unknown,3
2288,2026-03-27,Acme Corp,Enterprise,QuickReport,performance,negative,We're seeing frequent 500 errors in QuickReport during peak hours.,negative,0.8595937072106011,2,"CARDINAL,ORG",frequent 500 errors,performance,7
2289,2026-08-02,Initech,Startup,FlowPilot,praise,positive,"FlowPilot has completely streamlined reporting for Initech, couldn't be happier with the results.",positive,0.9536026266668255,2,ORG,the results,unknown,3
2290,2026-07-20,Soylent Corp,Enterprise,InsightBoard,support,negative,Opened a ticket about InsightBoard five days ago and still no response from support.,negative,0.7276515661837327,2,"DATE,ORG",still no response,support,6
2291,2025-11-19,Wayne Analytics,Startup,InsightBoard,feature_request,neutral,Would love to see a dark mode added to InsightBoard in a future release.,neutral,0.834952071949089,1,ORG,a future release,unknown,4
2292,2026-03-14,Soylent Corp,Startup,DataSync Pro,feature_request,neutral,It would help Soylent Corp a lot if DataSync Pro supported bulk export to Excel.,neutral,0.8481962505956652,2,"ORG,PRODUCT",Soylent Corp,unknown,7
2293,2025-11-24,Globex Inc,Startup,QuickReport,praise,positive,"QuickReport has completely streamlined reporting for Globex Inc, couldn't be happier with the results.",positive,0.9244941623594598,2,"ORG,PERSON",the results,unknown,3
2294,2026-01-20,Acme Corp,Enterprise,FlowPilot,support,neutral,Opened a ticket about FlowPilot five days ago and still no response from support.,negative,0.8021477738425319,2,"DATE,ORG",still no response,support,6
2295,2026-07-24,Soylent Corp,Enterprise,FlowPilot,performance,negative,We're seeing frequent 500 errors in FlowPilot during peak hours.,negative,0.8245280845059025,2,"CARDINAL,ORG",frequent 500 errors,performance,7
2296,2026-02-04,Stark Data Systems,Startup,InsightBoard,praise,positive,"InsightBoard has completely streamlined reporting for Stark Data Systems, couldn't be happier with the results.",positive,0.9558588907252935,2,ORG,Stark Data Systems,unknown,0
2297,2026-04-03,Cyberdyne Systems,Startup,DataSync Pro,support,negative,The support team at Cyberdyne Systems keeps closing our DataSync Pro tickets without actually resolving the issue.,negative,0.8795980843730453,2,ORG,our DataSync Pro tickets,support,6
2298,2026-02-19,Acme Corp,Enterprise,DataSync Pro,billing,negative,We were double-charged for DataSync Pro this month and support at Acme Corp has been slow to respond.,negative,0.842268641633402,2,"DATE,ORG",DataSync Pro,bug,6
2299,2026-07-12,Acme Corp,Enterprise,DataSync Pro,feature_request,positive,Would love to see a dark mode added to DataSync Pro in a future release.,neutral,0.7402102656028492,1,PRODUCT,a future release,unknown,4
2300,2026-07-28,Umbrella Labs,Startup,InsightBoard,bug,negative,Found a bug in InsightBoard where exported reports show the wrong currency symbol.,negative,0.6628158991728411,1,ORG,the wrong currency symbol,unknown,7
2301,2026-03-23,Acme Corp,Enterprise,InsightBoard,performance,negative,We're seeing frequent 500 errors in InsightBoard during peak hours.,negative,0.6515610966645977,2,"CARDINAL,ORG",frequent 500 errors,performance,7
2302,2026-02-14,Stark Data Systems,Startup,QuickReport,support,negative,Opened a ticket about QuickReport five days ago and still no response from support.,negative,0.7367195099860478,2,"DATE,ORG",still no response,support,6
2303,2026-01-09,Stark Data Systems,Enterprise,QuickReport,performance,negative,"QuickReport has been timing out constantly since the last update, our team at Stark Data Systems can't get work done.",negative,0.8141163720901837,2,ORG,Stark Data Systems,unknown,7
2304,2026-02-19,Stark Data Systems,SMB,DataSync Pro,feature_request,neutral,It would help Stark Data Systems a lot if DataSync Pro supported bulk export to Excel.,neutral,0.7843169933224262,2,"ORG,PRODUCT",Stark Data Systems,unknown,0
2305,2026-07-27,Soylent Corp,Startup,FlowPilot,support,negative,The support team at Soylent Corp keeps closing our FlowPilot tickets without actually resolving the issue.,negative,0.8005073877185015,2,ORG,our FlowPilot tickets,support,6
2306,2026-05-19,Cyberdyne Systems,Enterprise,FlowPilot,performance,negative,"FlowPilot has been timing out constantly since the last update, our team at Cyberdyne Systems can't get work done.",negative,0.8909485126122276,2,ORG,Cyberdyne Systems,unknown,7
2307,2026-09-22,Hooli,Startup,InsightBoard,performance,negative,We're seeing frequent 500 errors in InsightBoard during peak hours.,negative,0.6515610966645977,2,"CARDINAL,ORG",frequent 500 errors,performance,7
2308,2026-05-18,Umbrella Labs,Startup,InsightBoard,praise,neutral,"The new InsightBoard update is fantastic, our team at Umbrella Labs loves the redesigned interface.",positive,0.9038168296034553,2,ORG,The new InsightBoard update,unknown,7
2309,2026-01-07,Globex Inc,Enterprise,MetricHub,praise,neutral,"The new MetricHub update is fantastic, our team at Globex Inc loves the redesigned interface.",positive,0.8627978685924417,2,"FAC,ORG",The new MetricHub update,unknown,7
2310,2026-07-21,Initech,Startup,DataSync Pro,bug,negative,DataSync Pro's new filter feature crashes the app when we select more than 5 tags.,negative,0.9016175535663691,1,CARDINAL,DataSync Pro's new filter feature,bug,5
2311,2026-02-12,Acme Corp,Startup,FlowPilot,performance,negative,"Dashboard loads take over 30 seconds in FlowPilot, this is unacceptable for Acme Corp's reporting needs.",negative,0.859102047604306,4,"ORG,PERSON,TIME",Acme Corp's reporting needs,unknown,3
2312,2026-08-04,Cyberdyne Systems,SMB,DataSync Pro,onboarding,neutral,"Setup for DataSync Pro took longer than expected, would be nice to have a clearer setup wizard.",neutral,0.6914222084479202,0,,a clearer setup wizard,onboarding,3
2313,2026-04-11,Initech,SMB,QuickReport,feature_request,neutral,It would help Initech a lot if QuickReport supported bulk export to Excel.,neutral,0.6541409105209183,3,"NORP,ORG,PRODUCT",bulk export,bug,7
2314,2026-01-06,Globex Inc,SMB,QuickReport,support,negative,Support wait times for QuickReport have gotten noticeably worse this quarter.,negative,0.8542249179194534,2,"DATE,ORG",Support,support,6
2315,2026-09-20,Acme Corp,SMB,DataSync Pro,bug,negative,Data sync between DataSync Pro and our CRM has been dropping records intermittently.,negative,0.8603474287724876,1,PRODUCT,DataSync Pro,bug,0
2316,2026-03-16,Cyberdyne Systems,Startup,FlowPilot,bug,negative,Data sync between FlowPilot and our CRM has been dropping records intermittently.,negative,0.7266052827531411,2,"ORG,PRODUCT",Data sync,bug,0
2317,2026-02-16,Stark Data Systems,Startup,InsightBoard,praise,positive,Support resolved our InsightBoard issue within the hour -- great experience overall.,positive,0.9114717590129222,2,"ORG,TIME",our InsightBoard issue,unknown,6
2318,2026-09-17,Stark Data Systems,Enterprise,DataSync Pro,feature_request,neutral,It would help Stark Data Systems a lot if DataSync Pro supported bulk export to Excel.,neutral,0.7843169933224262,2,"ORG,PRODUCT",Stark Data Systems,unknown,0
2319,2026-03-19,Hooli,Startup,InsightBoard,billing,negative,The invoice for InsightBoard doesn't match our contract pricing -- billing needs to fix this ASAP.,negative,0.7444367890345324,2,ORG,our contract pricing,billing,3
2320,2026-06-23,Soylent Corp,SMB,QuickReport,billing,negative,We were double-charged for QuickReport this month and support at Soylent Corp has been slow to respond.,negative,0.8624384811446423,3,"DATE,ORG",Soylent Corp,unknown,6
2321,2026-07-11,Cyberdyne Systems,Enterprise,QuickReport,onboarding,neutral,The onboarding docs for QuickReport are a bit outdated but our team at Cyberdyne Systems figured it out eventually.,neutral,0.7429532244515146,2,ORG,The onboarding docs,onboarding,0
2322,2026-09-12,Globex Inc,Enterprise,InsightBoard,praise,neutral,"InsightBoard has completely streamlined reporting for Globex Inc, couldn't be happier with the results.",positive,0.9268900984878469,2,"ORG,PERSON",the results,unknown,3
2323,2026-07-05,Acme Corp,Enterprise,FlowPilot,bug,negative,FlowPilot's new filter feature crashes the app when we select more than 5 tags.,negative,0.8849345975804095,2,"CARDINAL,ORG",FlowPilot's new filter feature,unknown,5
2324,2025-11-08,Stark Data Systems,Enterprise,InsightBoard,performance,negative,"InsightBoard has been timing out constantly since the last update, our team at Stark Data Systems can't get work done.",negative,0.8027047667432899,2,ORG,Stark Data Systems,unknown,7
2325,2025-12-05,Hooli,Startup,DataSync Pro,praise,positive,Support resolved our DataSync Pro issue within the hour -- great experience overall.,positive,0.9274944164591788,2,"ORG,TIME",our DataSync Pro issue,bug,6
2326,2025-11-12,Wayne Analytics,SMB,DataSync Pro,feature_request,positive,Any plans to add SSO support to DataSync Pro? We'd need that to expand usage at Wayne Analytics.,neutral,0.7866520174173676,2,ORG,Wayne Analytics,unknown,2
2327,2025-12-16,Soylent Corp,Startup,FlowPilot,billing,negative,The invoice for FlowPilot doesn't match our contract pricing -- billing needs to fix this ASAP.,negative,0.8332377145867494,2,ORG,our contract pricing,billing,3
2328,2026-03-05,Massive Dynamic,Enterprise,QuickReport,feature_request,positive,It would help Massive Dynamic a lot if QuickReport supported bulk export to Excel.,neutral,0.5974606188752115,3,"ORG,PERSON,PRODUCT",Massive Dynamic,unknown,7
2329,2026-07-24,Hooli,SMB,InsightBoard,support,negative,Opened a ticket about InsightBoard five days ago and still no response from support.,negative,0.7276515661837327,2,"DATE,ORG",still no response,support,6
2330,2025-10-12,Cyberdyne Systems,Startup,FlowPilot,praise,positive,FlowPilot just works. Rock solid uptime and the Cyberdyne Systems team is very satisfied.,positive,0.923500786221463,2,ORG,the Cyberdyne Systems team,unknown,0
2331,2026-06-06,Cyberdyne Systems,Enterprise,DataSync Pro,bug,negative,Data sync between DataSync Pro and our CRM has been dropping records intermittently.,negative,0.8603474287724876,1,PRODUCT,DataSync Pro,bug,0
2332,2026-05-27,Wayne Analytics,SMB,InsightBoard,praise,neutral,Support resolved our InsightBoard issue within the hour -- great experience overall.,positive,0.9114717590129222,2,"ORG,TIME",our InsightBoard issue,unknown,6
2333,2026-07-08,Cyberdyne Systems,Enterprise,FlowPilot,billing,neutral,Getting a refund for the FlowPilot overcharge took three weeks. Very frustrating billing process.,negative,0.8515634727305043,2,"DATE,ORG",Very frustrating billing process,billing,3
2334,2026-01-14,Umbrella Labs,Enterprise,DataSync Pro,performance,negative,"Dashboard loads take over 30 seconds in DataSync Pro, this is unacceptable for Umbrella Labs's reporting needs.",negative,0.8861747216201045,3,"ORG,PERSON,TIME",Umbrella Labs's reporting needs,unknown,3
2335,2025-11-10,Hooli,SMB,QuickReport,billing,negative,The invoice for QuickReport doesn't match our contract pricing -- billing needs to fix this ASAP.,negative,0.8224288397930526,2,ORG,our contract pricing,billing,3
2336,2026-03-06,Massive Dynamic,SMB,DataSync Pro,support,negative,The support team at Massive Dynamic keeps closing our DataSync Pro tickets without actually resolving the issue.,negative,0.8650702435525846,2,ORG,our DataSync Pro tickets,support,6
2337,2026-09-03,Soylent Corp,SMB,DataSync Pro,performance,negative,"Dashboard loads take over 30 seconds in DataSync Pro, this is unacceptable for Soylent Corp's reporting needs.",negative,0.9033764419768786,3,"ORG,PERSON,TIME",Soylent Corp's reporting needs,unknown,3
2338,2025-11-11,Globex Inc,Enterprise,FlowPilot,support,negative,Support wait times for FlowPilot have gotten noticeably worse this quarter.,negative,0.8773696561949629,2,"DATE,ORG",Support,support,6
2339,2026-04-01,Soylent Corp,Startup,FlowPilot,performance,neutral,We're seeing frequent 500 errors in FlowPilot during peak hours.,negative,0.8245280845059025,2,"CARDINAL,ORG",frequent 500 errors,performance,7
2340,2026-01-14,Hooli,Enterprise,FlowPilot,bug,negative,Data sync between FlowPilot and our CRM has been dropping records intermittently.,negative,0.7266052827531411,2,"ORG,PRODUCT",Data sync,bug,0
2341,2026-05-12,Globex Inc,SMB,MetricHub,support,negative,Support wait times for MetricHub have gotten noticeably worse this quarter.,negative,0.7896377312304317,2,"DATE,ORG",Support,support,6
2342,2025-10-26,Wayne Analytics,SMB,MetricHub,praise,positive,MetricHub just works. Rock solid uptime and the Wayne Analytics team is very satisfied.,positive,0.9147034281389258,1,ORG,the Wayne Analytics team,unknown,0
2343,2025-10-05,Soylent Corp,Startup,FlowPilot,performance,negative,"Dashboard loads take over 30 seconds in FlowPilot, this is unacceptable for Soylent Corp's reporting needs.",negative,0.8682356700124454,4,"ORG,PERSON,TIME",Soylent Corp's reporting needs,unknown,3
2344,2026-05-27,Cyberdyne Systems,Enterprise,InsightBoard,billing,negative,The invoice for InsightBoard doesn't match our contract pricing -- billing needs to fix this ASAP.,negative,0.7444367890345324,2,ORG,our contract pricing,billing,3
2345,2026-04-10,Massive Dynamic,Enterprise,FlowPilot,onboarding,neutral,New team members at Massive Dynamic find the FlowPilot admin console confusing at first.,neutral,0.7231848948414125,3,"ORDINAL,ORG",the FlowPilot admin console,onboarding,1
2346,2025-09-20,Massive Dynamic,SMB,FlowPilot,billing,negative,We were double-charged for FlowPilot this month and support at Massive Dynamic has been slow to respond.,negative,0.8269101332111982,3,"DATE,ORG",Massive Dynamic,unknown,6
2347,2026-07-10,Stark Data Systems,SMB,FlowPilot,feature_request,neutral,It would help Stark Data Systems a lot if FlowPilot supported bulk export to Excel.,neutral,0.8203574454501703,3,"ORG,PRODUCT",Stark Data Systems,unknown,0
2348,2026-01-12,Soylent Corp,Enterprise,InsightBoard,praise,positive,"InsightBoard has completely streamlined reporting for Soylent Corp, couldn't be happier with the results.",positive,0.9427405381405338,2,ORG,Soylent Corp,unknown,3
2349,2026-07-02,Massive Dynamic,SMB,InsightBoard,bug,negative,Found a bug in InsightBoard where exported reports show the wrong currency symbol.,negative,0.6628158991728411,1,ORG,the wrong currency symbol,unknown,7
2350,2026-08-13,Wayne Analytics,Startup,DataSync Pro,onboarding,neutral,The onboarding docs for DataSync Pro are a bit outdated but our team at Wayne Analytics figured it out eventually.,neutral,0.7452408886405365,1,ORG,The onboarding docs,onboarding,0
2351,2025-11-24,Globex Inc,Enterprise,MetricHub,performance,negative,"MetricHub has been timing out constantly since the last update, our team at Globex Inc can't get work done.",negative,0.781941276619888,2,"FAC,ORG",the last update,unknown,7
2352,2026-02-15,Massive Dynamic,SMB,FlowPilot,performance,negative,We're seeing frequent 500 errors in FlowPilot during peak hours.,negative,0.8245280845059025,2,"CARDINAL,ORG",frequent 500 errors,performance,7
2353,2026-04-02,Umbrella Labs,Startup,MetricHub,feature_request,neutral,Any plans to add SSO support to MetricHub? We'd need that to expand usage at Umbrella Labs.,neutral,0.8979423298568285,3,ORG,Umbrella Labs,unknown,2
2354,2026-06-24,Wayne Analytics,Enterprise,DataSync Pro,billing,negative,The invoice for DataSync Pro doesn't match our contract pricing -- billing needs to fix this ASAP.,negative,0.8724593560081184,1,ORG,our contract pricing,billing,3
2355,2025-10-11,Hooli,Startup,MetricHub,feature_request,neutral,Would love to see a dark mode added to MetricHub in a future release.,neutral,0.6839478219854184,1,ORG,a future release,unknown,4
2356,2025-09-06,Stark Data Systems,SMB,FlowPilot,feature_request,neutral,Any plans to add SSO support to FlowPilot? We'd need that to expand usage at Stark Data Systems.,neutral,0.6712932944804958,3,ORG,Stark Data Systems,unknown,2
2357,2026-09-07,Globex Inc,Enterprise,FlowPilot,feature_request,neutral,It would help Globex Inc a lot if FlowPilot supported bulk export to Excel.,neutral,0.9180292194740965,3,"ORG,PERSON,PRODUCT",bulk export,bug,7
2358,2026-05-28,Stark Data Systems,Startup,MetricHub,onboarding,neutral,"Setup for MetricHub took longer than expected, would be nice to have a clearer setup wizard.",neutral,0.7774885708471921,1,ORG,a clearer setup wizard,onboarding,3
2359,2026-04-07,Initech,Startup,InsightBoard,praise,positive,Support resolved our InsightBoard issue within the hour -- great experience overall.,positive,0.9114717590129222,2,"ORG,TIME",our InsightBoard issue,unknown,6
2360,2026-05-22,Stark Data Systems,SMB,QuickReport,praise,positive,QuickReport just works. Rock solid uptime and the Stark Data Systems team is very satisfied.,positive,0.9237828972023479,2,ORG,the Stark Data Systems team,unknown,0
2361,2026-01-09,Hooli,Startup,QuickReport,billing,negative,Getting a refund for the QuickReport overcharge took three weeks. Very frustrating billing process.,negative,0.8895528677098382,2,"DATE,ORG",Very frustrating billing process,billing,3
2362,2026-07-05,Umbrella Labs,SMB,DataSync Pro,billing,negative,The invoice for DataSync Pro doesn't match our contract pricing -- billing needs to fix this ASAP.,negative,0.8724593560081184,1,ORG,our contract pricing,billing,3
2363,2026-02-04,Massive Dynamic,Startup,MetricHub,support,negative,The support team at Massive Dynamic keeps closing our MetricHub tickets without actually resolving the issue.,negative,0.7528820478082637,2,ORG,our MetricHub tickets,support,6
2364,2025-10-20,Initech,Enterprise,InsightBoard,performance,negative,"InsightBoard has been timing out constantly since the last update, our team at Initech can't get work done.",negative,0.7856116302524105,2,ORG,the last update,unknown,7
2365,2026-03-21,Cyberdyne Systems,Startup,FlowPilot,support,negative,Support wait times for FlowPilot have gotten noticeably worse this quarter.,negative,0.8773696561949629,2,"DATE,ORG",Support,support,6
2366,2026-05-01,Soylent Corp,SMB,FlowPilot,onboarding,neutral,"Setup for FlowPilot took longer than expected, would be nice to have a clearer setup wizard.",neutral,0.712107551866232,1,ORG,a clearer setup wizard,onboarding,3
2367,2025-11-15,Wayne Analytics,SMB,InsightBoard,support,negative,The support team at Wayne Analytics keeps closing our InsightBoard tickets without actually resolving the issue.,negative,0.7980846088791216,2,ORG,our InsightBoard tickets,support,6
2368,2025-11-22,Umbrella Labs,Startup,MetricHub,praise,positive,MetricHub just works. Rock solid uptime and the Umbrella Labs team is very satisfied.,positive,0.9075434131022753,2,ORG,the Umbrella Labs team,unknown,0
2369,2026-06-03,Hooli,Startup,DataSync Pro,bug,negative,DataSync Pro's new filter feature crashes the app when we select more than 5 tags.,negative,0.9016175535663691,1,CARDINAL,DataSync Pro's new filter feature,bug,5
2370,2025-12-24,Soylent Corp,Enterprise,InsightBoard,feature_request,neutral,It would help Soylent Corp a lot if InsightBoard supported bulk export to Excel.,neutral,0.796570612405483,3,"ORG,PRODUCT",Soylent Corp,unknown,7
2371,2026-04-22,Stark Data Systems,SMB,InsightBoard,onboarding,neutral,"Setup for InsightBoard took longer than expected, would be nice to have a clearer setup wizard.",neutral,0.8195783722305164,1,ORG,a clearer setup wizard,onboarding,3
2372,2025-11-20,Acme Corp,Startup,MetricHub,bug,negative,Found a bug in MetricHub where exported reports show the wrong currency symbol.,negative,0.8149342942734071,1,ORG,the wrong currency symbol,unknown,7
2373,2026-09-10,Hooli,Enterprise,FlowPilot,support,negative,Support wait times for FlowPilot have gotten noticeably worse this quarter.,negative,0.8773696561949629,2,"DATE,ORG",Support,support,6
2374,2026-05-05,Massive Dynamic,SMB,QuickReport,onboarding,neutral,New team members at Massive Dynamic find the QuickReport admin console confusing at first.,neutral,0.8789329834664181,3,"ORDINAL,ORG",the QuickReport admin console,onboarding,1
2375,2025-12-07,Globex Inc,SMB,DataSync Pro,bug,negative,Data sync between DataSync Pro and our CRM has been dropping records intermittently.,negative,0.8603474287724876,1,PRODUCT,DataSync Pro,bug,0
2376,2026-09-25,Stark Data Systems,Enterprise,QuickReport,billing,negative,Getting a refund for the QuickReport overcharge took three weeks. Very frustrating billing process.,negative,0.8895528677098382,2,"DATE,ORG",Very frustrating billing process,billing,3
2377,2026-09-07,Soylent Corp,SMB,FlowPilot,feature_request,neutral,It would help Soylent Corp a lot if FlowPilot supported bulk export to Excel.,neutral,0.876365881752019,3,"ORG,PRODUCT",Soylent Corp,unknown,7
2378,2026-07-04,Stark Data Systems,SMB,InsightBoard,bug,negative,Data sync between InsightBoard and our CRM has been dropping records intermittently.,negative,0.784861856413665,2,"ORG,PRODUCT",Data sync,bug,0
2379,2026-05-13,Wayne Analytics,Startup,MetricHub,feature_request,neutral,Any plans to add SSO support to MetricHub? We'd need that to expand usage at Wayne Analytics.,neutral,0.9157644331180924,3,ORG,Wayne Analytics,unknown,2
2380,2026-04-06,Massive Dynamic,SMB,FlowPilot,performance,negative,"Dashboard loads take over 30 seconds in FlowPilot, this is unacceptable for Massive Dynamic's reporting needs.",negative,0.7506027253865912,4,"ORG,PERSON,TIME",Massive Dynamic's reporting needs,unknown,3
2381,2026-05-27,Hooli,Enterprise,InsightBoard,praise,neutral,Support resolved our InsightBoard issue within the hour -- great experience overall.,positive,0.9114717590129222,2,"ORG,TIME",our InsightBoard issue,unknown,6
2382,2026-06-21,Acme Corp,SMB,DataSync Pro,support,negative,The support team at Acme Corp keeps closing our DataSync Pro tickets without actually resolving the issue.,negative,0.8634908753590524,2,ORG,our DataSync Pro tickets,support,6
2383,2025-09-20,Hooli,Startup,QuickReport,bug,neutral,QuickReport's new filter feature crashes the app when we select more than 5 tags.,negative,0.8387219356211374,2,"CARDINAL,ORG",QuickReport's new filter feature,unknown,5
2384,2025-10-20,Cyberdyne Systems,Startup,MetricHub,performance,negative,"MetricHub has been timing out constantly since the last update, our team at Cyberdyne Systems can't get work done.",negative,0.8131287349854728,2,ORG,Cyberdyne Systems,unknown,7
2385,2026-06-08,Hooli,SMB,DataSync Pro,onboarding,neutral,New team members at Hooli find the DataSync Pro admin console confusing at first.,neutral,0.8967901942616545,3,"GPE,ORDINAL,ORG",the DataSync Pro admin console,bug,1
2386,2025-09-24,Massive Dynamic,SMB,DataSync Pro,performance,negative,We're seeing frequent 500 errors in DataSync Pro during peak hours.,negative,0.8848384183212116,2,"CARDINAL,ORG",frequent 500 errors,performance,7
2387,2025-12-28,Hooli,Startup,MetricHub,onboarding,neutral,New team members at Hooli find the MetricHub admin console confusing at first.,neutral,0.9337980327509264,3,"GPE,ORDINAL,ORG",the MetricHub admin console,onboarding,1
2388,2026-04-23,Wayne Analytics,Enterprise,QuickReport,performance,negative,"Dashboard loads take over 30 seconds in QuickReport, this is unacceptable for Wayne Analytics's reporting needs.",negative,0.7923728413486583,4,"ORG,PERSON,TIME",Wayne Analytics's reporting needs,unknown,3
2389,2025-09-07,Acme Corp,Enterprise,InsightBoard,performance,neutral,"Dashboard loads take over 30 seconds in InsightBoard, this is unacceptable for Acme Corp's reporting needs.",negative,0.7740585126280008,4,"ORG,PERSON,TIME",Acme Corp's reporting needs,unknown,3
2390,2026-06-15,Massive Dynamic,Startup,QuickReport,onboarding,neutral,"Setup for QuickReport took longer than expected, would be nice to have a clearer setup wizard.",neutral,0.8864772034004458,1,ORG,a clearer setup wizard,onboarding,3
2391,2025-10-26,Massive Dynamic,Startup,MetricHub,performance,negative,"MetricHub has been timing out constantly since the last update, our team at Massive Dynamic can't get work done.",negative,0.7883523729103415,2,ORG,the last update,unknown,7
2392,2026-08-03,Acme Corp,SMB,QuickReport,onboarding,neutral,"Setup for QuickReport took longer than expected, would be nice to have a clearer setup wizard.",neutral,0.8864772034004458,1,ORG,a clearer setup wizard,onboarding,3
2393,2026-04-28,Initech,Startup,FlowPilot,billing,negative,Getting a refund for the FlowPilot overcharge took three weeks. Very frustrating billing process.,negative,0.8515634727305043,2,"DATE,ORG",Very frustrating billing process,billing,3
2394,2026-05-04,Hooli,Startup,InsightBoard,bug,neutral,Found a bug in InsightBoard where exported reports show the wrong currency symbol.,negative,0.6628158991728411,1,ORG,the wrong currency symbol,unknown,7
2395,2026-04-27,Soylent Corp,SMB,DataSync Pro,feature_request,neutral,Any plans to add SSO support to DataSync Pro? We'd need that to expand usage at Soylent Corp.,neutral,0.6927537234748471,2,ORG,Soylent Corp.,unknown,2
2396,2026-09-02,Stark Data Systems,Startup,FlowPilot,feature_request,neutral,Would love to see a dark mode added to FlowPilot in a future release.,neutral,0.7772544021112159,1,ORG,a future release,unknown,4
2397,2026-09-04,Soylent Corp,SMB,FlowPilot,support,negative,The support team at Soylent Corp keeps closing our FlowPilot tickets without actually resolving the issue.,negative,0.8005073877185015,2,ORG,our FlowPilot tickets,support,6
2398,2026-08-06,Stark Data Systems,Enterprise,MetricHub,billing,negative,We were double-charged for MetricHub this month and support at Stark Data Systems has been slow to respond.,negative,0.8387224048761455,3,"DATE,ORG",Stark Data Systems,unknown,6
2399,2026-09-16,Wayne Analytics,Enterprise,QuickReport,support,neutral,The support team at Wayne Analytics keeps closing our QuickReport tickets without actually resolving the issue.,negative,0.7424655933481182,2,ORG,our QuickReport tickets,support,6
2400,2026-08-03,Globex Inc,Startup,InsightBoard,performance,negative,"Dashboard loads take over 30 seconds in InsightBoard, this is unacceptable for Globex Inc's reporting needs.",negative,0.8007621987502942,4,"ORG,PERSON,TIME",Globex Inc's reporting needs,unknown,3
